ISO-10303-21;
HEADER;
FILE_DESCRIPTION (( 'STEP AP214' ),
    '1' );
FILE_NAME ('MYOSA_ESP-32.STEP',
    '2026-07-31T14:12:56',
    ( '' ),
    ( '' ),
    'SwSTEP 2.0',
    'SolidWorks 2026',
    '' );
FILE_SCHEMA (( 'AUTOMOTIVE_DESIGN' ));
ENDSEC;

DATA;
#1 = ORIENTED_EDGE ( 'NONE', *, *, #4875, .T. ) ;
#2 = CARTESIAN_POINT ( 'NONE',  ( -13.32999999999999474, 11.09999999999999964, 20.25000000000000000 ) ) ;
#3 = EDGE_CURVE ( 'NONE', #1314, #251, #2976, .T. ) ;
#4 = CARTESIAN_POINT ( 'NONE',  ( -3.169999999999992379, 1.600000000000000089, 19.25000000000000000 ) ) ;
#5 = CARTESIAN_POINT ( 'NONE',  ( -24.39999999999999147, 11.09999999999999964, -20.90000000000000213 ) ) ;
#6 = ORIENTED_EDGE ( 'NONE', *, *, #4191, .F. ) ;
#7 = DIRECTION ( 'NONE',  ( 1.000000000000000000, 0.000000000000000000, 0.000000000000000000 ) ) ;
#8 = CARTESIAN_POINT ( 'NONE',  ( -17.40999999999999659, 11.09999999999999964, -19.25000000000000000 ) ) ;
#9 = CARTESIAN_POINT ( 'NONE',  ( 0.000000000000000000, 1.600000000000000089, 0.000000000000000000 ) ) ;
#10 = ORIENTED_EDGE ( 'NONE', *, *, #1283, .F. ) ;
#11 = VERTEX_POINT ( 'NONE', #111 ) ;
#12 = ADVANCED_FACE ( 'NONE', ( #4623 ), #4969, .T. ) ;
#13 = DIRECTION ( 'NONE',  ( 1.000000000000000000, 0.000000000000000000, 0.000000000000000000 ) ) ;
#14 = PLANE ( 'NONE',  #2862 ) ;
#15 = ORIENTED_EDGE ( 'NONE', *, *, #778, .F. ) ;
#16 = ORIENTED_EDGE ( 'NONE', *, *, #1152, .F. ) ;
#17 = VECTOR ( 'NONE', #4203, 1000.000000000000000 ) ;
#18 = ORIENTED_EDGE ( 'NONE', *, *, #3478, .T. ) ;
#19 = DIRECTION ( 'NONE',  ( -0.000000000000000000, -1.000000000000000000, -0.000000000000000000 ) ) ;
#20 = ORIENTED_EDGE ( 'NONE', *, *, #4097, .F. ) ;
#21 = CARTESIAN_POINT ( 'NONE',  ( 33.50000000000000000, 1.600000000000000089, -16.50000000000000000 ) ) ;
#22 = VECTOR ( 'NONE', #3076, 1000.000000000000000 ) ;
#23 = CARTESIAN_POINT ( 'NONE',  ( -3.169999999999992379, 11.09999999999999964, -20.25000000000000000 ) ) ;
#24 = ORIENTED_EDGE ( 'NONE', *, *, #2498, .F. ) ;
#25 = EDGE_LOOP ( 'NONE', ( #4638, #4006, #5068, #3133 ) ) ;
#26 = VECTOR ( 'NONE', #5095, 1000.000000000000000 ) ;
#27 = LINE ( 'NONE', #2474, #531 ) ;
#28 = ADVANCED_FACE ( 'NONE', ( #2179 ), #3799, .F. ) ;
#29 = DIRECTION ( 'NONE',  ( -1.000000000000000000, -0.000000000000000000, -0.000000000000000000 ) ) ;
#30 = VECTOR ( 'NONE', #1361, 1000.000000000000000 ) ;
#31 = CARTESIAN_POINT ( 'NONE',  ( -20.94999999999999574, 11.09999999999999964, -20.25000000000000000 ) ) ;
#32 = ORIENTED_EDGE ( 'NONE', *, *, #4639, .F. ) ;
#33 = ADVANCED_FACE ( 'NONE', ( #182 ), #3427, .F. ) ;
#34 = EDGE_CURVE ( 'NONE', #1928, #537, #1059, .T. ) ;
#35 = PLANE ( 'NONE',  #1649 ) ;
#36 = CARTESIAN_POINT ( 'NONE',  ( -10.78999999999999382, 11.09999999999999964, -19.25000000000000000 ) ) ;
#37 = DIRECTION ( 'NONE',  ( -0.000000000000000000, -0.000000000000000000, -1.000000000000000000 ) ) ;
#38 = VERTEX_POINT ( 'NONE', #683 ) ;
#39 = EDGE_LOOP ( 'NONE', ( #1423, #440, #106, #169 ) ) ;
#40 = CARTESIAN_POINT ( 'NONE',  ( -4.709999999999991971, 1.600000000000000089, -19.25000000000000000 ) ) ;
#41 = CARTESIAN_POINT ( 'NONE',  ( -22.48999999999999488, 11.09999999999999964, 20.25000000000000000 ) ) ;
#42 = ORIENTED_EDGE ( 'NONE', *, *, #322, .T. ) ;
#43 = ORIENTED_EDGE ( 'NONE', *, *, #865, .T. ) ;
#44 = VECTOR ( 'NONE', #1194, 1000.000000000000000 ) ;
#45 = EDGE_LOOP ( 'NONE', ( #548, #4067, #3660, #1934 ) ) ;
#46 = CARTESIAN_POINT ( 'NONE',  ( -24.39999999999999147, 1.600000000000000089, -20.90000000000000213 ) ) ;
#47 = CARTESIAN_POINT ( 'NONE',  ( 0.3700000000000092104, 11.09999999999999964, 20.25000000000000000 ) ) ;
#48 = ORIENTED_EDGE ( 'NONE', *, *, #636, .T. ) ;
#49 = LINE ( 'NONE', #3297, #3862 ) ;
#50 = EDGE_CURVE ( 'NONE', #4835, #4907, #4696, .T. ) ;
#51 = FACE_OUTER_BOUND ( 'NONE', #841, .T. ) ;
#52 = ORIENTED_EDGE ( 'NONE', *, *, #1661, .F. ) ;
#53 = PLANE ( 'NONE',  #4182 ) ;
#54 = CARTESIAN_POINT ( 'NONE',  ( -18.40999999999999659, 11.09999999999999964, 20.25000000000000000 ) ) ;
#55 = DIRECTION ( 'NONE',  ( -0.000000000000000000, -1.000000000000000000, -0.000000000000000000 ) ) ;
#56 = VERTEX_POINT ( 'NONE', #2755 ) ;
#57 = EDGE_CURVE ( 'NONE', #5226, #1570, #1031, .T. ) ;
#58 = VECTOR ( 'NONE', #5205, 1000.000000000000000 ) ;
#59 = DIRECTION ( 'NONE',  ( -0.000000000000000000, -1.000000000000000000, -0.000000000000000000 ) ) ;
#60 = LINE ( 'NONE', #36, #3989 ) ;
#61 = CARTESIAN_POINT ( 'NONE',  ( -13.32999999999999474, 11.09999999999999964, -19.25000000000000000 ) ) ;
#62 = AXIS2_PLACEMENT_3D ( 'NONE', #560, #535, #1811 ) ;
#63 = VERTEX_POINT ( 'NONE', #1461 ) ;
#64 = DIRECTION ( 'NONE',  ( 0.000000000000000000, 0.000000000000000000, -1.000000000000000000 ) ) ;
#65 = EDGE_CURVE ( 'NONE', #4270, #150, #1932, .T. ) ;
#66 = VECTOR ( 'NONE', #4214, 1000.000000000000000 ) ;
#67 = ORIENTED_EDGE ( 'NONE', *, *, #4254, .T. ) ;
#68 = CARTESIAN_POINT ( 'NONE',  ( 5.450000000000009948, 1.600000000000000089, -20.25000000000000000 ) ) ;
#69 = DIRECTION ( 'NONE',  ( -1.000000000000000000, 0.000000000000000000, 0.000000000000000000 ) ) ;
#70 = ADVANCED_FACE ( 'NONE', ( #339 ), #3582, .T. ) ;
#71 = ORIENTED_EDGE ( 'NONE', *, *, #2589, .T. ) ;
#72 = ORIENTED_EDGE ( 'NONE', *, *, #2885, .F. ) ;
#73 = EDGE_LOOP ( 'NONE', ( #3897, #763, #3573, #3739 ) ) ;
#74 = PLANE ( 'NONE',  #1831 ) ;
#75 = CARTESIAN_POINT ( 'NONE',  ( 33.50000000000000000, 0.000000000000000000, 18.49999999999999289 ) ) ;
#76 = DIRECTION ( 'NONE',  ( -0.000000000000000000, -0.000000000000000000, 1.000000000000000000 ) ) ;
#77 = ORIENTED_EDGE ( 'NONE', *, *, #1763, .T. ) ;
#78 = LINE ( 'NONE', #1676, #5051 ) ;
#79 = DIRECTION ( 'NONE',  ( -0.000000000000000000, -0.000000000000000000, 1.000000000000000000 ) ) ;
#80 = AXIS2_PLACEMENT_3D ( 'NONE', #4991, #576, #1779 ) ;
#81 = ORIENTED_EDGE ( 'NONE', *, *, #4230, .F. ) ;
#82 = AXIS2_PLACEMENT_3D ( 'NONE', #4133, #4607, #3784 ) ;
#83 = VECTOR ( 'NONE', #4740, 1000.000000000000000 ) ;
#84 = CARTESIAN_POINT ( 'NONE',  ( -17.40999999999999659, 1.600000000000000089, 19.25000000000000000 ) ) ;
#85 = CARTESIAN_POINT ( 'NONE',  ( 29.90000000000000568, -4.400000000000000355, -6.250000000000000000 ) ) ;
#86 = DIRECTION ( 'NONE',  ( 0.000000000000000000, 0.000000000000000000, -1.000000000000000000 ) ) ;
#87 = VERTEX_POINT ( 'NONE', #4719 ) ;
#88 = LINE ( 'NONE', #2533, #3933 ) ;
#89 = CARTESIAN_POINT ( 'NONE',  ( -13.32999999999999474, 1.600000000000000089, -19.25000000000000000 ) ) ;
#90 = ADVANCED_FACE ( 'NONE', ( #4299 ), #5177, .T. ) ;
#91 = CARTESIAN_POINT ( 'NONE',  ( -33.49999999999998579, 1.600000000000000089, -18.50000000000000355 ) ) ;
#92 = VECTOR ( 'NONE', #986, 1000.000000000000000 ) ;
#93 = ORIENTED_EDGE ( 'NONE', *, *, #4199, .T. ) ;
#94 = CARTESIAN_POINT ( 'NONE',  ( -19.94999999999999574, 11.09999999999999964, 20.25000000000000000 ) ) ;
#95 = EDGE_CURVE ( 'NONE', #4241, #1670, #3949, .T. ) ;
#96 = DIRECTION ( 'NONE',  ( -0.000000000000000000, -1.000000000000000000, -0.000000000000000000 ) ) ;
#97 = ADVANCED_FACE ( 'NONE', ( #1906 ), #235, .T. ) ;
#98 = ORIENTED_EDGE ( 'NONE', *, *, #4230, .T. ) ;
#99 = VERTEX_POINT ( 'NONE', #3528 ) ;
#100 = EDGE_CURVE ( 'NONE', #274, #1184, #1882, .T. ) ;
#101 = ORIENTED_EDGE ( 'NONE', *, *, #2526, .F. ) ;
#102 = CARTESIAN_POINT ( 'NONE',  ( 34.30000000000000426, 0.000000000000000000, 6.250000000000000000 ) ) ;
#103 = LINE ( 'NONE', #3421, #1418 ) ;
#104 = CARTESIAN_POINT ( 'NONE',  ( -37.49999999999999289, 4.750000000000000000, -4.400000000000000355 ) ) ;
#105 = ADVANCED_FACE ( 'NONE', ( #3126 ), #3480, .F. ) ;
#106 = ORIENTED_EDGE ( 'NONE', *, *, #608, .F. ) ;
#107 = DIRECTION ( 'NONE',  ( 0.000000000000000000, 0.000000000000000000, -1.000000000000000000 ) ) ;
#108 = VECTOR ( 'NONE', #3637, 1000.000000000000000 ) ;
#109 = DIRECTION ( 'NONE',  ( 1.000000000000000000, 0.000000000000000000, 0.000000000000000000 ) ) ;
#110 = VECTOR ( 'NONE', #559, 1000.000000000000000 ) ;
#111 = CARTESIAN_POINT ( 'NONE',  ( 30.60000000000000497, -4.400000000000000355, 6.250000000000000000 ) ) ;
#112 = CARTESIAN_POINT ( 'NONE',  ( -24.39999999999999147, 1.600000000000000089, 20.90000000000000213 ) ) ;
#113 = LINE ( 'NONE', #536, #1647 ) ;
#114 = ORIENTED_EDGE ( 'NONE', *, *, #968, .T. ) ;
#115 = EDGE_CURVE ( 'NONE', #2615, #2679, #4376, .T. ) ;
#116 = VECTOR ( 'NONE', #2103, 1000.000000000000000 ) ;
#117 = DIRECTION ( 'NONE',  ( -0.000000000000000000, -1.000000000000000000, -0.000000000000000000 ) ) ;
#118 = DIRECTION ( 'NONE',  ( 0.000000000000000000, -0.000000000000000000, -1.000000000000000000 ) ) ;
#119 = CARTESIAN_POINT ( 'NONE',  ( 2.910000000000009912, 11.09999999999999964, -20.25000000000000000 ) ) ;
#120 = ORIENTED_EDGE ( 'NONE', *, *, #4093, .T. ) ;
#121 = VECTOR ( 'NONE', #276, 1000.000000000000000 ) ;
#122 = LINE ( 'NONE', #436, #1355 ) ;
#123 = CARTESIAN_POINT ( 'NONE',  ( -12.32999999999999297, 11.09999999999999964, 19.25000000000000000 ) ) ;
#124 = ORIENTED_EDGE ( 'NONE', *, *, #865, .F. ) ;
#125 = EDGE_LOOP ( 'NONE', ( #2214, #3451, #1736, #18 ) ) ;
#126 = EDGE_CURVE ( 'NONE', #4116, #3892, #2652, .T. ) ;
#127 = ORIENTED_EDGE ( 'NONE', *, *, #2660, .T. ) ;
#128 = CARTESIAN_POINT ( 'NONE',  ( 12.59999999999999964, -5.899999999999997691, 10.50000000000000000 ) ) ;
#129 = LINE ( 'NONE', #602, #4637 ) ;
#130 = CARTESIAN_POINT ( 'NONE',  ( -22.48999999999999488, 11.09999999999999964, -19.25000000000000000 ) ) ;
#131 = ORIENTED_EDGE ( 'NONE', *, *, #4303, .T. ) ;
#132 = DIRECTION ( 'NONE',  ( 0.000000000000000000, -1.000000000000000000, 0.000000000000000000 ) ) ;
#133 = EDGE_CURVE ( 'NONE', #2624, #5063, #3181, .T. ) ;
#134 = ORIENTED_EDGE ( 'NONE', *, *, #3365, .F. ) ;
#135 = VECTOR ( 'NONE', #1752, 1000.000000000000000 ) ;
#136 = LINE ( 'NONE', #5072, #5020 ) ;
#137 = FACE_OUTER_BOUND ( 'NONE', #1623, .T. ) ;
#138 = CARTESIAN_POINT ( 'NONE',  ( 7.990000000000009095, 11.09999999999999964, -20.25000000000000000 ) ) ;
#139 = VERTEX_POINT ( 'NONE', #1110 ) ;
#140 = FACE_OUTER_BOUND ( 'NONE', #1401, .T. ) ;
#141 = CARTESIAN_POINT ( 'NONE',  ( -20.94999999999999574, 1.600000000000000089, -20.25000000000000000 ) ) ;
#142 = LINE ( 'NONE', #4952, #2543 ) ;
#143 = VERTEX_POINT ( 'NONE', #2252 ) ;
#144 = CARTESIAN_POINT ( 'NONE',  ( -7.249999999999992895, 11.09999999999999964, -20.25000000000000000 ) ) ;
#145 = EDGE_CURVE ( 'NONE', #1570, #2430, #4098, .T. ) ;
#146 = PLANE ( 'NONE',  #571 ) ;
#147 = VECTOR ( 'NONE', #4467, 1000.000000000000000 ) ;
#148 = VERTEX_POINT ( 'NONE', #4773 ) ;
#149 = ORIENTED_EDGE ( 'NONE', *, *, #2209, .F. ) ;
#150 = VERTEX_POINT ( 'NONE', #1856 ) ;
#151 = DIRECTION ( 'NONE',  ( -0.000000000000000000, 0.000000000000000000, 1.000000000000000000 ) ) ;
#152 = CARTESIAN_POINT ( 'NONE',  ( 6.990000000000009983, 1.600000000000000089, -20.25000000000000000 ) ) ;
#153 = CARTESIAN_POINT ( 'NONE',  ( -24.39999999999999147, 11.09999999999999964, 20.90000000000000213 ) ) ;
#154 = ORIENTED_EDGE ( 'NONE', *, *, #5149, .F. ) ;
#155 = EDGE_CURVE ( 'NONE', #2679, #3242, #1137, .T. ) ;
#156 = CARTESIAN_POINT ( 'NONE',  ( 0.000000000000000000, 11.09999999999999964, 0.000000000000000000 ) ) ;
#157 = ORIENTED_EDGE ( 'NONE', *, *, #2419, .F. ) ;
#158 =( LENGTH_UNIT ( ) NAMED_UNIT ( * ) SI_UNIT ( .MILLI., .METRE. ) );
#159 = LINE ( 'NONE', #112, #1682 ) ;
#160 = EDGE_CURVE ( 'NONE', #4000, #780, #5182, .T. ) ;
#161 = CARTESIAN_POINT ( 'NONE',  ( -5.709999999999992859, 11.09999999999999964, 20.25000000000000000 ) ) ;
#162 = ORIENTED_EDGE ( 'NONE', *, *, #486, .F. ) ;
#163 = EDGE_CURVE ( 'NONE', #2322, #1947, #3587, .T. ) ;
#164 = VECTOR ( 'NONE', #1547, 1000.000000000000000 ) ;
#165 = DIRECTION ( 'NONE',  ( 0.000000000000000000, 0.000000000000000000, 1.000000000000000000 ) ) ;
#166 = CARTESIAN_POINT ( 'NONE',  ( -3.169999999999992379, 11.09999999999999964, 19.25000000000000000 ) ) ;
#167 = VECTOR ( 'NONE', #204, 1000.000000000000000 ) ;
#168 = PLANE ( 'NONE',  #1426 ) ;
#169 = ORIENTED_EDGE ( 'NONE', *, *, #4730, .T. ) ;
#170 = LINE ( 'NONE', #2616, #2457 ) ;
#171 = DIRECTION ( 'NONE',  ( 0.000000000000000000, -1.000000000000000000, 0.000000000000000000 ) ) ;
#172 = VECTOR ( 'NONE', #3060, 1000.000000000000000 ) ;
#173 = ORIENTED_EDGE ( 'NONE', *, *, #3323, .T. ) ;
#174 = EDGE_LOOP ( 'NONE', ( #2525, #2834, #5201, #2682 ) ) ;
#175 = EDGE_CURVE ( 'NONE', #3712, #4257, #766, .T. ) ;
#176 = ORIENTED_EDGE ( 'NONE', *, *, #736, .F. ) ;
#177 = CARTESIAN_POINT ( 'NONE',  ( -5.709999999999992859, 1.600000000000000089, 20.25000000000000000 ) ) ;
#178 = CARTESIAN_POINT ( 'NONE',  ( -20.94999999999999574, 1.600000000000000089, 20.25000000000000000 ) ) ;
#179 = DIRECTION ( 'NONE',  ( 0.000000000000000000, 1.000000000000000000, 0.000000000000000000 ) ) ;
#180 = ORIENTED_EDGE ( 'NONE', *, *, #3102, .F. ) ;
#181 = FACE_BOUND ( 'NONE', #1808, .T. ) ;
#182 = FACE_OUTER_BOUND ( 'NONE', #1634, .T. ) ;
#183 = DIRECTION ( 'NONE',  ( -1.000000000000000000, -0.000000000000000000, -0.000000000000000000 ) ) ;
#184 = LINE ( 'NONE', #609, #4304 ) ;
#185 = AXIS2_PLACEMENT_3D ( 'NONE', #509, #5018, #210 ) ;
#186 = DIRECTION ( 'NONE',  ( 1.000000000000000000, -0.000000000000000000, 1.196361017915039486E-16 ) ) ;
#187 = VERTEX_POINT ( 'NONE', #1114 ) ;
#188 = EDGE_CURVE ( 'NONE', #4984, #892, #2335, .T. ) ;
#189 = VECTOR ( 'NONE', #4149, 1000.000000000000000 ) ;
#190 = LINE ( 'NONE', #4605, #4695 ) ;
#191 = CARTESIAN_POINT ( 'NONE',  ( -15.86999999999999567, 1.600000000000000089, 20.25000000000000000 ) ) ;
#192 = CARTESIAN_POINT ( 'NONE',  ( 5.450000000000009948, 11.09999999999999964, -20.25000000000000000 ) ) ;
#193 = EDGE_CURVE ( 'NONE', #3930, #4451, #3241, .T. ) ;
#194 = AXIS2_PLACEMENT_3D ( 'NONE', #4002, #5176, #3948 ) ;
#195 = ORIENTED_EDGE ( 'NONE', *, *, #2630, .F. ) ;
#196 = ADVANCED_FACE ( 'NONE', ( #4861 ), #3560, .F. ) ;
#197 = VECTOR ( 'NONE', #5021, 1000.000000000000000 ) ;
#198 = FACE_OUTER_BOUND ( 'NONE', #4332, .T. ) ;
#199 = CARTESIAN_POINT ( 'NONE',  ( -33.49999999999998579, 1.600000000000000089, 16.50000000000000000 ) ) ;
#200 = ORIENTED_EDGE ( 'NONE', *, *, #337, .F. ) ;
#201 = AXIS2_PLACEMENT_3D ( 'NONE', #301, #1919, #2959 ) ;
#202 = CARTESIAN_POINT ( 'NONE',  ( 0.3700000000000092104, 1.600000000000000089, -20.25000000000000000 ) ) ;
#203 = EDGE_LOOP ( 'NONE', ( #4986, #3211, #4661, #4551 ) ) ;
#204 = DIRECTION ( 'NONE',  ( -0.000000000000000000, -0.000000000000000000, -1.000000000000000000 ) ) ;
#205 = LINE ( 'NONE', #653, #4502 ) ;
#206 = FACE_BOUND ( 'NONE', #1057, .T. ) ;
#207 = ORIENTED_EDGE ( 'NONE', *, *, #3365, .T. ) ;
#208 = LINE ( 'NONE', #605, #5203 ) ;
#209 = ORIENTED_EDGE ( 'NONE', *, *, #3051, .T. ) ;
#210 = DIRECTION ( 'NONE',  ( -1.000000000000000000, 0.000000000000000000, -0.000000000000000000 ) ) ;
#211 = CARTESIAN_POINT ( 'NONE',  ( -8.249999999999992895, 1.600000000000000089, -20.25000000000000000 ) ) ;
#212 = EDGE_CURVE ( 'NONE', #2594, #3392, #2761, .T. ) ;
#213 = DIRECTION ( 'NONE',  ( 0.000000000000000000, 0.000000000000000000, 1.000000000000000000 ) ) ;
#214 = ORIENTED_EDGE ( 'NONE', *, *, #2858, .T. ) ;
#215 = VECTOR ( 'NONE', #4563, 1000.000000000000000 ) ;
#216 = PLANE ( 'NONE',  #2200 ) ;
#217 = CARTESIAN_POINT ( 'NONE',  ( -20.94999999999999574, 1.600000000000000089, -19.25000000000000000 ) ) ;
#218 = DIRECTION ( 'NONE',  ( 1.000000000000000000, 0.000000000000000000, 0.000000000000000000 ) ) ;
#219 = EDGE_CURVE ( 'NONE', #3099, #3309, #2735, .T. ) ;
#220 = ORIENTED_EDGE ( 'NONE', *, *, #1377, .F. ) ;
#221 = LINE ( 'NONE', #5084, #4778 ) ;
#222 = CARTESIAN_POINT ( 'NONE',  ( 7.990000000000009095, 11.09999999999999964, 20.25000000000000000 ) ) ;
#223 = EDGE_LOOP ( 'NONE', ( #2861, #572, #2743, #2062 ) ) ;
#224 = CARTESIAN_POINT ( 'NONE',  ( 34.30000000000000426, -2.700000000000000622, 7.449999999999999289 ) ) ;
#225 = EDGE_CURVE ( 'NONE', #2993, #1697, #5262, .T. ) ;
#226 = ORIENTED_EDGE ( 'NONE', *, *, #2754, .T. ) ;
#227 = VECTOR ( 'NONE', #3164, 1000.000000000000000 ) ;
#228 = EDGE_CURVE ( 'NONE', #3410, #1947, #2444, .T. ) ;
#229 = LINE ( 'NONE', #574, #5175 ) ;
#230 = CARTESIAN_POINT ( 'NONE',  ( -20.94999999999999574, 11.09999999999999964, 19.25000000000000000 ) ) ;
#231 = LINE ( 'NONE', #1829, #4156 ) ;
#232 = ORIENTED_EDGE ( 'NONE', *, *, #2472, .F. ) ;
#233 = CARTESIAN_POINT ( 'NONE',  ( -23.48999999999999844, 1.600000000000000089, -20.25000000000000000 ) ) ;
#234 = VECTOR ( 'NONE', #2061, 1000.000000000000000 ) ;
#235 = PLANE ( 'NONE',  #2734 ) ;
#236 = DIRECTION ( 'NONE',  ( -0.000000000000000000, -1.000000000000000000, -0.000000000000000000 ) ) ;
#237 = LINE ( 'NONE', #4749, #2170 ) ;
#238 = CARTESIAN_POINT ( 'NONE',  ( 2.910000000000009912, 1.600000000000000089, -20.25000000000000000 ) ) ;
#239 = ORIENTED_EDGE ( 'NONE', *, *, #3569, .F. ) ;
#240 = LINE ( 'NONE', #1914, #3581 ) ;
#241 = LINE ( 'NONE', #1839, #3682 ) ;
#242 = DIRECTION ( 'NONE',  ( -1.000000000000000000, -0.000000000000000000, -0.000000000000000000 ) ) ;
#243 = CARTESIAN_POINT ( 'NONE',  ( 0.000000000000000000, 0.000000000000000000, 6.250000000000000000 ) ) ;
#244 = ORIENTED_EDGE ( 'NONE', *, *, #1792, .T. ) ;
#245 = AXIS2_PLACEMENT_3D ( 'NONE', #667, #3111, #4334 ) ;
#246 = VECTOR ( 'NONE', #3281, 1000.000000000000000 ) ;
#247 = AXIS2_PLACEMENT_3D ( 'NONE', #5172, #4426, #4029 ) ;
#248 = ADVANCED_FACE ( 'NONE', ( #1517 ), #2812, .F. ) ;
#249 = CARTESIAN_POINT ( 'NONE',  ( -12.32999999999999297, 11.09999999999999964, 20.25000000000000000 ) ) ;
#250 = FACE_OUTER_BOUND ( 'NONE', #1958, .T. ) ;
#251 = VERTEX_POINT ( 'NONE', #1572 ) ;
#252 = DIRECTION ( 'NONE',  ( 1.000000000000000000, 0.000000000000000000, -0.000000000000000000 ) ) ;
#253 = ORIENTED_EDGE ( 'NONE', *, *, #1949, .F. ) ;
#254 = ADVANCED_FACE ( 'NONE', ( #1936 ), #4358, .F. ) ;
#255 = DIRECTION ( 'NONE',  ( 0.000000000000000000, 0.000000000000000000, 1.000000000000000000 ) ) ;
#256 = FACE_OUTER_BOUND ( 'NONE', #4440, .T. ) ;
#257 = ORIENTED_EDGE ( 'NONE', *, *, #2823, .T. ) ;
#258 = VECTOR ( 'NONE', #2107, 1000.000000000000000 ) ;
#259 = ADVANCED_FACE ( 'NONE', ( #2362 ), #4039, .T. ) ;
#260 = FACE_OUTER_BOUND ( 'NONE', #2445, .T. ) ;
#261 = DIRECTION ( 'NONE',  ( -1.000000000000000000, -0.000000000000000000, -0.000000000000000000 ) ) ;
#262 = EDGE_CURVE ( 'NONE', #3468, #2888, #714, .T. ) ;
#263 = DIRECTION ( 'NONE',  ( 0.000000000000000000, 0.000000000000000000, -1.000000000000000000 ) ) ;
#264 = ORIENTED_EDGE ( 'NONE', *, *, #3953, .F. ) ;
#265 = DIRECTION ( 'NONE',  ( -0.000000000000000000, -1.000000000000000000, -0.000000000000000000 ) ) ;
#266 = FACE_OUTER_BOUND ( 'NONE', #2086, .T. ) ;
#267 = ORIENTED_EDGE ( 'NONE', *, *, #4352, .T. ) ;
#268 = DIRECTION ( 'NONE',  ( 0.000000000000000000, 0.000000000000000000, -1.000000000000000000 ) ) ;
#269 = CARTESIAN_POINT ( 'NONE',  ( 33.50000000000000000, 1.600000000000000089, 18.49999999999999289 ) ) ;
#270 = LINE ( 'NONE', #1549, #651 ) ;
#271 = EDGE_CURVE ( 'NONE', #5039, #11, #792, .T. ) ;
#272 = SHAPE_DEFINITION_REPRESENTATION ( #2017, #2653 ) ;
#273 = VECTOR ( 'NONE', #3529, 1000.000000000000000 ) ;
#274 = VERTEX_POINT ( 'NONE', #1911 ) ;
#275 = MECHANICAL_DESIGN_GEOMETRIC_PRESENTATION_REPRESENTATION (  '', ( #952 ), #4855 ) ;
#276 = DIRECTION ( 'NONE',  ( -1.000000000000000000, -0.000000000000000000, -0.000000000000000000 ) ) ;
#277 = CARTESIAN_POINT ( 'NONE',  ( -4.709999999999991971, 11.09999999999999964, -20.25000000000000000 ) ) ;
#278 = VECTOR ( 'NONE', #4569, 1000.000000000000000 ) ;
#279 = ORIENTED_EDGE ( 'NONE', *, *, #155, .F. ) ;
#280 = ADVANCED_FACE ( 'NONE', ( #2018 ), #3641, .T. ) ;
#281 = CARTESIAN_POINT ( 'NONE',  ( -18.40999999999999659, 11.09999999999999964, 19.25000000000000000 ) ) ;
#282 = VECTOR ( 'NONE', #1968, 1000.000000000000000 ) ;
#283 = ORIENTED_EDGE ( 'NONE', *, *, #804, .T. ) ;
#284 = CARTESIAN_POINT ( 'NONE',  ( -33.49999999999998579, 1.600000000000000089, -18.50000000000000355 ) ) ;
#285 = VECTOR ( 'NONE', #2559, 1000.000000000000000 ) ;
#286 = FACE_BOUND ( 'NONE', #820, .T. ) ;
#287 = ORIENTED_EDGE ( 'NONE', *, *, #522, .F. ) ;
#288 = LINE ( 'NONE', #1905, #4610 ) ;
#289 = EDGE_CURVE ( 'NONE', #3242, #1551, #4066, .T. ) ;
#290 = DIRECTION ( 'NONE',  ( -1.000000000000000000, 0.000000000000000000, -0.000000000000000000 ) ) ;
#291 = CARTESIAN_POINT ( 'NONE',  ( 1.910000000000009024, 11.09999999999999964, 19.25000000000000000 ) ) ;
#292 = ORIENTED_EDGE ( 'NONE', *, *, #2916, .F. ) ;
#293 = PLANE ( 'NONE',  #4792 ) ;
#294 = LINE ( 'NONE', #3377, #4094 ) ;
#295 = EDGE_CURVE ( 'NONE', #3650, #1287, #3326, .T. ) ;
#296 = EDGE_LOOP ( 'NONE', ( #3607, #2371, #2505, #3250 ) ) ;
#297 = DIRECTION ( 'NONE',  ( 0.000000000000000000, -1.000000000000000000, 0.000000000000000000 ) ) ;
#298 = CARTESIAN_POINT ( 'NONE',  ( -33.49999999999998579, 0.000000000000000000, -20.50000000000000355 ) ) ;
#299 = CARTESIAN_POINT ( 'NONE',  ( 1.910000000000009024, 11.09999999999999964, 20.25000000000000000 ) ) ;
#300 = ORIENTED_EDGE ( 'NONE', *, *, #3956, .F. ) ;
#301 = CARTESIAN_POINT ( 'NONE',  ( -8.249999999999992895, 11.09999999999999964, -20.25000000000000000 ) ) ;
#302 = DIRECTION ( 'NONE',  ( -0.000000000000000000, -1.000000000000000000, -0.000000000000000000 ) ) ;
#303 = VERTEX_POINT ( 'NONE', #477 ) ;
#304 = DIRECTION ( 'NONE',  ( 1.000000000000000000, -0.000000000000000000, -0.000000000000000000 ) ) ;
#305 = VECTOR ( 'NONE', #1456, 1000.000000000000000 ) ;
#306 = ORIENTED_EDGE ( 'NONE', *, *, #3889, .F. ) ;
#307 = CARTESIAN_POINT ( 'NONE',  ( 30.60000000000000497, -4.400000000000000355, -6.250000000000000000 ) ) ;
#308 = LINE ( 'NONE', #1107, #5081 ) ;
#309 = ORIENTED_EDGE ( 'NONE', *, *, #2219, .T. ) ;
#310 = PLANE ( 'NONE',  #4865 ) ;
#311 = VECTOR ( 'NONE', #974, 1000.000000000000000 ) ;
#312 = CARTESIAN_POINT ( 'NONE',  ( 33.50000000000000000, 0.000000000000000000, 18.49999999999999289 ) ) ;
#313 = FACE_OUTER_BOUND ( 'NONE', #2490, .T. ) ;
#314 = ADVANCED_FACE ( 'NONE', ( #1735 ), #2071, .T. ) ;
#315 = ORIENTED_EDGE ( 'NONE', *, *, #2006, .F. ) ;
#316 = DIRECTION ( 'NONE',  ( 0.000000000000000000, 0.000000000000000000, 1.000000000000000000 ) ) ;
#317 = VECTOR ( 'NONE', #3802, 1000.000000000000000 ) ;
#318 = CARTESIAN_POINT ( 'NONE',  ( -8.249999999999992895, 11.09999999999999964, -19.25000000000000000 ) ) ;
#319 = AXIS2_PLACEMENT_3D ( 'NONE', #1422, #4684, #5140 ) ;
#320 = ORIENTED_EDGE ( 'NONE', *, *, #828, .T. ) ;
#321 = CARTESIAN_POINT ( 'NONE',  ( -14.86999999999999389, 11.09999999999999964, 20.25000000000000000 ) ) ;
#322 = EDGE_CURVE ( 'NONE', #1780, #3423, #3693, .T. ) ;
#323 = CARTESIAN_POINT ( 'NONE',  ( -12.32999999999999297, 11.09999999999999964, 20.25000000000000000 ) ) ;
#324 = CYLINDRICAL_SURFACE ( 'NONE', #3291, 2.000000000000001776 ) ;
#325 = DIRECTION ( 'NONE',  ( 1.000000000000000000, -0.000000000000000000, 0.000000000000000000 ) ) ;
#326 = ORIENTED_EDGE ( 'NONE', *, *, #5046, .F. ) ;
#327 = EDGE_CURVE ( 'NONE', #3777, #4119, #2867, .T. ) ;
#328 = LINE ( 'NONE', #1502, #2918 ) ;
#329 = DIRECTION ( 'NONE',  ( -1.000000000000000000, -0.000000000000000000, -0.000000000000000000 ) ) ;
#330 = VERTEX_POINT ( 'NONE', #4092 ) ;
#331 = DIRECTION ( 'NONE',  ( 0.000000000000000000, -1.000000000000000000, 0.000000000000000000 ) ) ;
#332 = VECTOR ( 'NONE', #777, 1000.000000000000000 ) ;
#333 = ORIENTED_EDGE ( 'NONE', *, *, #665, .F. ) ;
#334 = LINE ( 'NONE', #1643, #4073 ) ;
#335 = DIRECTION ( 'NONE',  ( 0.000000000000000000, -0.000000000000000000, -1.000000000000000000 ) ) ;
#336 = ORIENTED_EDGE ( 'NONE', *, *, #2748, .T. ) ;
#337 = EDGE_CURVE ( 'NONE', #3068, #1391, #3352, .T. ) ;
#338 = FACE_OUTER_BOUND ( 'NONE', #4261, .T. ) ;
#339 = FACE_OUTER_BOUND ( 'NONE', #1585, .T. ) ;
#340 = CYLINDRICAL_SURFACE ( 'NONE', #1209, 2.000000000000001776 ) ;
#341 = ORIENTED_EDGE ( 'NONE', *, *, #4871, .F. ) ;
#342 = CARTESIAN_POINT ( 'NONE',  ( 37.50000000000000711, 1.600000000000000089, 22.49999999999999645 ) ) ;
#343 = VECTOR ( 'NONE', #4295, 1000.000000000000000 ) ;
#344 = DIRECTION ( 'NONE',  ( -0.000000000000000000, -0.000000000000000000, -1.000000000000000000 ) ) ;
#345 = ORIENTED_EDGE ( 'NONE', *, *, #5158, .T. ) ;
#346 = LINE ( 'NONE', #3936, #3333 ) ;
#347 = CARTESIAN_POINT ( 'NONE',  ( -4.709999999999991971, 11.09999999999999964, 20.25000000000000000 ) ) ;
#348 = DIRECTION ( 'NONE',  ( 1.000000000000000000, 0.000000000000000000, 0.000000000000000000 ) ) ;
#349 = LINE ( 'NONE', #3594, #282 ) ;
#350 = ORIENTED_EDGE ( 'NONE', *, *, #459, .T. ) ;
#351 = EDGE_CURVE ( 'NONE', #2624, #4568, #3749, .T. ) ;
#352 = LINE ( 'NONE', #2824, #3426 ) ;
#353 = DIRECTION ( 'NONE',  ( 0.000000000000000000, 1.000000000000000000, 0.000000000000000000 ) ) ;
#354 = DIRECTION ( 'NONE',  ( 0.000000000000000000, 0.000000000000000000, -1.000000000000000000 ) ) ;
#355 = VECTOR ( 'NONE', #666, 1000.000000000000000 ) ;
#356 = ORIENTED_EDGE ( 'NONE', *, *, #289, .F. ) ;
#357 = EDGE_CURVE ( 'NONE', #1397, #1523, #4913, .T. ) ;
#358 = ORIENTED_EDGE ( 'NONE', *, *, #774, .T. ) ;
#359 = VECTOR ( 'NONE', #951, 1000.000000000000000 ) ;
#360 = CARTESIAN_POINT ( 'NONE',  ( -3.169999999999992379, 11.09999999999999964, 20.25000000000000000 ) ) ;
#361 = CARTESIAN_POINT ( 'NONE',  ( 8.900000000000005684, 1.600000000000000089, 20.90000000000000213 ) ) ;
#362 = ORIENTED_EDGE ( 'NONE', *, *, #3409, .T. ) ;
#363 = EDGE_LOOP ( 'NONE', ( #2500, #3243, #1557, #3342 ) ) ;
#364 = PLANE ( 'NONE',  #787 ) ;
#365 = VECTOR ( 'NONE', #3925, 1000.000000000000000 ) ;
#366 = ORIENTED_EDGE ( 'NONE', *, *, #4199, .F. ) ;
#367 = CARTESIAN_POINT ( 'NONE',  ( -0.6299999999999916778, 1.600000000000000089, -19.25000000000000000 ) ) ;
#368 = ORIENTED_EDGE ( 'NONE', *, *, #3536, .F. ) ;
#369 = DIRECTION ( 'NONE',  ( 0.000000000000000000, 0.000000000000000000, 1.000000000000000000 ) ) ;
#370 = VECTOR ( 'NONE', #775, 1000.000000000000000 ) ;
#371 = CARTESIAN_POINT ( 'NONE',  ( -7.249999999999992895, 11.09999999999999964, -20.25000000000000000 ) ) ;
#372 = ORIENTED_EDGE ( 'NONE', *, *, #4632, .F. ) ;
#373 = VERTEX_POINT ( 'NONE', #4886 ) ;
#374 = EDGE_CURVE ( 'NONE', #1481, #4453, #4967, .T. ) ;
#375 = CARTESIAN_POINT ( 'NONE',  ( 0.3700000000000092104, 1.600000000000000089, 19.25000000000000000 ) ) ;
#376 = LINE ( 'NONE', #1996, #2881 ) ;
#377 = CARTESIAN_POINT ( 'NONE',  ( -2.169999999999991491, 11.09999999999999964, 19.25000000000000000 ) ) ;
#378 = CARTESIAN_POINT ( 'NONE',  ( 1.910000000000009024, 1.600000000000000089, -20.25000000000000000 ) ) ;
#379 = ORIENTED_EDGE ( 'NONE', *, *, #2807, .T. ) ;
#380 = CARTESIAN_POINT ( 'NONE',  ( -24.39999999999999147, 11.09999999999999964, 18.60000000000000142 ) ) ;
#381 = CARTESIAN_POINT ( 'NONE',  ( -8.249999999999992895, 11.09999999999999964, -20.25000000000000000 ) ) ;
#382 = EDGE_CURVE ( 'NONE', #1744, #1282, #450, .T. ) ;
#383 = FACE_OUTER_BOUND ( 'NONE', #3700, .T. ) ;
#384 = ORIENTED_EDGE ( 'NONE', *, *, #4746, .F. ) ;
#385 = VECTOR ( 'NONE', #4091, 1000.000000000000000 ) ;
#386 = ORIENTED_EDGE ( 'NONE', *, *, #2273, .T. ) ;
#387 = DIRECTION ( 'NONE',  ( -1.000000000000000000, 0.000000000000000000, 0.000000000000000000 ) ) ;
#388 = PLANE ( 'NONE',  #4390 ) ;
#389 = ADVANCED_FACE ( 'NONE', ( #51 ), #848, .T. ) ;
#390 = VERTEX_POINT ( 'NONE', #3723 ) ;
#391 = ORIENTED_EDGE ( 'NONE', *, *, #4645, .F. ) ;
#392 = EDGE_CURVE ( 'NONE', #3688, #5063, #3298, .T. ) ;
#393 = EDGE_LOOP ( 'NONE', ( #4306, #580, #5036, #1651 ) ) ;
#394 = CARTESIAN_POINT ( 'NONE',  ( -37.49999999999999289, 1.600000000000000089, -4.399999999999994138 ) ) ;
#395 = ORIENTED_EDGE ( 'NONE', *, *, #3961, .T. ) ;
#396 = DIRECTION ( 'NONE',  ( 0.000000000000000000, 0.000000000000000000, -1.000000000000000000 ) ) ;
#397 = DIRECTION ( 'NONE',  ( 1.000000000000000000, 0.000000000000000000, 0.000000000000000000 ) ) ;
#398 = ORIENTED_EDGE ( 'NONE', *, *, #351, .F. ) ;
#399 = VERTEX_POINT ( 'NONE', #4516 ) ;
#400 = DIRECTION ( 'NONE',  ( -1.000000000000000000, 0.000000000000000000, 1.196361017915039486E-16 ) ) ;
#401 = AXIS2_PLACEMENT_3D ( 'NONE', #3379, #5073, #4997 ) ;
#402 = LINE ( 'NONE', #3248, #2011 ) ;
#403 = DIRECTION ( 'NONE',  ( 1.000000000000000000, 0.000000000000000000, 0.000000000000000000 ) ) ;
#404 = ORIENTED_EDGE ( 'NONE', *, *, #1029, .T. ) ;
#405 = CARTESIAN_POINT ( 'NONE',  ( -17.40999999999999659, 11.09999999999999964, 20.25000000000000000 ) ) ;
#406 = DIRECTION ( 'NONE',  ( -0.000000000000000000, -1.000000000000000000, -0.000000000000000000 ) ) ;
#407 = CARTESIAN_POINT ( 'NONE',  ( 34.30000000000000426, -2.699999999999999289, -6.250000000000000000 ) ) ;
#408 = ORIENTED_EDGE ( 'NONE', *, *, #456, .T. ) ;
#409 = ORIENTED_EDGE ( 'NONE', *, *, #2302, .F. ) ;
#410 = DIRECTION ( 'NONE',  ( 0.000000000000000000, 0.000000000000000000, 1.000000000000000000 ) ) ;
#411 = DIRECTION ( 'NONE',  ( 0.000000000000000000, 0.000000000000000000, -1.000000000000000000 ) ) ;
#412 = VERTEX_POINT ( 'NONE', #1303 ) ;
#413 = ORIENTED_EDGE ( 'NONE', *, *, #2823, .F. ) ;
#414 = EDGE_CURVE ( 'NONE', #518, #990, #924, .T. ) ;
#415 = VECTOR ( 'NONE', #2788, 1000.000000000000000 ) ;
#416 = ORIENTED_EDGE ( 'NONE', *, *, #3913, .F. ) ;
#417 = DIRECTION ( 'NONE',  ( -0.000000000000000000, -0.000000000000000000, -1.000000000000000000 ) ) ;
#418 = VECTOR ( 'NONE', #860, 1000.000000000000000 ) ;
#419 = ORIENTED_EDGE ( 'NONE', *, *, #3770, .T. ) ;
#420 = DIRECTION ( 'NONE',  ( 0.000000000000000000, -0.000000000000000000, -1.000000000000000000 ) ) ;
#421 = EDGE_CURVE ( 'NONE', #148, #1675, #4121, .T. ) ;
#422 = FACE_BOUND ( 'NONE', #1257, .T. ) ;
#423 = VERTEX_POINT ( 'NONE', #900 ) ;
#424 = ADVANCED_FACE ( 'NONE', ( #4175 ), #530, .T. ) ;
#425 = ORIENTED_EDGE ( 'NONE', *, *, #3469, .F. ) ;
#426 = DIRECTION ( 'NONE',  ( 0.000000000000000000, -1.000000000000000000, 0.000000000000000000 ) ) ;
#427 = DIRECTION ( 'NONE',  ( 0.000000000000000000, 0.000000000000000000, -1.000000000000000000 ) ) ;
#428 = CARTESIAN_POINT ( 'NONE',  ( -9.789999999999993818, 1.600000000000000089, -19.25000000000000000 ) ) ;
#429 = ORIENTED_EDGE ( 'NONE', *, *, #723, .F. ) ;
#430 = LINE ( 'NONE', #829, #3849 ) ;
#431 = CARTESIAN_POINT ( 'NONE',  ( -15.86999999999999567, 1.600000000000000089, 20.25000000000000000 ) ) ;
#432 = ADVANCED_FACE ( 'NONE', ( #2154 ), #2578, .T. ) ;
#433 = CARTESIAN_POINT ( 'NONE',  ( 34.30000000000000426, 0.000000000000000000, 7.449999999999999289 ) ) ;
#434 = ORIENTED_EDGE ( 'NONE', *, *, #2383, .T. ) ;
#435 = ORIENTED_EDGE ( 'NONE', *, *, #1881, .T. ) ;
#436 = CARTESIAN_POINT ( 'NONE',  ( -23.48999999999999844, 11.09999999999999964, -19.25000000000000000 ) ) ;
#437 = ADVANCED_FACE ( 'NONE', ( #4597, #422, #2042, #3667, #1378, #4646, #5044, #578 ), #4275, .F. ) ;
#438 = CARTESIAN_POINT ( 'NONE',  ( -23.48999999999999844, 1.600000000000000089, 19.25000000000000000 ) ) ;
#439 = AXIS2_PLACEMENT_3D ( 'NONE', #4014, #2817, #1708 ) ;
#440 = ORIENTED_EDGE ( 'NONE', *, *, #4854, .F. ) ;
#441 = ORIENTED_EDGE ( 'NONE', *, *, #4733, .T. ) ;
#442 = VECTOR ( 'NONE', #3901, 1000.000000000000000 ) ;
#443 = ORIENTED_EDGE ( 'NONE', *, *, #1206, .T. ) ;
#444 = CARTESIAN_POINT ( 'NONE',  ( -18.40999999999999659, 1.600000000000000089, 19.25000000000000000 ) ) ;
#445 = CARTESIAN_POINT ( 'NONE',  ( -4.709999999999991971, 1.600000000000000089, -20.25000000000000000 ) ) ;
#446 = ORIENTED_EDGE ( 'NONE', *, *, #1446, .F. ) ;
#447 = CARTESIAN_POINT ( 'NONE',  ( -5.709999999999992859, 1.600000000000000089, -19.25000000000000000 ) ) ;
#448 = ADVANCED_FACE ( 'NONE', ( #1408, #5123, #1004, #1880, #978, #2601, #181, #3450, #1806, #3050, #3503, #4224, #5069, #2199 ), #4201, .T. ) ;
#449 = VECTOR ( 'NONE', #4701, 1000.000000000000000 ) ;
#450 = LINE ( 'NONE', #1248, #956 ) ;
#451 = VERTEX_POINT ( 'NONE', #4250 ) ;
#452 = VECTOR ( 'NONE', #186, 1000.000000000000000 ) ;
#453 = CARTESIAN_POINT ( 'NONE',  ( -5.709999999999992859, 11.09999999999999964, 19.25000000000000000 ) ) ;
#454 = LINE ( 'NONE', #85, #147 ) ;
#455 = AXIS2_PLACEMENT_3D ( 'NONE', #1896, #3194, #5138 ) ;
#456 = EDGE_CURVE ( 'NONE', #1784, #2333, #3425, .T. ) ;
#457 = CARTESIAN_POINT ( 'NONE',  ( -18.40999999999999659, 11.09999999999999964, -19.25000000000000000 ) ) ;
#458 = ORIENTED_EDGE ( 'NONE', *, *, #4615, .F. ) ;
#459 = EDGE_CURVE ( 'NONE', #3588, #2674, #208, .T. ) ;
#460 = DIRECTION ( 'NONE',  ( -1.000000000000000000, 0.000000000000000000, 0.000000000000000000 ) ) ;
#461 = DIRECTION ( 'NONE',  ( 0.000000000000000000, 1.000000000000000000, 0.000000000000000000 ) ) ;
#462 = PLANE ( 'NONE',  #82 ) ;
#463 = ORIENTED_EDGE ( 'NONE', *, *, #126, .T. ) ;
#464 = DIRECTION ( 'NONE',  ( 1.000000000000000000, 0.000000000000000000, 0.000000000000000000 ) ) ;
#465 = VERTEX_POINT ( 'NONE', #2226 ) ;
#466 = DIRECTION ( 'NONE',  ( -1.000000000000000000, -0.000000000000000000, -0.000000000000000000 ) ) ;
#467 = DIRECTION ( 'NONE',  ( -1.000000000000000000, 0.000000000000000000, -0.000000000000000000 ) ) ;
#468 = ORIENTED_EDGE ( 'NONE', *, *, #3269, .T. ) ;
#469 = ORIENTED_EDGE ( 'NONE', *, *, #2871, .T. ) ;
#470 = VECTOR ( 'NONE', #2193, 1000.000000000000000 ) ;
#471 = ORIENTED_EDGE ( 'NONE', *, *, #5058, .T. ) ;
#472 = CARTESIAN_POINT ( 'NONE',  ( 37.50000000000000711, -2.700000000000000622, 6.249999999999998224 ) ) ;
#473 = CARTESIAN_POINT ( 'NONE',  ( 8.900000000000005684, 11.09999999999999964, -20.90000000000000213 ) ) ;
#474 = LINE ( 'NONE', #3719, #2455 ) ;
#475 = ORIENTED_EDGE ( 'NONE', *, *, #2165, .F. ) ;
#476 = DIRECTION ( 'NONE',  ( -0.000000000000000000, -0.000000000000000000, 1.000000000000000000 ) ) ;
#477 = CARTESIAN_POINT ( 'NONE',  ( 32.40000000000000568, -1.100000000000000311, 5.549999999999998934 ) ) ;
#478 = VERTEX_POINT ( 'NONE', #3848 ) ;
#479 = EDGE_CURVE ( 'NONE', #3143, #1397, #2277, .T. ) ;
#480 = DIRECTION ( 'NONE',  ( -0.000000000000000000, -1.000000000000000000, -0.000000000000000000 ) ) ;
#481 = LINE ( 'NONE', #904, #3114 ) ;
#482 = CARTESIAN_POINT ( 'NONE',  ( 5.450000000000009948, 11.09999999999999964, 20.25000000000000000 ) ) ;
#483 = VERTEX_POINT ( 'NONE', #1782 ) ;
#484 = AXIS2_PLACEMENT_3D ( 'NONE', #526, #4144, #4197 ) ;
#485 = EDGE_CURVE ( 'NONE', #3423, #373, #1434, .T. ) ;
#486 = EDGE_CURVE ( 'NONE', #863, #3588, #1030, .T. ) ;
#487 = CARTESIAN_POINT ( 'NONE',  ( 1.910000000000009024, 1.600000000000000089, 20.25000000000000000 ) ) ;
#488 = FACE_OUTER_BOUND ( 'NONE', #1751, .T. ) ;
#489 = FACE_OUTER_BOUND ( 'NONE', #566, .T. ) ;
#490 = VERTEX_POINT ( 'NONE', #3024 ) ;
#491 = VECTOR ( 'NONE', #5091, 1000.000000000000000 ) ;
#492 = VECTOR ( 'NONE', #2167, 1000.000000000000000 ) ;
#493 = ADVANCED_FACE ( 'NONE', ( #2651 ), #630, .T. ) ;
#494 = LINE ( 'NONE', #2565, #3899 ) ;
#495 = FACE_OUTER_BOUND ( 'NONE', #3767, .T. ) ;
#496 = EDGE_LOOP ( 'NONE', ( #2363, #4953, #4667, #3188 ) ) ;
#497 = VERTEX_POINT ( 'NONE', #1459 ) ;
#498 = ORIENTED_EDGE ( 'NONE', *, *, #5067, .T. ) ;
#499 = DIRECTION ( 'NONE',  ( 1.000000000000000000, 0.000000000000000000, 0.000000000000000000 ) ) ;
#500 = LINE ( 'NONE', #5013, #4383 ) ;
#501 = FACE_BOUND ( 'NONE', #512, .T. ) ;
#502 = ORIENTED_EDGE ( 'NONE', *, *, #4791, .F. ) ;
#503 = CARTESIAN_POINT ( 'NONE',  ( -33.49999999999998579, 0.000000000000000000, -18.50000000000000355 ) ) ;
#504 = EDGE_CURVE ( 'NONE', #2847, #4504, #3075, .T. ) ;
#505 = DIRECTION ( 'NONE',  ( -1.000000000000000000, 0.000000000000000000, -0.000000000000000000 ) ) ;
#506 = VECTOR ( 'NONE', #1915, 1000.000000000000000 ) ;
#507 = ORIENTED_EDGE ( 'NONE', *, *, #3658, .T. ) ;
#508 = VECTOR ( 'NONE', #1240, 1000.000000000000000 ) ;
#509 = CARTESIAN_POINT ( 'NONE',  ( -37.49999999999999289, 1.600000000000000089, 22.49999999999999645 ) ) ;
#510 = FACE_OUTER_BOUND ( 'NONE', #2271, .T. ) ;
#511 = DIRECTION ( 'NONE',  ( -0.000000000000000000, -0.000000000000000000, -1.000000000000000000 ) ) ;
#512 = EDGE_LOOP ( 'NONE', ( #1394, #101, #2349, #3817 ) ) ;
#513 = LINE ( 'NONE', #4470, #1308 ) ;
#514 = CARTESIAN_POINT ( 'NONE',  ( -3.169999999999992379, 11.09999999999999964, -20.25000000000000000 ) ) ;
#515 = DIRECTION ( 'NONE',  ( 0.000000000000000000, -0.000000000000000000, -1.000000000000000000 ) ) ;
#516 = AXIS2_PLACEMENT_3D ( 'NONE', #830, #2508, #3335 ) ;
#517 = ADVANCED_FACE ( 'NONE', ( #260 ), #1058, .T. ) ;
#518 = VERTEX_POINT ( 'NONE', #3796 ) ;
#519 = LINE ( 'NONE', #1342, #2883 ) ;
#520 = CARTESIAN_POINT ( 'NONE',  ( 37.50000000000000711, -5.200000000000001066, -5.549999999999998934 ) ) ;
#521 = ORIENTED_EDGE ( 'NONE', *, *, #5223, .F. ) ;
#522 = EDGE_CURVE ( 'NONE', #4776, #3068, #3399, .T. ) ;
#523 = ORIENTED_EDGE ( 'NONE', *, *, #1402, .F. ) ;
#524 = ORIENTED_EDGE ( 'NONE', *, *, #4898, .F. ) ;
#525 = LINE ( 'NONE', #4618, #637 ) ;
#526 = CARTESIAN_POINT ( 'NONE',  ( -10.78999999999999382, 11.09999999999999964, -20.25000000000000000 ) ) ;
#527 = CARTESIAN_POINT ( 'NONE',  ( -2.169999999999991491, 11.09999999999999964, 19.25000000000000000 ) ) ;
#528 = VERTEX_POINT ( 'NONE', #1566 ) ;
#529 = AXIS2_PLACEMENT_3D ( 'NONE', #5151, #5178, #3583 ) ;
#530 = PLANE ( 'NONE',  #1642 ) ;
#531 = VECTOR ( 'NONE', #480, 1000.000000000000000 ) ;
#532 = ORIENTED_EDGE ( 'NONE', *, *, #4549, .T. ) ;
#533 = CARTESIAN_POINT ( 'NONE',  ( -33.49999999999998579, 1.600000000000000089, -20.50000000000000355 ) ) ;
#534 = VECTOR ( 'NONE', #2730, 1000.000000000000000 ) ;
#535 = DIRECTION ( 'NONE',  ( 0.000000000000000000, 1.000000000000000000, 0.000000000000000000 ) ) ;
#536 = CARTESIAN_POINT ( 'NONE',  ( -14.86999999999999389, 11.09999999999999964, -20.25000000000000000 ) ) ;
#537 = VERTEX_POINT ( 'NONE', #1109 ) ;
#538 = VECTOR ( 'NONE', #2449, 1000.000000000000000 ) ;
#539 = ADVANCED_FACE ( 'NONE', ( #707 ), #310, .T. ) ;
#540 = DIRECTION ( 'NONE',  ( 1.000000000000000000, -0.000000000000000000, 0.000000000000000000 ) ) ;
#541 = DIRECTION ( 'NONE',  ( 1.000000000000000000, 0.000000000000000000, -0.000000000000000000 ) ) ;
#542 = CARTESIAN_POINT ( 'NONE',  ( -5.709999999999992859, 11.09999999999999964, -20.25000000000000000 ) ) ;
#543 = VERTEX_POINT ( 'NONE', #1512 ) ;
#544 = EDGE_CURVE ( 'NONE', #3777, #4905, #3608, .T. ) ;
#545 = PLANE ( 'NONE',  #4581 ) ;
#546 = CARTESIAN_POINT ( 'NONE',  ( 30.60000000000000497, -5.899999999999997691, -6.250000000000000000 ) ) ;
#547 = ORIENTED_EDGE ( 'NONE', *, *, #3332, .F. ) ;
#548 = ORIENTED_EDGE ( 'NONE', *, *, #3145, .T. ) ;
#549 = ORIENTED_EDGE ( 'NONE', *, *, #4817, .T. ) ;
#550 = EDGE_CURVE ( 'NONE', #1987, #864, #5148, .T. ) ;
#551 = DIRECTION ( 'NONE',  ( -1.734723475976805517E-15, -0.000000000000000000, -1.000000000000000000 ) ) ;
#552 = LINE ( 'NONE', #152, #1161 ) ;
#553 = FACE_BOUND ( 'NONE', #1993, .T. ) ;
#554 = ORIENTED_EDGE ( 'NONE', *, *, #1545, .F. ) ;
#555 = EDGE_CURVE ( 'NONE', #2169, #2015, #3553, .T. ) ;
#556 = DIRECTION ( 'NONE',  ( -0.000000000000000000, -1.000000000000000000, -0.000000000000000000 ) ) ;
#557 = ORIENTED_EDGE ( 'NONE', *, *, #3253, .F. ) ;
#558 = VECTOR ( 'NONE', #5207, 1000.000000000000000 ) ;
#559 = DIRECTION ( 'NONE',  ( 1.000000000000000000, 0.000000000000000000, 0.000000000000000000 ) ) ;
#560 = CARTESIAN_POINT ( 'NONE',  ( 33.50000000000000000, 1.600000000000000089, 18.49999999999999289 ) ) ;
#561 = LINE ( 'NONE', #4523, #1973 ) ;
#562 = ORIENTED_EDGE ( 'NONE', *, *, #2503, .T. ) ;
#563 = PLANE ( 'NONE',  #1180 ) ;
#564 = DIRECTION ( 'NONE',  ( -1.000000000000000000, -0.000000000000000000, -0.000000000000000000 ) ) ;
#565 = DIRECTION ( 'NONE',  ( -0.000000000000000000, -1.000000000000000000, -0.000000000000000000 ) ) ;
#566 = EDGE_LOOP ( 'NONE', ( #154, #2957, #4058, #4313 ) ) ;
#567 = CARTESIAN_POINT ( 'NONE',  ( 34.30000000000000426, -2.700000000000000622, 6.249999999999998224 ) ) ;
#568 = CARTESIAN_POINT ( 'NONE',  ( 34.30000000000000426, 0.000000000000000000, 7.449999999999999289 ) ) ;
#569 = VECTOR ( 'NONE', #879, 1000.000000000000000 ) ;
#570 = ORIENTED_EDGE ( 'NONE', *, *, #1304, .T. ) ;
#571 = AXIS2_PLACEMENT_3D ( 'NONE', #1721, #2887, #4587 ) ;
#572 = ORIENTED_EDGE ( 'NONE', *, *, #193, .F. ) ;
#573 = ORIENTED_EDGE ( 'NONE', *, *, #2986, .F. ) ;
#574 = CARTESIAN_POINT ( 'NONE',  ( 8.900000000000005684, 11.09999999999999964, -20.90000000000000213 ) ) ;
#575 = DIRECTION ( 'NONE',  ( -0.000000000000000000, -0.000000000000000000, 1.000000000000000000 ) ) ;
#576 = DIRECTION ( 'NONE',  ( 1.000000000000000000, 0.000000000000000000, 0.000000000000000000 ) ) ;
#577 = ORIENTED_EDGE ( 'NONE', *, *, #4194, .F. ) ;
#578 = FACE_OUTER_BOUND ( 'NONE', #3124, .T. ) ;
#579 = ADVANCED_FACE ( 'NONE', ( #3310 ), #4744, .T. ) ;
#580 = ORIENTED_EDGE ( 'NONE', *, *, #2690, .F. ) ;
#581 = EDGE_CURVE ( 'NONE', #483, #2541, #3125, .T. ) ;
#582 = DIRECTION ( 'NONE',  ( -1.000000000000000000, 0.000000000000000000, -0.000000000000000000 ) ) ;
#583 = DIRECTION ( 'NONE',  ( -1.734723475976805517E-15, -0.000000000000000000, -1.000000000000000000 ) ) ;
#584 = EDGE_CURVE ( 'NONE', #2069, #1868, #4374, .T. ) ;
#585 = VERTEX_POINT ( 'NONE', #3527 ) ;
#586 = VECTOR ( 'NONE', #2054, 1000.000000000000000 ) ;
#587 = VECTOR ( 'NONE', #179, 1000.000000000000000 ) ;
#588 = DIRECTION ( 'NONE',  ( 1.000000000000000000, 0.000000000000000000, -0.000000000000000000 ) ) ;
#589 = DIRECTION ( 'NONE',  ( -0.000000000000000000, -1.000000000000000000, -0.000000000000000000 ) ) ;
#590 = VECTOR ( 'NONE', #3869, 1000.000000000000000 ) ;
#591 = ORIENTED_EDGE ( 'NONE', *, *, #1869, .F. ) ;
#592 = CARTESIAN_POINT ( 'NONE',  ( -12.32999999999999297, 11.09999999999999964, -19.25000000000000000 ) ) ;
#593 = VERTEX_POINT ( 'NONE', #5228 ) ;
#594 = FACE_OUTER_BOUND ( 'NONE', #3664, .T. ) ;
#595 = CARTESIAN_POINT ( 'NONE',  ( -23.48999999999999844, 1.600000000000000089, 19.25000000000000000 ) ) ;
#596 = VECTOR ( 'NONE', #1840, 1000.000000000000000 ) ;
#597 = VERTEX_POINT ( 'NONE', #1538 ) ;
#598 = CARTESIAN_POINT ( 'NONE',  ( -3.169999999999992379, 1.600000000000000089, 20.25000000000000000 ) ) ;
#599 = ORIENTED_EDGE ( 'NONE', *, *, #581, .F. ) ;
#600 = EDGE_CURVE ( 'NONE', #2973, #635, #3151, .T. ) ;
#601 = PLANE ( 'NONE',  #2082 ) ;
#602 = CARTESIAN_POINT ( 'NONE',  ( 5.450000000000009948, 11.09999999999999964, 19.25000000000000000 ) ) ;
#603 = CARTESIAN_POINT ( 'NONE',  ( 12.59999999999999964, -5.899999999999997691, -10.50000000000000000 ) ) ;
#604 = ORIENTED_EDGE ( 'NONE', *, *, #1913, .F. ) ;
#605 = CARTESIAN_POINT ( 'NONE',  ( 1.910000000000009024, 11.09999999999999964, -19.25000000000000000 ) ) ;
#606 = ORIENTED_EDGE ( 'NONE', *, *, #1931, .F. ) ;
#607 = PLANE ( 'NONE',  #4604 ) ;
#608 = EDGE_CURVE ( 'NONE', #3996, #303, #2085, .T. ) ;
#609 = CARTESIAN_POINT ( 'NONE',  ( 34.30000000000000426, 0.000000000000000000, -6.250000000000000000 ) ) ;
#610 = VECTOR ( 'NONE', #2900, 1000.000000000000000 ) ;
#611 = CARTESIAN_POINT ( 'NONE',  ( -5.709999999999992859, 11.09999999999999964, -20.25000000000000000 ) ) ;
#612 = ORIENTED_EDGE ( 'NONE', *, *, #34, .T. ) ;
#613 = AXIS2_PLACEMENT_3D ( 'NONE', #1539, #3153, #1487 ) ;
#614 = EDGE_CURVE ( 'NONE', #2922, #2593, #4770, .T. ) ;
#615 = PLANE ( 'NONE',  #1096 ) ;
#616 = CARTESIAN_POINT ( 'NONE',  ( -20.94999999999999574, 11.09999999999999964, 19.25000000000000000 ) ) ;
#617 = VECTOR ( 'NONE', #3001, 1000.000000000000000 ) ;
#618 = ORIENTED_EDGE ( 'NONE', *, *, #225, .F. ) ;
#619 = ADVANCED_FACE ( 'NONE', ( #338 ), #364, .F. ) ;
#620 = CARTESIAN_POINT ( 'NONE',  ( 33.50000000000000000, 1.600000000000000089, 16.49999999999998579 ) ) ;
#621 = DIRECTION ( 'NONE',  ( 1.000000000000000000, -0.000000000000000000, 0.000000000000000000 ) ) ;
#622 = EDGE_LOOP ( 'NONE', ( #4790, #3119, #1464, #5152 ) ) ;
#623 = VECTOR ( 'NONE', #4499, 1000.000000000000000 ) ;
#624 = LINE ( 'NONE', #2722, #2116 ) ;
#625 = ORIENTED_EDGE ( 'NONE', *, *, #2538, .T. ) ;
#626 = CARTESIAN_POINT ( 'NONE',  ( -10.78999999999999382, 11.09999999999999964, -20.25000000000000000 ) ) ;
#627 = DIRECTION ( 'NONE',  ( 1.000000000000000000, 0.000000000000000000, 0.000000000000000000 ) ) ;
#628 = DIRECTION ( 'NONE',  ( 1.000000000000000000, -0.000000000000000000, 0.000000000000000000 ) ) ;
#629 = VERTEX_POINT ( 'NONE', #2753 ) ;
#630 = PLANE ( 'NONE',  #4687 ) ;
#631 = CARTESIAN_POINT ( 'NONE',  ( -10.78999999999999382, 11.09999999999999964, 20.25000000000000000 ) ) ;
#632 = FACE_OUTER_BOUND ( 'NONE', #3368, .T. ) ;
#633 = DIRECTION ( 'NONE',  ( -1.000000000000000000, -0.000000000000000000, -0.000000000000000000 ) ) ;
#634 = CARTESIAN_POINT ( 'NONE',  ( -4.709999999999991971, 11.09999999999999964, 20.25000000000000000 ) ) ;
#635 = VERTEX_POINT ( 'NONE', #4431 ) ;
#636 = EDGE_CURVE ( 'NONE', #490, #4626, #730, .T. ) ;
#637 = VECTOR ( 'NONE', #551, 1000.000000000000000 ) ;
#638 = CARTESIAN_POINT ( 'NONE',  ( -5.709999999999992859, 11.09999999999999964, 19.25000000000000000 ) ) ;
#639 = DIRECTION ( 'NONE',  ( 1.000000000000000000, 0.000000000000000000, 0.000000000000000000 ) ) ;
#640 = CARTESIAN_POINT ( 'NONE',  ( -14.86999999999999389, 11.09999999999999964, -19.25000000000000000 ) ) ;
#641 = VERTEX_POINT ( 'NONE', #3974 ) ;
#642 = EDGE_CURVE ( 'NONE', #1693, #2706, #1986, .T. ) ;
#643 = ADVANCED_FACE ( 'NONE', ( #759 ), #682, .F. ) ;
#644 = CARTESIAN_POINT ( 'NONE',  ( -33.49999999999998579, 1.600000000000000089, -20.50000000000000355 ) ) ;
#645 = LINE ( 'NONE', #4315, #5156 ) ;
#646 = EDGE_CURVE ( 'NONE', #1675, #99, #1692, .T. ) ;
#647 = ORIENTED_EDGE ( 'NONE', *, *, #188, .F. ) ;
#648 = DIRECTION ( 'NONE',  ( 0.000000000000000000, 0.000000000000000000, 1.000000000000000000 ) ) ;
#649 = EDGE_CURVE ( 'NONE', #3042, #1523, #288, .T. ) ;
#650 = ORIENTED_EDGE ( 'NONE', *, *, #2205, .F. ) ;
#651 = VECTOR ( 'NONE', #5161, 1000.000000000000000 ) ;
#652 = LINE ( 'NONE', #1508, #5083 ) ;
#653 = CARTESIAN_POINT ( 'NONE',  ( -23.48999999999999844, 1.600000000000000089, 20.25000000000000000 ) ) ;
#654 = DIRECTION ( 'NONE',  ( 0.000000000000000000, 0.000000000000000000, -1.000000000000000000 ) ) ;
#655 = VERTEX_POINT ( 'NONE', #4135 ) ;
#656 = DIRECTION ( 'NONE',  ( 0.000000000000000000, 0.000000000000000000, -1.000000000000000000 ) ) ;
#657 = VECTOR ( 'NONE', #4479, 1000.000000000000000 ) ;
#658 = DIRECTION ( 'NONE',  ( -1.000000000000000000, 0.000000000000000000, -1.196361017915039486E-16 ) ) ;
#659 = EDGE_CURVE ( 'NONE', #5222, #1615, #887, .T. ) ;
#660 = LINE ( 'NONE', #5125, #1965 ) ;
#661 = ORIENTED_EDGE ( 'NONE', *, *, #4163, .T. ) ;
#662 = CARTESIAN_POINT ( 'NONE',  ( -13.32999999999999474, 11.09999999999999964, -20.25000000000000000 ) ) ;
#663 = CARTESIAN_POINT ( 'NONE',  ( 8.900000000000005684, 11.09999999999999964, 20.90000000000000213 ) ) ;
#664 = ORIENTED_EDGE ( 'NONE', *, *, #2219, .F. ) ;
#665 = EDGE_CURVE ( 'NONE', #1700, #2483, #2910, .T. ) ;
#666 = DIRECTION ( 'NONE',  ( -0.000000000000000000, -0.000000000000000000, -1.000000000000000000 ) ) ;
#667 = CARTESIAN_POINT ( 'NONE',  ( -8.249999999999992895, 11.09999999999999964, 20.25000000000000000 ) ) ;
#668 = DIRECTION ( 'NONE',  ( 1.000000000000000000, 0.000000000000000000, -0.000000000000000000 ) ) ;
#669 = ORIENTED_EDGE ( 'NONE', *, *, #4086, .T. ) ;
#670 = VECTOR ( 'NONE', #3846, 1000.000000000000000 ) ;
#671 = AXIS2_PLACEMENT_3D ( 'NONE', #4928, #2138, #4082 ) ;
#672 = DIRECTION ( 'NONE',  ( 1.000000000000000000, 0.000000000000000000, 0.000000000000000000 ) ) ;
#673 = CARTESIAN_POINT ( 'NONE',  ( 32.40000000000000568, -1.100000000000000311, -5.549999999999998934 ) ) ;
#674 = EDGE_CURVE ( 'NONE', #864, #1277, #4784, .T. ) ;
#675 = ORIENTED_EDGE ( 'NONE', *, *, #1897, .T. ) ;
#676 = CARTESIAN_POINT ( 'NONE',  ( -18.40999999999999659, 11.09999999999999964, -20.25000000000000000 ) ) ;
#677 = ORIENTED_EDGE ( 'NONE', *, *, #357, .T. ) ;
#678 = DIRECTION ( 'NONE',  ( -1.000000000000000000, 0.000000000000000000, -0.000000000000000000 ) ) ;
#679 = LINE ( 'NONE', #2300, #3471 ) ;
#680 = EDGE_CURVE ( 'NONE', #5183, #2546, #719, .T. ) ;
#681 = ORIENTED_EDGE ( 'NONE', *, *, #4840, .F. ) ;
#682 = CYLINDRICAL_SURFACE ( 'NONE', #701, 1.999999999999994893 ) ;
#683 = CARTESIAN_POINT ( 'NONE',  ( -22.48999999999999488, 11.09999999999999964, 20.25000000000000000 ) ) ;
#684 = CARTESIAN_POINT ( 'NONE',  ( -24.39999999999999147, 11.09999999999999964, 18.60000000000000142 ) ) ;
#685 = ORIENTED_EDGE ( 'NONE', *, *, #768, .F. ) ;
#686 = CARTESIAN_POINT ( 'NONE',  ( 6.990000000000009983, 11.09999999999999964, -19.25000000000000000 ) ) ;
#687 = DIRECTION ( 'NONE',  ( -0.000000000000000000, -1.000000000000000000, -0.000000000000000000 ) ) ;
#688 = VERTEX_POINT ( 'NONE', #2766 ) ;
#689 = DIRECTION ( 'NONE',  ( 0.000000000000000000, 0.000000000000000000, 1.000000000000000000 ) ) ;
#691 = AXIS2_PLACEMENT_3D ( 'NONE', #4697, #4672, #3154 ) ;
#690 = DIRECTION ( 'NONE',  ( -0.000000000000000000, -1.000000000000000000, -0.000000000000000000 ) ) ;
#692 = CARTESIAN_POINT ( 'NONE',  ( -23.48999999999999844, 11.09999999999999964, -20.25000000000000000 ) ) ;
#693 = ORIENTED_EDGE ( 'NONE', *, *, #768, .T. ) ;
#694 = VECTOR ( 'NONE', #183, 1000.000000000000000 ) ;
#695 = FACE_OUTER_BOUND ( 'NONE', #4591, .T. ) ;
#696 = CARTESIAN_POINT ( 'NONE',  ( -2.169999999999991491, 11.09999999999999964, -19.25000000000000000 ) ) ;
#697 = VECTOR ( 'NONE', #4351, 1000.000000000000000 ) ;
#698 = ORIENTED_EDGE ( 'NONE', *, *, #1913, .T. ) ;
#699 = CARTESIAN_POINT ( 'NONE',  ( -0.6299999999999916778, 11.09999999999999964, 20.25000000000000000 ) ) ;
#700 = ADVANCED_FACE ( 'NONE', ( #3192 ), #1633, .F. ) ;
#701 = AXIS2_PLACEMENT_3D ( 'NONE', #2384, #4109, #64 ) ;
#702 = EDGE_LOOP ( 'NONE', ( #675, #612, #336, #5006 ) ) ;
#703 = CARTESIAN_POINT ( 'NONE',  ( -10.78999999999999382, 1.600000000000000089, 20.25000000000000000 ) ) ;
#704 = AXIS2_PLACEMENT_3D ( 'NONE', #966, #1449, #2691 ) ;
#705 = DIRECTION ( 'NONE',  ( -0.000000000000000000, -1.000000000000000000, -0.000000000000000000 ) ) ;
#706 = VERTEX_POINT ( 'NONE', #826 ) ;
#707 = FACE_OUTER_BOUND ( 'NONE', #4139, .T. ) ;
#708 = ADVANCED_FACE ( 'NONE', ( #3621 ), #5241, .T. ) ;
#709 = DIRECTION ( 'NONE',  ( -0.000000000000000000, -1.000000000000000000, -0.000000000000000000 ) ) ;
#710 = CARTESIAN_POINT ( 'NONE',  ( 21.75000000000000000, -5.899999999999997691, -10.50000000000000000 ) ) ;
#711 = EDGE_LOOP ( 'NONE', ( #2588, #1805, #1717, #2377 ) ) ;
#712 = DIRECTION ( 'NONE',  ( 0.000000000000000000, 0.000000000000000000, -1.000000000000000000 ) ) ;
#713 = EDGE_CURVE ( 'NONE', #4504, #2117, #1231, .T. ) ;
#714 = LINE ( 'NONE', #4438, #4860 ) ;
#715 = EDGE_LOOP ( 'NONE', ( #48, #3206, #1704, #4856 ) ) ;
#716 = CARTESIAN_POINT ( 'NONE',  ( -8.249999999999992895, 11.09999999999999964, 19.25000000000000000 ) ) ;
#717 = CARTESIAN_POINT ( 'NONE',  ( 8.900000000000005684, 1.600000000000000089, 20.90000000000000213 ) ) ;
#718 = DIRECTION ( 'NONE',  ( 0.000000000000000000, -1.000000000000000000, 0.000000000000000000 ) ) ;
#719 = LINE ( 'NONE', #1577, #3078 ) ;
#720 = VECTOR ( 'NONE', #919, 1000.000000000000000 ) ;
#721 = EDGE_LOOP ( 'NONE', ( #4297, #1318, #4167, #2397 ) ) ;
#722 = DIRECTION ( 'NONE',  ( -0.000000000000000000, -0.000000000000000000, -1.000000000000000000 ) ) ;
#723 = EDGE_CURVE ( 'NONE', #2456, #4862, #4388, .T. ) ;
#724 = VERTEX_POINT ( 'NONE', #2794 ) ;
#725 = LINE ( 'NONE', #4023, #1012 ) ;
#726 = ORIENTED_EDGE ( 'NONE', *, *, #1949, .T. ) ;
#727 = LINE ( 'NONE', #1131, #5259 ) ;
#728 = CARTESIAN_POINT ( 'NONE',  ( 1.910000000000009024, 11.09999999999999964, 20.25000000000000000 ) ) ;
#729 = ORIENTED_EDGE ( 'NONE', *, *, #4951, .F. ) ;
#730 = LINE ( 'NONE', #3580, #2485 ) ;
#731 = CARTESIAN_POINT ( 'NONE',  ( -24.39999999999999147, 11.09999999999999964, 20.90000000000000213 ) ) ;
#732 = LINE ( 'NONE', #1084, #4680 ) ;
#733 = VERTEX_POINT ( 'NONE', #1659 ) ;
#734 = CARTESIAN_POINT ( 'NONE',  ( -17.40999999999999659, 11.09999999999999964, 19.25000000000000000 ) ) ;
#735 = VECTOR ( 'NONE', #2502, 1000.000000000000000 ) ;
#736 = EDGE_CURVE ( 'NONE', #1801, #3675, #799, .T. ) ;
#737 = CARTESIAN_POINT ( 'NONE',  ( 4.450000000000009948, 11.09999999999999964, -19.25000000000000000 ) ) ;
#738 = VECTOR ( 'NONE', #1290, 1000.000000000000000 ) ;
#739 = ORIENTED_EDGE ( 'NONE', *, *, #4282, .T. ) ;
#740 = PRODUCT_DEFINITION_FORMATION_WITH_SPECIFIED_SOURCE ( 'ANY', '', #2866, .NOT_KNOWN. ) ;
#741 = EDGE_CURVE ( 'NONE', #4827, #1889, #349, .T. ) ;
#742 = CARTESIAN_POINT ( 'NONE',  ( -8.249999999999992895, 1.600000000000000089, -20.25000000000000000 ) ) ;
#743 = LINE ( 'NONE', #1173, #3391 ) ;
#744 = CARTESIAN_POINT ( 'NONE',  ( -7.249999999999992895, 1.600000000000000089, -19.25000000000000000 ) ) ;
#745 = EDGE_CURVE ( 'NONE', #1143, #2114, #2845, .T. ) ;
#746 = DIRECTION ( 'NONE',  ( -0.000000000000000000, -1.000000000000000000, -0.000000000000000000 ) ) ;
#747 = VERTEX_POINT ( 'NONE', #428 ) ;
#748 = CARTESIAN_POINT ( 'NONE',  ( -0.6299999999999916778, 1.600000000000000089, 19.25000000000000000 ) ) ;
#749 = CARTESIAN_POINT ( 'NONE',  ( -3.169999999999992379, 11.09999999999999964, -19.25000000000000000 ) ) ;
#750 = CARTESIAN_POINT ( 'NONE',  ( -3.169999999999992379, 1.600000000000000089, -19.25000000000000000 ) ) ;
#751 = AXIS2_PLACEMENT_3D ( 'NONE', #2327, #3946, #1457 ) ;
#752 = ORIENTED_EDGE ( 'NONE', *, *, #1979, .F. ) ;
#753 = AXIS2_PLACEMENT_3D ( 'NONE', #4874, #1638, #3574 ) ;
#754 = VECTOR ( 'NONE', #3261, 1000.000000000000000 ) ;
#755 = ORIENTED_EDGE ( 'NONE', *, *, #2330, .F. ) ;
#756 = DIRECTION ( 'NONE',  ( -0.000000000000000000, 0.000000000000000000, 1.000000000000000000 ) ) ;
#757 = FACE_OUTER_BOUND ( 'NONE', #2723, .T. ) ;
#758 = EDGE_LOOP ( 'NONE', ( #220, #2891, #5249, #1476 ) ) ;
#759 = FACE_OUTER_BOUND ( 'NONE', #3200, .T. ) ;
#760 = EDGE_CURVE ( 'NONE', #593, #1660, #1203, .T. ) ;
#761 = ORIENTED_EDGE ( 'NONE', *, *, #1496, .F. ) ;
#762 = PLANE ( 'NONE',  #3755 ) ;
#763 = ORIENTED_EDGE ( 'NONE', *, *, #4352, .F. ) ;
#764 = DIRECTION ( 'NONE',  ( 0.000000000000000000, -1.000000000000000000, 0.000000000000000000 ) ) ;
#765 = VECTOR ( 'NONE', #4260, 1000.000000000000000 ) ;
#766 = LINE ( 'NONE', #3158, #4437 ) ;
#767 = ORIENTED_EDGE ( 'NONE', *, *, #1960, .F. ) ;
#768 = EDGE_CURVE ( 'NONE', #1693, #3656, #2049, .T. ) ;
#769 = DIRECTION ( 'NONE',  ( 0.000000000000000000, -0.000000000000000000, -1.000000000000000000 ) ) ;
#770 = CARTESIAN_POINT ( 'NONE',  ( 2.910000000000009912, 11.09999999999999964, 20.25000000000000000 ) ) ;
#771 = FACE_OUTER_BOUND ( 'NONE', #906, .T. ) ;
#772 = DIRECTION ( 'NONE',  ( -0.000000000000000000, -1.000000000000000000, -0.000000000000000000 ) ) ;
#773 = ORIENTED_EDGE ( 'NONE', *, *, #4480, .T. ) ;
#774 = EDGE_CURVE ( 'NONE', #4270, #894, #4074, .T. ) ;
#775 = DIRECTION ( 'NONE',  ( -0.000000000000000000, -1.000000000000000000, -0.000000000000000000 ) ) ;
#776 = CARTESIAN_POINT ( 'NONE',  ( 30.60000000000000497, 0.000000000000000000, 6.250000000000000000 ) ) ;
#777 = DIRECTION ( 'NONE',  ( -0.000000000000000000, -1.000000000000000000, -0.000000000000000000 ) ) ;
#778 = EDGE_CURVE ( 'NONE', #4919, #785, #2023, .T. ) ;
#779 = AXIS2_PLACEMENT_3D ( 'NONE', #3908, #297, #4384 ) ;
#780 = VERTEX_POINT ( 'NONE', #1606 ) ;
#781 = ORIENTED_EDGE ( 'NONE', *, *, #2205, .T. ) ;
#782 = CARTESIAN_POINT ( 'NONE',  ( 33.50000000000000000, 0.000000000000000000, -20.50000000000000355 ) ) ;
#783 = DIRECTION ( 'NONE',  ( 0.000000000000000000, 0.000000000000000000, 1.000000000000000000 ) ) ;
#784 = ORIENTED_EDGE ( 'NONE', *, *, #3536, .T. ) ;
#785 = VERTEX_POINT ( 'NONE', #4445 ) ;
#786 = DIRECTION ( 'NONE',  ( 0.000000000000000000, 0.000000000000000000, 1.000000000000000000 ) ) ;
#787 = AXIS2_PLACEMENT_3D ( 'NONE', #2806, #3707, #2702 ) ;
#788 = VERTEX_POINT ( 'NONE', #3224 ) ;
#789 = CARTESIAN_POINT ( 'NONE',  ( 8.900000000000005684, 11.09999999999999964, 18.60000000000000142 ) ) ;
#790 = ORIENTED_EDGE ( 'NONE', *, *, #3196, .T. ) ;
#791 = CARTESIAN_POINT ( 'NONE',  ( 37.50000000000000711, 1.600000000000000089, 22.49999999999999645 ) ) ;
#792 = LINE ( 'NONE', #2416, #2146 ) ;
#793 = ORIENTED_EDGE ( 'NONE', *, *, #4576, .T. ) ;
#794 = EDGE_LOOP ( 'NONE', ( #1223, #2431, #3316, #3601 ) ) ;
#795 = CARTESIAN_POINT ( 'NONE',  ( 4.450000000000009948, 1.600000000000000089, -19.25000000000000000 ) ) ;
#796 = PLANE ( 'NONE',  #840 ) ;
#797 = DIRECTION ( 'NONE',  ( 0.000000000000000000, -0.000000000000000000, -1.000000000000000000 ) ) ;
#798 = EDGE_CURVE ( 'NONE', #5045, #4081, #2396, .T. ) ;
#799 = LINE ( 'NONE', #2821, #3842 ) ;
#800 = ORIENTED_EDGE ( 'NONE', *, *, #2105, .F. ) ;
#801 = LINE ( 'NONE', #748, #4108 ) ;
#802 = DIRECTION ( 'NONE',  ( 1.000000000000000000, 0.000000000000000000, -0.000000000000000000 ) ) ;
#803 = CARTESIAN_POINT ( 'NONE',  ( -20.94999999999999574, 11.09999999999999964, 20.25000000000000000 ) ) ;
#804 = EDGE_CURVE ( 'NONE', #1365, #543, #4018, .T. ) ;
#805 = ORIENTED_EDGE ( 'NONE', *, *, #4760, .F. ) ;
#806 = CIRCLE ( 'NONE', #4461, 2.000000000000001776 ) ;
#807 = ORIENTED_EDGE ( 'NONE', *, *, #4753, .F. ) ;
#808 = ADVANCED_FACE ( 'NONE', ( #2742 ), #4363, .T. ) ;
#809 = LINE ( 'NONE', #2380, #3393 ) ;
#810 = PLANE ( 'NONE',  #2270 ) ;
#811 = ORIENTED_EDGE ( 'NONE', *, *, #4217, .T. ) ;
#812 = EDGE_CURVE ( 'NONE', #1493, #1537, #561, .T. ) ;
#813 = ORIENTED_EDGE ( 'NONE', *, *, #4419, .F. ) ;
#814 = ORIENTED_EDGE ( 'NONE', *, *, #2273, .F. ) ;
#815 = DIRECTION ( 'NONE',  ( 0.000000000000000000, 0.000000000000000000, -1.000000000000000000 ) ) ;
#816 = VERTEX_POINT ( 'NONE', #3699 ) ;
#817 = DIRECTION ( 'NONE',  ( 0.000000000000000000, -0.000000000000000000, 1.000000000000000000 ) ) ;
#818 = DIRECTION ( 'NONE',  ( -1.000000000000000000, 0.000000000000000000, -0.000000000000000000 ) ) ;
#819 = EDGE_LOOP ( 'NONE', ( #1724, #4992, #2292, #625 ) ) ;
#820 = EDGE_LOOP ( 'NONE', ( #4748, #4541 ) ) ;
#821 = ADVANCED_FACE ( 'NONE', ( #4127 ), #2902, .T. ) ;
#822 = CARTESIAN_POINT ( 'NONE',  ( 4.450000000000009948, 11.09999999999999964, -19.25000000000000000 ) ) ;
#823 = VECTOR ( 'NONE', #3778, 1000.000000000000000 ) ;
#824 = DIRECTION ( 'NONE',  ( -0.000000000000000000, -0.000000000000000000, -1.000000000000000000 ) ) ;
#825 = VECTOR ( 'NONE', #1927, 1000.000000000000000 ) ;
#826 = CARTESIAN_POINT ( 'NONE',  ( 29.90000000000000568, -4.400000000000000355, -6.250000000000000000 ) ) ;
#827 = ORIENTED_EDGE ( 'NONE', *, *, #674, .F. ) ;
#828 = EDGE_CURVE ( 'NONE', #4241, #987, #931, .T. ) ;
#829 = CARTESIAN_POINT ( 'NONE',  ( -9.789999999999993818, 11.09999999999999964, -20.25000000000000000 ) ) ;
#830 = CARTESIAN_POINT ( 'NONE',  ( 21.75000000000000000, -5.899999999999997691, -10.50000000000000000 ) ) ;
#831 = DIRECTION ( 'NONE',  ( -0.000000000000000000, -1.000000000000000000, -0.000000000000000000 ) ) ;
#832 = ORIENTED_EDGE ( 'NONE', *, *, #2784, .F. ) ;
#833 = EDGE_LOOP ( 'NONE', ( #3105, #1544, #3840, #5162 ) ) ;
#834 = EDGE_CURVE ( 'NONE', #5045, #423, #1309, .T. ) ;
#835 = CARTESIAN_POINT ( 'NONE',  ( -20.94999999999999574, 1.600000000000000089, -20.25000000000000000 ) ) ;
#836 = FACE_OUTER_BOUND ( 'NONE', #2537, .T. ) ;
#837 = VERTEX_POINT ( 'NONE', #853 ) ;
#838 = VECTOR ( 'NONE', #2772, 1000.000000000000000 ) ;
#839 = EDGE_LOOP ( 'NONE', ( #2050, #1108, #1181, #5166 ) ) ;
#840 = AXIS2_PLACEMENT_3D ( 'NONE', #897, #3397, #4963 ) ;
#841 = EDGE_LOOP ( 'NONE', ( #4908, #3093, #1645, #4914 ) ) ;
#842 = ADVANCED_FACE ( 'NONE', ( #2076 ), #2929, .F. ) ;
#843 = LINE ( 'NONE', #3295, #1718 ) ;
#844 = AXIS2_PLACEMENT_3D ( 'NONE', #4219, #2775, #3997 ) ;
#845 = EDGE_LOOP ( 'NONE', ( #5075, #959, #4877, #3539 ) ) ;
#846 = FACE_OUTER_BOUND ( 'NONE', #3548, .T. ) ;
#847 = ADVANCED_FACE ( 'NONE', ( #1789 ), #3727, .T. ) ;
#848 = PLANE ( 'NONE',  #1725 ) ;
#849 = ORIENTED_EDGE ( 'NONE', *, *, #991, .F. ) ;
#850 = LINE ( 'NONE', #453, #3499 ) ;
#851 = CIRCLE ( 'NONE', #3487, 2.000000000000001776 ) ;
#852 = DIRECTION ( 'NONE',  ( -1.000000000000000000, 0.000000000000000000, 0.000000000000000000 ) ) ;
#853 = CARTESIAN_POINT ( 'NONE',  ( -18.40999999999999659, 1.600000000000000089, -20.25000000000000000 ) ) ;
#854 = ORIENTED_EDGE ( 'NONE', *, *, #4028, .T. ) ;
#855 = DIRECTION ( 'NONE',  ( -1.000000000000000000, 0.000000000000000000, 0.000000000000000000 ) ) ;
#856 = DIRECTION ( 'NONE',  ( -0.000000000000000000, -1.000000000000000000, -0.000000000000000000 ) ) ;
#857 = FACE_OUTER_BOUND ( 'NONE', #4729, .T. ) ;
#858 = ORIENTED_EDGE ( 'NONE', *, *, #774, .F. ) ;
#859 = ORIENTED_EDGE ( 'NONE', *, *, #4576, .F. ) ;
#860 = DIRECTION ( 'NONE',  ( -0.000000000000000000, -1.000000000000000000, -0.000000000000000000 ) ) ;
#861 = FACE_OUTER_BOUND ( 'NONE', #3713, .T. ) ;
#862 = VECTOR ( 'NONE', #4995, 1000.000000000000000 ) ;
#863 = VERTEX_POINT ( 'NONE', #2557 ) ;
#864 = VERTEX_POINT ( 'NONE', #4918 ) ;
#865 = EDGE_CURVE ( 'NONE', #3694, #1267, #4179, .T. ) ;
#866 = VECTOR ( 'NONE', #3270, 1000.000000000000000 ) ;
#867 = EDGE_LOOP ( 'NONE', ( #4836, #2544, #2191, #2767 ) ) ;
#868 = LINE ( 'NONE', #3395, #215 ) ;
#869 = CARTESIAN_POINT ( 'NONE',  ( 2.910000000000009912, 11.09999999999999964, 19.25000000000000000 ) ) ;
#870 = ORIENTED_EDGE ( 'NONE', *, *, #4312, .F. ) ;
#871 = LINE ( 'NONE', #4120, #2509 ) ;
#872 = VECTOR ( 'NONE', #2728, 1000.000000000000000 ) ;
#873 = CARTESIAN_POINT ( 'NONE',  ( 6.990000000000009983, 1.600000000000000089, 20.25000000000000000 ) ) ;
#874 = ADVANCED_FACE ( 'NONE', ( #1281 ), #2874, .T. ) ;
#875 = ORIENTED_EDGE ( 'NONE', *, *, #4163, .F. ) ;
#876 = VECTOR ( 'NONE', #5129, 1000.000000000000000 ) ;
#877 = LINE ( 'NONE', #3751, #2567 ) ;
#878 = ADVANCED_FACE ( 'NONE', ( #4550 ), #4946, .T. ) ;
#879 = DIRECTION ( 'NONE',  ( 1.000000000000000000, 0.000000000000000000, 0.000000000000000000 ) ) ;
#880 = VECTOR ( 'NONE', #117, 1000.000000000000000 ) ;
#881 = CARTESIAN_POINT ( 'NONE',  ( -33.49999999999998579, 1.600000000000000089, -18.50000000000000355 ) ) ;
#882 = ORIENTED_EDGE ( 'NONE', *, *, #1172, .F. ) ;
#883 = CARTESIAN_POINT ( 'NONE',  ( -5.709999999999992859, 1.600000000000000089, -20.25000000000000000 ) ) ;
#884 = LINE ( 'NONE', #1663, #4750 ) ;
#885 = CARTESIAN_POINT ( 'NONE',  ( 0.000000000000000000, 4.750000000000000000, 0.000000000000000000 ) ) ;
#886 = ORIENTED_EDGE ( 'NONE', *, *, #971, .F. ) ;
#887 = LINE ( 'NONE', #2512, #3589 ) ;
#888 = EDGE_CURVE ( 'NONE', #5216, #518, #1762, .T. ) ;
#889 = CARTESIAN_POINT ( 'NONE',  ( -17.40999999999999659, 11.09999999999999964, 20.25000000000000000 ) ) ;
#890 = LINE ( 'NONE', #4165, #2185 ) ;
#891 = ORIENTED_EDGE ( 'NONE', *, *, #2105, .T. ) ;
#892 = VERTEX_POINT ( 'NONE', #3357 ) ;
#893 = VECTOR ( 'NONE', #2919, 1000.000000000000000 ) ;
#894 = VERTEX_POINT ( 'NONE', #2130 ) ;
#895 = DIRECTION ( 'NONE',  ( -0.000000000000000000, -1.000000000000000000, -0.000000000000000000 ) ) ;
#896 = CARTESIAN_POINT ( 'NONE',  ( 12.59999999999999964, -5.899999999999997691, 10.50000000000000000 ) ) ;
#897 = CARTESIAN_POINT ( 'NONE',  ( -24.39999999999999147, 11.09999999999999964, -20.90000000000000213 ) ) ;
#898 = ORIENTED_EDGE ( 'NONE', *, *, #4615, .T. ) ;
#899 = LINE ( 'NONE', #4147, #1999 ) ;
#900 = CARTESIAN_POINT ( 'NONE',  ( -19.94999999999999574, 1.600000000000000089, -20.25000000000000000 ) ) ;
#901 = EDGE_LOOP ( 'NONE', ( #2284, #409, #3369, #2717 ) ) ;
#902 = LINE ( 'NONE', #3378, #862 ) ;
#903 = EDGE_CURVE ( 'NONE', #2903, #4281, #113, .T. ) ;
#904 = CARTESIAN_POINT ( 'NONE',  ( 29.90000000000000924, -2.357646905986661039E-14, 6.250000000000000000 ) ) ;
#905 = DIRECTION ( 'NONE',  ( 0.000000000000000000, 0.000000000000000000, -1.000000000000000000 ) ) ;
#906 = EDGE_LOOP ( 'NONE', ( #849, #2516, #4366, #4410 ) ) ;
#907 = AXIS2_PLACEMENT_3D ( 'NONE', #3080, #4700, #2707 ) ;
#908 = ADVANCED_FACE ( 'NONE', ( #4974 ), #3779, .T. ) ;
#909 = CARTESIAN_POINT ( 'NONE',  ( -13.32999999999999474, 11.09999999999999964, 20.25000000000000000 ) ) ;
#910 = LINE ( 'NONE', #4922, #2801 ) ;
#911 = LINE ( 'NONE', #2083, #3306 ) ;
#912 = ORIENTED_EDGE ( 'NONE', *, *, #4248, .F. ) ;
#913 = VECTOR ( 'NONE', #4240, 1000.000000000000000 ) ;
#914 = DIRECTION ( 'NONE',  ( 1.000000000000000000, 0.000000000000000000, -0.000000000000000000 ) ) ;
#915 = CARTESIAN_POINT ( 'NONE',  ( 2.910000000000009912, 11.09999999999999964, -20.25000000000000000 ) ) ;
#916 = ORIENTED_EDGE ( 'NONE', *, *, #4207, .T. ) ;
#917 = ORIENTED_EDGE ( 'NONE', *, *, #2569, .F. ) ;
#918 = ORIENTED_EDGE ( 'NONE', *, *, #2171, .F. ) ;
#919 = DIRECTION ( 'NONE',  ( -0.000000000000000000, -1.000000000000000000, -0.000000000000000000 ) ) ;
#920 = DIRECTION ( 'NONE',  ( -0.000000000000000000, -0.000000000000000000, 1.000000000000000000 ) ) ;
#921 = DIRECTION ( 'NONE',  ( -0.000000000000000000, -1.000000000000000000, -0.000000000000000000 ) ) ;
#922 = EDGE_LOOP ( 'NONE', ( #2942, #16, #3084, #647 ) ) ;
#923 = EDGE_CURVE ( 'NONE', #1243, #1143, #2956, .T. ) ;
#924 = LINE ( 'NONE', #2125, #1379 ) ;
#925 = AXIS2_PLACEMENT_3D ( 'NONE', #1432, #1405, #2248 ) ;
#926 = ORIENTED_EDGE ( 'NONE', *, *, #1853, .F. ) ;
#927 = AXIS2_PLACEMENT_3D ( 'NONE', #433, #4450, #1582 ) ;
#928 = AXIS2_PLACEMENT_3D ( 'NONE', #2087, #1668, #2539 ) ;
#929 = DIRECTION ( 'NONE',  ( -1.000000000000000000, 0.000000000000000000, 0.000000000000000000 ) ) ;
#930 = CARTESIAN_POINT ( 'NONE',  ( -20.94999999999999574, 11.09999999999999964, 20.25000000000000000 ) ) ;
#931 = LINE ( 'NONE', #2583, #4948 ) ;
#932 = VERTEX_POINT ( 'NONE', #2158 ) ;
#933 = ADVANCED_FACE ( 'NONE', ( #4998 ), #1358, .T. ) ;
#934 = LINE ( 'NONE', #4049, #1562 ) ;
#935 = PLANE ( 'NONE',  #4924 ) ;
#936 = DIRECTION ( 'NONE',  ( -0.000000000000000000, -0.000000000000000000, 1.000000000000000000 ) ) ;
#937 = VECTOR ( 'NONE', #564, 1000.000000000000000 ) ;
#938 = ORIENTED_EDGE ( 'NONE', *, *, #1875, .T. ) ;
#939 = EDGE_CURVE ( 'NONE', #2847, #1854, #1256, .T. ) ;
#940 = CARTESIAN_POINT ( 'NONE',  ( 8.900000000000005684, 11.09999999999999964, -18.60000000000000142 ) ) ;
#941 = LINE ( 'NONE', #546, #492 ) ;
#942 = EDGE_CURVE ( 'NONE', #38, #4270, #1812, .T. ) ;
#943 = VERTEX_POINT ( 'NONE', #2681 ) ;
#944 = ORIENTED_EDGE ( 'NONE', *, *, #4375, .T. ) ;
#945 = ORIENTED_EDGE ( 'NONE', *, *, #2110, .F. ) ;
#946 = CARTESIAN_POINT ( 'NONE',  ( -18.40999999999999659, 11.09999999999999964, 19.25000000000000000 ) ) ;
#947 = DIRECTION ( 'NONE',  ( -0.000000000000000000, -0.000000000000000000, -1.000000000000000000 ) ) ;
#948 = LINE ( 'NONE', #3793, #2282 ) ;
#949 = EDGE_LOOP ( 'NONE', ( #2172, #1559, #2095, #4439 ) ) ;
#950 = VECTOR ( 'NONE', #815, 1000.000000000000000 ) ;
#951 = DIRECTION ( 'NONE',  ( 0.000000000000000000, 0.000000000000000000, 1.000000000000000000 ) ) ;
#952 = STYLED_ITEM ( 'NONE', ( #4228 ), #1347 ) ;
#953 = CARTESIAN_POINT ( 'NONE',  ( -10.78999999999999382, 11.09999999999999964, 19.25000000000000000 ) ) ;
#954 = ADVANCED_FACE ( 'NONE', ( #266 ), #3029, .T. ) ;
#955 = DIRECTION ( 'NONE',  ( -0.000000000000000000, -0.000000000000000000, 1.000000000000000000 ) ) ;
#956 = VECTOR ( 'NONE', #1328, 1000.000000000000000 ) ;
#957 = DIRECTION ( 'NONE',  ( 0.000000000000000000, 0.000000000000000000, 1.000000000000000000 ) ) ;
#958 = DIRECTION ( 'NONE',  ( 0.000000000000000000, 0.000000000000000000, 1.000000000000000000 ) ) ;
#959 = ORIENTED_EDGE ( 'NONE', *, *, #4287, .F. ) ;
#960 = VECTOR ( 'NONE', #3166, 1000.000000000000000 ) ;
#961 = VECTOR ( 'NONE', #4157, 1000.000000000000000 ) ;
#962 = PLANE ( 'NONE',  #3729 ) ;
#963 = LINE ( 'NONE', #166, #2890 ) ;
#964 = LINE ( 'NONE', #2561, #4814 ) ;
#965 = ORIENTED_EDGE ( 'NONE', *, *, #160, .F. ) ;
#966 = CARTESIAN_POINT ( 'NONE',  ( -37.49999999999999289, 1.600000000000000089, 22.49999999999999645 ) ) ;
#967 = LINE ( 'NONE', #2964, #3033 ) ;
#968 = EDGE_CURVE ( 'NONE', #2830, #1801, #1385, .T. ) ;
#969 = ORIENTED_EDGE ( 'NONE', *, *, #5096, .T. ) ;
#970 = ORIENTED_EDGE ( 'NONE', *, *, #3089, .F. ) ;
#971 = EDGE_CURVE ( 'NONE', #2483, #5089, #1412, .T. ) ;
#972 = ORIENTED_EDGE ( 'NONE', *, *, #2690, .T. ) ;
#973 = FACE_OUTER_BOUND ( 'NONE', #4236, .T. ) ;
#974 = DIRECTION ( 'NONE',  ( -0.000000000000000000, -1.000000000000000000, -0.000000000000000000 ) ) ;
#975 = PLANE ( 'NONE',  #80 ) ;
#976 = EDGE_CURVE ( 'NONE', #2706, #4019, #1010, .T. ) ;
#977 = EDGE_LOOP ( 'NONE', ( #2040, #1454, #5157, #4937 ) ) ;
#978 = FACE_BOUND ( 'NONE', #3736, .T. ) ;
#979 = DIRECTION ( 'NONE',  ( 0.000000000000000000, -1.000000000000000000, 0.000000000000000000 ) ) ;
#980 = DIRECTION ( 'NONE',  ( -1.000000000000000000, -0.000000000000000000, -0.000000000000000000 ) ) ;
#981 = CARTESIAN_POINT ( 'NONE',  ( -13.32999999999999474, 11.09999999999999964, 19.25000000000000000 ) ) ;
#982 = LINE ( 'NONE', #611, #1815 ) ;
#983 = EDGE_LOOP ( 'NONE', ( #4609, #2045, #2668, #2694 ) ) ;
#984 = VECTOR ( 'NONE', #2002, 1000.000000000000000 ) ;
#985 = CARTESIAN_POINT ( 'NONE',  ( 12.59999999999999964, 0.000000000000000000, -10.50000000000000000 ) ) ;
#986 = DIRECTION ( 'NONE',  ( -0.000000000000000000, -1.000000000000000000, -0.000000000000000000 ) ) ;
#987 = VERTEX_POINT ( 'NONE', #663 ) ;
#988 = PLANE ( 'NONE',  #2869 ) ;
#989 = VECTOR ( 'NONE', #627, 1000.000000000000000 ) ;
#990 = VERTEX_POINT ( 'NONE', #3852 ) ;
#991 = EDGE_CURVE ( 'NONE', #528, #4905, #2206, .T. ) ;
#992 = FACE_OUTER_BOUND ( 'NONE', #2810, .T. ) ;
#993 = CARTESIAN_POINT ( 'NONE',  ( -15.86999999999999567, 11.09999999999999964, -20.25000000000000000 ) ) ;
#994 = AXIS2_PLACEMENT_3D ( 'NONE', #930, #1008, #2631 ) ;
#995 = ORIENTED_EDGE ( 'NONE', *, *, #2600, .F. ) ;
#996 = LINE ( 'NONE', #4341, #4737 ) ;
#997 = VECTOR ( 'NONE', #2189, 1000.000000000000000 ) ;
#998 = ADVANCED_FACE ( 'NONE', ( #3431 ), #4256, .T. ) ;
#999 = ORIENTED_EDGE ( 'NONE', *, *, #100, .F. ) ;
#1000 = LINE ( 'NONE', #2621, #4495 ) ;
#1001 = DIRECTION ( 'NONE',  ( -0.000000000000000000, -1.000000000000000000, -0.000000000000000000 ) ) ;
#1002 = DIRECTION ( 'NONE',  ( -0.000000000000000000, -1.000000000000000000, -0.000000000000000000 ) ) ;
#1003 = ORIENTED_EDGE ( 'NONE', *, *, #2178, .T. ) ;
#1004 = FACE_BOUND ( 'NONE', #1790, .T. ) ;
#1005 = EDGE_CURVE ( 'NONE', #733, #3865, #982, .T. ) ;
#1006 = ORIENTED_EDGE ( 'NONE', *, *, #1597, .F. ) ;
#1007 = CARTESIAN_POINT ( 'NONE',  ( 6.990000000000009983, 1.600000000000000089, 19.25000000000000000 ) ) ;
#1008 = DIRECTION ( 'NONE',  ( 1.000000000000000000, -0.000000000000000000, 0.000000000000000000 ) ) ;
#1009 = EDGE_CURVE ( 'NONE', #1912, #3872, #4724, .T. ) ;
#1010 = LINE ( 'NONE', #3006, #452 ) ;
#1011 = ORIENTED_EDGE ( 'NONE', *, *, #923, .T. ) ;
#1012 = VECTOR ( 'NONE', #3228, 1000.000000000000000 ) ;
#1013 = UNCERTAINTY_MEASURE_WITH_UNIT (LENGTH_MEASURE( 1.000000000000000082E-05 ), #2261, 'distance_accuracy_value', 'NONE');
#1014 = CARTESIAN_POINT ( 'NONE',  ( -19.94999999999999574, 11.09999999999999964, 20.25000000000000000 ) ) ;
#1015 = CARTESIAN_POINT ( 'NONE',  ( 0.3700000000000092104, 1.600000000000000089, -19.25000000000000000 ) ) ;
#1016 = CARTESIAN_POINT ( 'NONE',  ( -23.48999999999999844, 11.09999999999999964, 19.25000000000000000 ) ) ;
#1017 = EDGE_LOOP ( 'NONE', ( #4162, #3324, #2800, #4643 ) ) ;
#1018 = DIRECTION ( 'NONE',  ( -0.000000000000000000, -0.000000000000000000, -1.000000000000000000 ) ) ;
#1019 = EDGE_CURVE ( 'NONE', #3656, #4146, #2632, .T. ) ;
#1020 = FACE_OUTER_BOUND ( 'NONE', #73, .T. ) ;
#1021 = AXIS2_PLACEMENT_3D ( 'NONE', #2236, #1416, #3807 ) ;
#1022 = EDGE_LOOP ( 'NONE', ( #3681, #10, #2762, #3290 ) ) ;
#1023 = LINE ( 'NONE', #4686, #2197 ) ;
#1024 = ORIENTED_EDGE ( 'NONE', *, *, #4806, .T. ) ;
#1025 = PLANE ( 'NONE',  #3648 ) ;
#1026 = CARTESIAN_POINT ( 'NONE',  ( -19.94999999999999574, 1.600000000000000089, -19.25000000000000000 ) ) ;
#1027 = DIRECTION ( 'NONE',  ( -0.000000000000000000, -1.000000000000000000, -0.000000000000000000 ) ) ;
#1028 = VERTEX_POINT ( 'NONE', #2283 ) ;
#1029 = EDGE_CURVE ( 'NONE', #2015, #2909, #3829, .T. ) ;
#1030 = LINE ( 'NONE', #4298, #26 ) ;
#1031 = LINE ( 'NONE', #3927, #5114 ) ;
#1032 = LINE ( 'NONE', #1883, #1466 ) ;
#1033 = CARTESIAN_POINT ( 'NONE',  ( 30.60000000000000497, 0.000000000000000000, -6.250000000000000000 ) ) ;
#1034 = EDGE_CURVE ( 'NONE', #4626, #2090, #4674, .T. ) ;
#1035 = EDGE_CURVE ( 'NONE', #4707, #1987, #1037, .T. ) ;
#1036 = AXIS2_PLACEMENT_3D ( 'NONE', #3618, #4096, #1306 ) ;
#1037 = LINE ( 'NONE', #238, #197 ) ;
#1038 = ORIENTED_EDGE ( 'NONE', *, *, #2113, .F. ) ;
#1039 = EDGE_CURVE ( 'NONE', #143, #3099, #4280, .T. ) ;
#1040 = VECTOR ( 'NONE', #1196, 1000.000000000000000 ) ;
#1041 = CARTESIAN_POINT ( 'NONE',  ( 34.30000000000000426, -2.699999999999999289, -6.250000000000000000 ) ) ;
#1042 = CARTESIAN_POINT ( 'NONE',  ( 0.000000000000000000, 0.000000000000000000, 10.50000000000000000 ) ) ;
#1043 = ADVANCED_FACE ( 'NONE', ( #3485 ), #5102, .T. ) ;
#1044 = LINE ( 'NONE', #1795, #2955 ) ;
#1045 = AXIS2_PLACEMENT_3D ( 'NONE', #3987, #1998, #3249 ) ;
#1046 = EDGE_LOOP ( 'NONE', ( #356, #279, #4399, #3576 ) ) ;
#1047 = CARTESIAN_POINT ( 'NONE',  ( -15.86999999999999567, 11.09999999999999964, -20.25000000000000000 ) ) ;
#1048 = FACE_OUTER_BOUND ( 'NONE', #2786, .T. ) ;
#1049 = ORIENTED_EDGE ( 'NONE', *, *, #4248, .T. ) ;
#1050 = VECTOR ( 'NONE', #1018, 1000.000000000000000 ) ;
#1051 = CARTESIAN_POINT ( 'NONE',  ( 1.910000000000009024, 1.600000000000000089, 20.25000000000000000 ) ) ;
#1052 = EDGE_CURVE ( 'NONE', #1267, #1918, #3511, .T. ) ;
#1053 = ORIENTED_EDGE ( 'NONE', *, *, #4760, .T. ) ;
#1054 = LINE ( 'NONE', #626, #2118 ) ;
#1055 = LINE ( 'NONE', #3845, #3279 ) ;
#1056 = FACE_OUTER_BOUND ( 'NONE', #3062, .T. ) ;
#1057 = EDGE_LOOP ( 'NONE', ( #1246, #5121 ) ) ;
#1058 = PLANE ( 'NONE',  #2911 ) ;
#1059 = LINE ( 'NONE', #3976, #3505 ) ;
#1060 = DIRECTION ( 'NONE',  ( 1.000000000000000000, 0.000000000000000000, 0.000000000000000000 ) ) ;
#1061 = EDGE_LOOP ( 'NONE', ( #20, #2192 ) ) ;
#1062 = FACE_OUTER_BOUND ( 'NONE', #622, .T. ) ;
#1063 = DIRECTION ( 'NONE',  ( -0.000000000000000000, -1.000000000000000000, -0.000000000000000000 ) ) ;
#1064 = ORIENTED_EDGE ( 'NONE', *, *, #3609, .T. ) ;
#1065 = VECTOR ( 'NONE', #895, 1000.000000000000000 ) ;
#1066 = EDGE_CURVE ( 'NONE', #5257, #3432, #2310, .T. ) ;
#1067 = CARTESIAN_POINT ( 'NONE',  ( -19.94999999999999574, 11.09999999999999964, -19.25000000000000000 ) ) ;
#1068 = FACE_OUTER_BOUND ( 'NONE', #3935, .T. ) ;
#1069 = DIRECTION ( 'NONE',  ( 0.000000000000000000, 0.000000000000000000, 1.000000000000000000 ) ) ;
#1070 = CARTESIAN_POINT ( 'NONE',  ( 0.000000000000000000, 0.000000000000000000, 0.000000000000000000 ) ) ;
#1071 = ORIENTED_EDGE ( 'NONE', *, *, #3896, .T. ) ;
#1072 = EDGE_CURVE ( 'NONE', #2895, #1184, #294, .T. ) ;
#1073 = CARTESIAN_POINT ( 'NONE',  ( 4.450000000000009948, 11.09999999999999964, -19.25000000000000000 ) ) ;
#1074 = DIRECTION ( 'NONE',  ( 0.000000000000000000, -1.000000000000000000, 0.000000000000000000 ) ) ;
#1075 = ORIENTED_EDGE ( 'NONE', *, *, #3405, .F. ) ;
#1076 = DIRECTION ( 'NONE',  ( 1.000000000000000000, -0.000000000000000000, -0.000000000000000000 ) ) ;
#1077 = ORIENTED_EDGE ( 'NONE', *, *, #2839, .F. ) ;
#1078 = VECTOR ( 'NONE', #1836, 1000.000000000000000 ) ;
#1079 = DIRECTION ( 'NONE',  ( -0.000000000000000000, -0.000000000000000000, 1.000000000000000000 ) ) ;
#1080 = DIRECTION ( 'NONE',  ( -1.000000000000000000, -0.000000000000000000, -0.000000000000000000 ) ) ;
#1081 = ORIENTED_EDGE ( 'NONE', *, *, #175, .F. ) ;
#1082 = DIRECTION ( 'NONE',  ( 0.000000000000000000, -0.000000000000000000, 1.000000000000000000 ) ) ;
#1083 = DIRECTION ( 'NONE',  ( -1.000000000000000000, 0.000000000000000000, 0.000000000000000000 ) ) ;
#1084 = CARTESIAN_POINT ( 'NONE',  ( -15.86999999999999567, 1.600000000000000089, -20.25000000000000000 ) ) ;
#1085 = ORIENTED_EDGE ( 'NONE', *, *, #3463, .F. ) ;
#1086 = FACE_OUTER_BOUND ( 'NONE', #2387, .T. ) ;
#1087 = ADVANCED_FACE ( 'NONE', ( #3110 ), #1865, .T. ) ;
#1088 = DIRECTION ( 'NONE',  ( 1.000000000000000000, 0.000000000000000000, 0.000000000000000000 ) ) ;
#1089 = ORIENTED_EDGE ( 'NONE', *, *, #4194, .T. ) ;
#1090 = LINE ( 'NONE', #3514, #1372 ) ;
#1091 = CARTESIAN_POINT ( 'NONE',  ( -37.49999999999999289, 0.000000000000000000, 22.49999999999999645 ) ) ;
#1092 = DIRECTION ( 'NONE',  ( -0.000000000000000000, -1.000000000000000000, -0.000000000000000000 ) ) ;
#1093 = DIRECTION ( 'NONE',  ( 1.000000000000000000, 0.000000000000000000, -0.000000000000000000 ) ) ;
#1094 = EDGE_CURVE ( 'NONE', #987, #1629, #1090, .T. ) ;
#1095 = ORIENTED_EDGE ( 'NONE', *, *, #1501, .F. ) ;
#1096 = AXIS2_PLACEMENT_3D ( 'NONE', #5076, #1444, #3059 ) ;
#1097 = VECTOR ( 'NONE', #255, 1000.000000000000000 ) ;
#1098 = FACE_OUTER_BOUND ( 'NONE', #174, .T. ) ;
#1099 = PLANE ( 'NONE',  #1848 ) ;
#1100 = VERTEX_POINT ( 'NONE', #2713 ) ;
#1101 = DIRECTION ( 'NONE',  ( 0.000000000000000000, 0.000000000000000000, -1.000000000000000000 ) ) ;
#1102 = ADVANCED_FACE ( 'NONE', ( #5184 ), #2288, .F. ) ;
#1103 = ORIENTED_EDGE ( 'NONE', *, *, #4543, .T. ) ;
#1104 = VECTOR ( 'NONE', #4415, 1000.000000000000000 ) ;
#1105 = EDGE_CURVE ( 'NONE', #3688, #2628, #1963, .T. ) ;
#1106 = DIRECTION ( 'NONE',  ( -0.000000000000000000, -1.000000000000000000, -0.000000000000000000 ) ) ;
#1107 = CARTESIAN_POINT ( 'NONE',  ( 2.910000000000009912, 11.09999999999999964, -20.25000000000000000 ) ) ;
#1108 = ORIENTED_EDGE ( 'NONE', *, *, #2336, .F. ) ;
#1109 = CARTESIAN_POINT ( 'NONE',  ( -3.169999999999992379, 1.600000000000000089, -20.25000000000000000 ) ) ;
#1110 = CARTESIAN_POINT ( 'NONE',  ( -37.49999999999999289, 1.600000000000000089, -22.50000000000000355 ) ) ;
#1111 = CARTESIAN_POINT ( 'NONE',  ( -9.789999999999993818, 1.600000000000000089, 20.25000000000000000 ) ) ;
#1112 = VERTEX_POINT ( 'NONE', #3135 ) ;
#1113 = DIRECTION ( 'NONE',  ( -1.000000000000000000, 0.000000000000000000, 0.000000000000000000 ) ) ;
#1114 = CARTESIAN_POINT ( 'NONE',  ( 8.900000000000005684, 1.600000000000000089, -20.90000000000000213 ) ) ;
#1115 = ORIENTED_EDGE ( 'NONE', *, *, #3463, .T. ) ;
#1116 = EDGE_CURVE ( 'NONE', #1947, #4464, #3162, .T. ) ;
#1117 = DIRECTION ( 'NONE',  ( -0.000000000000000000, -1.000000000000000000, -0.000000000000000000 ) ) ;
#1119 = VECTOR ( 'NONE', #4837, 1000.000000000000000 ) ;
#1118 = LINE ( 'NONE', #770, #2708 ) ;
#1120 = LINE ( 'NONE', #2686, #227 ) ;
#1121 = DIRECTION ( 'NONE',  ( -1.000000000000000000, -0.000000000000000000, -0.000000000000000000 ) ) ;
#1122 = EDGE_LOOP ( 'NONE', ( #4588, #557, #1244, #4396 ) ) ;
#1123 = VECTOR ( 'NONE', #5150, 1000.000000000000000 ) ;
#1124 = DIRECTION ( 'NONE',  ( 0.000000000000000000, -0.000000000000000000, -1.000000000000000000 ) ) ;
#1125 = AXIS2_PLACEMENT_3D ( 'NONE', #2606, #4305, #1837 ) ;
#1126 = ORIENTED_EDGE ( 'NONE', *, *, #3251, .T. ) ;
#1127 = PLANE ( 'NONE',  #4237 ) ;
#1128 = VECTOR ( 'NONE', #3879, 1000.000000000000000 ) ;
#1129 = ORIENTED_EDGE ( 'NONE', *, *, #939, .T. ) ;
#1130 = EDGE_CURVE ( 'NONE', #837, #4738, #2738, .T. ) ;
#1131 = CARTESIAN_POINT ( 'NONE',  ( -7.249999999999992895, 11.09999999999999964, 20.25000000000000000 ) ) ;
#1132 = AXIS2_PLACEMENT_3D ( 'NONE', #2590, #2265, #4611 ) ;
#1133 = CARTESIAN_POINT ( 'NONE',  ( -13.32999999999999474, 1.600000000000000089, -20.25000000000000000 ) ) ;
#1134 = VERTEX_POINT ( 'NONE', #4781 ) ;
#1135 = EDGE_CURVE ( 'NONE', #4081, #2698, #240, .T. ) ;
#1136 = DIRECTION ( 'NONE',  ( 0.000000000000000000, 0.000000000000000000, -1.000000000000000000 ) ) ;
#1137 = LINE ( 'NONE', #631, #22 ) ;
#1138 = EDGE_CURVE ( 'NONE', #4222, #2895, #1939, .T. ) ;
#1139 = DIRECTION ( 'NONE',  ( 0.000000000000000000, 0.000000000000000000, 1.000000000000000000 ) ) ;
#1140 = ORIENTED_EDGE ( 'NONE', *, *, #4381, .T. ) ;
#1141 = CARTESIAN_POINT ( 'NONE',  ( -20.94999999999999574, 1.600000000000000089, -20.25000000000000000 ) ) ;
#1142 = DIRECTION ( 'NONE',  ( 0.000000000000000000, 0.000000000000000000, 1.000000000000000000 ) ) ;
#1143 = VERTEX_POINT ( 'NONE', #1144 ) ;
#1144 = CARTESIAN_POINT ( 'NONE',  ( -13.32999999999999474, 1.600000000000000089, 20.25000000000000000 ) ) ;
#1145 = DIRECTION ( 'NONE',  ( -0.000000000000000000, -1.000000000000000000, -0.000000000000000000 ) ) ;
#1146 = FACE_OUTER_BOUND ( 'NONE', #3193, .T. ) ;
#1147 = CARTESIAN_POINT ( 'NONE',  ( -13.32999999999999474, 1.600000000000000089, -20.25000000000000000 ) ) ;
#1148 = AXIS2_PLACEMENT_3D ( 'NONE', #3212, #817, #4832 ) ;
#1149 = ORIENTED_EDGE ( 'NONE', *, *, #3552, .T. ) ;
#1150 = CARTESIAN_POINT ( 'NONE',  ( 30.60000000000000497, -4.400000000000000355, -6.250000000000000000 ) ) ;
#1151 = DIRECTION ( 'NONE',  ( 1.000000000000000000, 0.000000000000000000, 0.000000000000000000 ) ) ;
#1152 = EDGE_CURVE ( 'NONE', #5257, #3545, #346, .T. ) ;
#1153 = FACE_OUTER_BOUND ( 'NONE', #3509, .T. ) ;
#1154 = ORIENTED_EDGE ( 'NONE', *, *, #812, .T. ) ;
#1155 = EDGE_LOOP ( 'NONE', ( #554, #384, #4486, #3622 ) ) ;
#1156 = CARTESIAN_POINT ( 'NONE',  ( -14.86999999999999389, 1.600000000000000089, -19.25000000000000000 ) ) ;
#1157 = PLANE ( 'NONE',  #4143 ) ;
#1158 = ORIENTED_EDGE ( 'NONE', *, *, #4028, .F. ) ;
#1159 = CARTESIAN_POINT ( 'NONE',  ( -37.49999999999999289, 1.600000000000000089, 22.49999999999999645 ) ) ;
#1160 = ADVANCED_FACE ( 'NONE', ( #2763 ), #2313, .F. ) ;
#1161 = VECTOR ( 'NONE', #4935, 1000.000000000000000 ) ;
#1162 = ORIENTED_EDGE ( 'NONE', *, *, #1393, .F. ) ;
#1163 = CARTESIAN_POINT ( 'NONE',  ( 33.50000000000000000, 1.600000000000000089, 18.49999999999999289 ) ) ;
#1164 = ORIENTED_EDGE ( 'NONE', *, *, #3913, .T. ) ;
#1165 = PLANE ( 'NONE',  #3185 ) ;
#1166 = DIRECTION ( 'NONE',  ( 1.000000000000000000, 0.000000000000000000, 0.000000000000000000 ) ) ;
#1167 = EDGE_CURVE ( 'NONE', #5264, #1924, #5159, .T. ) ;
#1168 = VECTOR ( 'NONE', #4732, 1000.000000000000000 ) ;
#1169 = ORIENTED_EDGE ( 'NONE', *, *, #1665, .F. ) ;
#1170 = VECTOR ( 'NONE', #2237, 1000.000000000000000 ) ;
#1171 = PLANE ( 'NONE',  #1722 ) ;
#1172 = EDGE_CURVE ( 'NONE', #4835, #3155, #2684, .T. ) ;
#1173 = CARTESIAN_POINT ( 'NONE',  ( -24.39999999999999147, 11.09999999999999964, -20.90000000000000213 ) ) ;
#1174 = CARTESIAN_POINT ( 'NONE',  ( -24.39999999999999147, 11.09999999999999964, -18.60000000000000142 ) ) ;
#1175 = CARTESIAN_POINT ( 'NONE',  ( 1.910000000000009024, 11.09999999999999964, 19.25000000000000000 ) ) ;
#1176 = ORIENTED_EDGE ( 'NONE', *, *, #1332, .F. ) ;
#1177 = DIRECTION ( 'NONE',  ( 1.000000000000000000, 0.000000000000000000, 0.000000000000000000 ) ) ;
#1178 = FACE_OUTER_BOUND ( 'NONE', #1155, .T. ) ;
#1179 = DIRECTION ( 'NONE',  ( -0.000000000000000000, -1.000000000000000000, -0.000000000000000000 ) ) ;
#1180 = AXIS2_PLACEMENT_3D ( 'NONE', #2184, #3832, #165 ) ;
#1181 = ORIENTED_EDGE ( 'NONE', *, *, #1845, .T. ) ;
#1182 = VECTOR ( 'NONE', #2296, 1000.000000000000000 ) ;
#1183 = AXIS2_PLACEMENT_3D ( 'NONE', #2831, #410, #2033 ) ;
#1184 = VERTEX_POINT ( 'NONE', #4754 ) ;
#1185 = LINE ( 'NONE', #360, #1785 ) ;
#1186 = PLANE ( 'NONE',  #3116 ) ;
#1187 = ORIENTED_EDGE ( 'NONE', *, *, #1719, .T. ) ;
#1188 = ORIENTED_EDGE ( 'NONE', *, *, #4632, .T. ) ;
#1189 = CARTESIAN_POINT ( 'NONE',  ( -18.40999999999999659, 11.09999999999999964, -19.25000000000000000 ) ) ;
#1190 = ORIENTED_EDGE ( 'NONE', *, *, #2630, .T. ) ;
#1191 = LINE ( 'NONE', #1245, #2815 ) ;
#1192 = EDGE_CURVE ( 'NONE', #4842, #1985, #4360, .T. ) ;
#1193 = EDGE_LOOP ( 'NONE', ( #3303, #2182, #300, #4433 ) ) ;
#1194 = DIRECTION ( 'NONE',  ( -1.000000000000000000, -0.000000000000000000, -0.000000000000000000 ) ) ;
#1195 = VECTOR ( 'NONE', #856, 1000.000000000000000 ) ;
#1196 = DIRECTION ( 'NONE',  ( -1.000000000000000000, -0.000000000000000000, -0.000000000000000000 ) ) ;
#1197 = ORIENTED_EDGE ( 'NONE', *, *, #486, .T. ) ;
#1198 = ORIENTED_EDGE ( 'NONE', *, *, #3983, .T. ) ;
#1199 = PLANE ( 'NONE',  #2819 ) ;
#1200 = ADVANCED_FACE ( 'NONE', ( #2338 ), #3591, .T. ) ;
#1201 = LINE ( 'NONE', #2094, #3043 ) ;
#1202 = FACE_OUTER_BOUND ( 'NONE', #4407, .T. ) ;
#1203 = LINE ( 'NONE', #1175, #1810 ) ;
#1204 = ORIENTED_EDGE ( 'NONE', *, *, #2952, .F. ) ;
#1205 = ADVANCED_FACE ( 'NONE', ( #4808 ), #1171, .T. ) ;
#1206 = EDGE_CURVE ( 'NONE', #943, #1370, #2729, .T. ) ;
#1207 = DIRECTION ( 'NONE',  ( 0.000000000000000000, 0.000000000000000000, -1.000000000000000000 ) ) ;
#1208 = CARTESIAN_POINT ( 'NONE',  ( -13.32999999999999474, 1.600000000000000089, -19.25000000000000000 ) ) ;
#1209 = AXIS2_PLACEMENT_3D ( 'NONE', #3482, #2705, #263 ) ;
#1210 = DIRECTION ( 'NONE',  ( 0.000000000000000000, 0.000000000000000000, 1.000000000000000000 ) ) ;
#1211 = VECTOR ( 'NONE', #3984, 1000.000000000000000 ) ;
#1212 = ORIENTED_EDGE ( 'NONE', *, *, #3605, .F. ) ;
#1213 = ORIENTED_EDGE ( 'NONE', *, *, #2302, .T. ) ;
#1214 = VECTOR ( 'NONE', #1627, 1000.000000000000000 ) ;
#1215 = CARTESIAN_POINT ( 'NONE',  ( 4.450000000000009948, 1.600000000000000089, 20.25000000000000000 ) ) ;
#1216 = DIRECTION ( 'NONE',  ( 0.000000000000000000, -1.000000000000000000, 0.000000000000000000 ) ) ;
#1217 = ORIENTED_EDGE ( 'NONE', *, *, #133, .T. ) ;
#1218 = ADVANCED_FACE ( 'NONE', ( #1252 ), #1199, .F. ) ;
#1219 = ORIENTED_EDGE ( 'NONE', *, *, #2885, .T. ) ;
#1220 = AXIS2_PLACEMENT_3D ( 'NONE', #138, #3381, #1333 ) ;
#1221 = VERTEX_POINT ( 'NONE', #375 ) ;
#1222 = DIRECTION ( 'NONE',  ( 0.000000000000000000, 0.000000000000000000, -1.000000000000000000 ) ) ;
#1223 = ORIENTED_EDGE ( 'NONE', *, *, #1035, .T. ) ;
#1224 = DIRECTION ( 'NONE',  ( 0.000000000000000000, 0.000000000000000000, 1.000000000000000000 ) ) ;
#1225 = EDGE_CURVE ( 'NONE', #4453, #528, #1995, .T. ) ;
#1226 = DIRECTION ( 'NONE',  ( -0.000000000000000000, -1.000000000000000000, -0.000000000000000000 ) ) ;
#1227 = EDGE_LOOP ( 'NONE', ( #2946, #2829, #3315, #1071 ) ) ;
#1228 = ORIENTED_EDGE ( 'NONE', *, *, #2926, .T. ) ;
#1229 = PLANE ( 'NONE',  #4003 ) ;
#1230 = PLANE ( 'NONE',  #2351 ) ;
#1231 = LINE ( 'NONE', #1147, #3508 ) ;
#1232 = ORIENTED_EDGE ( 'NONE', *, *, #4799, .F. ) ;
#1233 = ADVANCED_FACE ( 'NONE', ( #3645 ), #4889, .T. ) ;
#1234 = DIRECTION ( 'NONE',  ( 0.000000000000000000, 0.000000000000000000, 1.000000000000000000 ) ) ;
#1235 = CARTESIAN_POINT ( 'NONE',  ( -4.709999999999991971, 11.09999999999999964, -19.25000000000000000 ) ) ;
#1236 = CARTESIAN_POINT ( 'NONE',  ( -15.86999999999999567, 1.600000000000000089, -19.25000000000000000 ) ) ;
#1237 = ORIENTED_EDGE ( 'NONE', *, *, #5194, .T. ) ;
#1238 = ADVANCED_FACE ( 'NONE', ( #4442 ), #4411, .T. ) ;
#1239 = ORIENTED_EDGE ( 'NONE', *, *, #5061, .T. ) ;
#1240 = DIRECTION ( 'NONE',  ( 0.000000000000000000, 0.000000000000000000, -1.000000000000000000 ) ) ;
#1241 = DIRECTION ( 'NONE',  ( 1.000000000000000000, 0.000000000000000000, 0.000000000000000000 ) ) ;
#1242 = ORIENTED_EDGE ( 'NONE', *, *, #1496, .T. ) ;
#1243 = VERTEX_POINT ( 'NONE', #2 ) ;
#1244 = ORIENTED_EDGE ( 'NONE', *, *, #1567, .T. ) ;
#1245 = CARTESIAN_POINT ( 'NONE',  ( 37.50000000000000711, -2.700000000000000622, 6.249999999999998224 ) ) ;
#1246 = ORIENTED_EDGE ( 'NONE', *, *, #1820, .T. ) ;
#1247 = FACE_OUTER_BOUND ( 'NONE', #3023, .T. ) ;
#1248 = CARTESIAN_POINT ( 'NONE',  ( -17.40999999999999659, 1.600000000000000089, 20.25000000000000000 ) ) ;
#1249 = ORIENTED_EDGE ( 'NONE', *, *, #2323, .T. ) ;
#1250 = APPLICATION_CONTEXT ( 'automotive_design' ) ;
#1251 = ORIENTED_EDGE ( 'NONE', *, *, #3701, .F. ) ;
#1252 = FACE_OUTER_BOUND ( 'NONE', #1510, .T. ) ;
#1253 = VECTOR ( 'NONE', #2204, 1000.000000000000000 ) ;
#1254 = CARTESIAN_POINT ( 'NONE',  ( -9.789999999999993818, 11.09999999999999964, -20.25000000000000000 ) ) ;
#1255 = VECTOR ( 'NONE', #4534, 1000.000000000000000 ) ;
#1256 = LINE ( 'NONE', #4231, #449 ) ;
#1257 = EDGE_LOOP ( 'NONE', ( #3551, #3951, #2644, #3260 ) ) ;
#1258 = CARTESIAN_POINT ( 'NONE',  ( -7.249999999999992895, 11.09999999999999964, -19.25000000000000000 ) ) ;
#1259 = PLANE ( 'NONE',  #1279 ) ;
#1260 = EDGE_CURVE ( 'NONE', #4621, #2859, #850, .T. ) ;
#1261 = DIRECTION ( 'NONE',  ( 0.000000000000000000, 0.000000000000000000, -1.000000000000000000 ) ) ;
#1262 = ORIENTED_EDGE ( 'NONE', *, *, #4987, .F. ) ;
#1263 = ORIENTED_EDGE ( 'NONE', *, *, #2958, .F. ) ;
#1264 = CARTESIAN_POINT ( 'NONE',  ( -23.48999999999999844, 11.09999999999999964, -19.25000000000000000 ) ) ;
#1265 = LINE ( 'NONE', #3287, #3798 ) ;
#1266 = EDGE_CURVE ( 'NONE', #1282, #3039, #4070, .T. ) ;
#1267 = VERTEX_POINT ( 'NONE', #795 ) ;
#1268 = AXIS2_PLACEMENT_3D ( 'NONE', #1531, #3197, #1210 ) ;
#1269 = ORIENTED_EDGE ( 'NONE', *, *, #1984, .F. ) ;
#1270 = EDGE_CURVE ( 'NONE', #3557, #1143, #4492, .T. ) ;
#1271 = EDGE_LOOP ( 'NONE', ( #4170, #4107, #1176, #4080 ) ) ;
#1272 = DIRECTION ( 'NONE',  ( 1.000000000000000000, 0.000000000000000000, 0.000000000000000000 ) ) ;
#1273 = LINE ( 'NONE', #2413, #950 ) ;
#1274 = ORIENTED_EDGE ( 'NONE', *, *, #4024, .T. ) ;
#1275 = CARTESIAN_POINT ( 'NONE',  ( -23.48999999999999844, 11.09999999999999964, -19.25000000000000000 ) ) ;
#1276 = CARTESIAN_POINT ( 'NONE',  ( 2.910000000000009912, 1.600000000000000089, 20.25000000000000000 ) ) ;
#1277 = VERTEX_POINT ( 'NONE', #2420 ) ;
#1278 = LINE ( 'NONE', #3670, #1639 ) ;
#1279 = AXIS2_PLACEMENT_3D ( 'NONE', #4978, #2534, #2878 ) ;
#1280 = DIRECTION ( 'NONE',  ( 0.000000000000000000, 0.000000000000000000, 1.000000000000000000 ) ) ;
#1281 = FACE_OUTER_BOUND ( 'NONE', #3627, .T. ) ;
#1282 = VERTEX_POINT ( 'NONE', #84 ) ;
#1283 = EDGE_CURVE ( 'NONE', #4984, #1267, #3245, .T. ) ;
#1284 = CARTESIAN_POINT ( 'NONE',  ( -30.24999999999999289, 4.750000000000000000, -4.400000000000001243 ) ) ;
#1285 = CARTESIAN_POINT ( 'NONE',  ( 37.50000000000000711, -1.100000000000000311, -5.549999999999998934 ) ) ;
#1286 = LINE ( 'NONE', #1689, #1613 ) ;
#1287 = VERTEX_POINT ( 'NONE', #4866 ) ;
#1288 = DIRECTION ( 'NONE',  ( -1.000000000000000000, 0.000000000000000000, 1.196361017915039486E-16 ) ) ;
#1289 = LINE ( 'NONE', #3710, #2286 ) ;
#1290 = DIRECTION ( 'NONE',  ( 1.000000000000000000, 0.000000000000000000, 0.000000000000000000 ) ) ;
#1291 = VECTOR ( 'NONE', #1907, 1000.000000000000000 ) ;
#1292 = ORIENTED_EDGE ( 'NONE', *, *, #414, .T. ) ;
#1293 = ORIENTED_EDGE ( 'NONE', *, *, #1727, .F. ) ;
#1294 = ADVANCED_FACE ( 'NONE', ( #2046 ), #1229, .T. ) ;
#1295 = AXIS2_PLACEMENT_3D ( 'NONE', #4751, #1166, #3213 ) ;
#1296 = ORIENTED_EDGE ( 'NONE', *, *, #1116, .F. ) ;
#1297 = CARTESIAN_POINT ( 'NONE',  ( -4.709999999999991971, 11.09999999999999964, -19.25000000000000000 ) ) ;
#1298 = DIRECTION ( 'NONE',  ( -0.000000000000000000, -1.000000000000000000, -0.000000000000000000 ) ) ;
#1299 = PLANE ( 'NONE',  #1525 ) ;
#1300 = ORIENTED_EDGE ( 'NONE', *, *, #1172, .T. ) ;
#1301 = LINE ( 'NONE', #2923, #4289 ) ;
#1302 = VECTOR ( 'NONE', #464, 1000.000000000000000 ) ;
#1303 = CARTESIAN_POINT ( 'NONE',  ( -12.32999999999999297, 1.600000000000000089, 19.25000000000000000 ) ) ;
#1304 = EDGE_CURVE ( 'NONE', #4146, #4174, #1278, .T. ) ;
#1305 = ORIENTED_EDGE ( 'NONE', *, *, #3504, .T. ) ;
#1306 = DIRECTION ( 'NONE',  ( -1.000000000000000000, 0.000000000000000000, -0.000000000000000000 ) ) ;
#1307 = PLANE ( 'NONE',  #2438 ) ;
#1308 = VECTOR ( 'NONE', #2106, 1000.000000000000000 ) ;
#1309 = LINE ( 'NONE', #2504, #116 ) ;
#1310 = VERTEX_POINT ( 'NONE', #2392 ) ;
#1311 = CARTESIAN_POINT ( 'NONE',  ( -5.709999999999992859, 11.09999999999999964, 20.25000000000000000 ) ) ;
#1312 = CARTESIAN_POINT ( 'NONE',  ( 34.30000000000000426, -2.700000000000000622, 6.249999999999998224 ) ) ;
#1313 = LINE ( 'NONE', #61, #3898 ) ;
#1314 = VERTEX_POINT ( 'NONE', #2843 ) ;
#1315 = CARTESIAN_POINT ( 'NONE',  ( -15.86999999999999567, 11.09999999999999964, 19.25000000000000000 ) ) ;
#1316 = EDGE_CURVE ( 'NONE', #3345, #1744, #1657, .T. ) ;
#1317 = DIRECTION ( 'NONE',  ( 0.000000000000000000, 0.000000000000000000, 1.000000000000000000 ) ) ;
#1318 = ORIENTED_EDGE ( 'NONE', *, *, #1698, .F. ) ;
#1319 = ORIENTED_EDGE ( 'NONE', *, *, #1727, .T. ) ;
#1320 = VECTOR ( 'NONE', #316, 1000.000000000000000 ) ;
#1321 = ORIENTED_EDGE ( 'NONE', *, *, #3022, .F. ) ;
#1322 = LINE ( 'NONE', #2996, #1065 ) ;
#1323 = PLANE ( 'NONE',  #4893 ) ;
#1324 = FACE_BOUND ( 'NONE', #1271, .T. ) ;
#1325 = ORIENTED_EDGE ( 'NONE', *, *, #2990, .F. ) ;
#1326 = DIRECTION ( 'NONE',  ( 0.000000000000000000, 0.000000000000000000, 1.000000000000000000 ) ) ;
#1327 = EDGE_CURVE ( 'NONE', #987, #4458, #27, .T. ) ;
#1328 = DIRECTION ( 'NONE',  ( 0.000000000000000000, 0.000000000000000000, -1.000000000000000000 ) ) ;
#1329 = DIRECTION ( 'NONE',  ( 0.000000000000000000, 0.000000000000000000, 1.000000000000000000 ) ) ;
#1330 = SURFACE_STYLE_USAGE ( .BOTH. , #4971 ) ;
#1331 = CARTESIAN_POINT ( 'NONE',  ( 5.450000000000009948, 11.09999999999999964, 19.25000000000000000 ) ) ;
#1332 = EDGE_CURVE ( 'NONE', #2333, #1112, #2073, .T. ) ;
#1333 = DIRECTION ( 'NONE',  ( 1.734723475976805517E-15, 0.000000000000000000, 1.000000000000000000 ) ) ;
#1334 = ORIENTED_EDGE ( 'NONE', *, *, #3804, .T. ) ;
#1335 = VECTOR ( 'NONE', #4810, 1000.000000000000000 ) ;
#1336 = ADVANCED_FACE ( 'NONE', ( #3697 ), #53, .T. ) ;
#1337 = DIRECTION ( 'NONE',  ( -1.000000000000000000, 0.000000000000000000, 0.000000000000000000 ) ) ;
#1338 = FACE_OUTER_BOUND ( 'NONE', #4114, .T. ) ;
#1339 = CARTESIAN_POINT ( 'NONE',  ( -5.709999999999992859, 1.600000000000000089, -20.25000000000000000 ) ) ;
#1340 = ORIENTED_EDGE ( 'NONE', *, *, #5255, .F. ) ;
#1341 = VECTOR ( 'NONE', #3474, 1000.000000000000000 ) ;
#1342 = CARTESIAN_POINT ( 'NONE',  ( -9.789999999999993818, 11.09999999999999964, -20.25000000000000000 ) ) ;
#1343 = FACE_OUTER_BOUND ( 'NONE', #5093, .T. ) ;
#1344 = ORIENTED_EDGE ( 'NONE', *, *, #4798, .F. ) ;
#1345 = ORIENTED_EDGE ( 'NONE', *, *, #1482, .T. ) ;
#1346 = ORIENTED_EDGE ( 'NONE', *, *, #2551, .F. ) ;
#1347 = MANIFOLD_SOLID_BREP ( 'Boss-Extrude5', #1552 ) ;
#1348 = CARTESIAN_POINT ( 'NONE',  ( -23.48999999999999844, 1.600000000000000089, -19.25000000000000000 ) ) ;
#1349 = DIRECTION ( 'NONE',  ( -1.000000000000000000, -0.000000000000000000, -0.000000000000000000 ) ) ;
#1350 = PLANE ( 'NONE',  #5171 ) ;
#1351 = ORIENTED_EDGE ( 'NONE', *, *, #741, .T. ) ;
#1352 = DIRECTION ( 'NONE',  ( 1.000000000000000000, 0.000000000000000000, -0.000000000000000000 ) ) ;
#1353 = VECTOR ( 'NONE', #3087, 1000.000000000000000 ) ;
#1354 = ORIENTED_EDGE ( 'NONE', *, *, #1979, .T. ) ;
#1355 = VECTOR ( 'NONE', #3364, 1000.000000000000000 ) ;
#1356 = LINE ( 'NONE', #1809, #110 ) ;
#1357 = LINE ( 'NONE', #1411, #823 ) ;
#1358 = PLANE ( 'NONE',  #2737 ) ;
#1359 = ORIENTED_EDGE ( 'NONE', *, *, #3138, .T. ) ;
#1360 = EDGE_CURVE ( 'NONE', #2090, #3057, #877, .T. ) ;
#1361 = DIRECTION ( 'NONE',  ( 0.000000000000000000, 0.000000000000000000, -1.000000000000000000 ) ) ;
#1362 = FACE_OUTER_BOUND ( 'NONE', #4545, .T. ) ;
#1363 = DIRECTION ( 'NONE',  ( 0.000000000000000000, 0.000000000000000000, -1.000000000000000000 ) ) ;
#1364 = ADVANCED_FACE ( 'NONE', ( #4151, #3026 ), #607, .F. ) ;
#1365 = VERTEX_POINT ( 'NONE', #1381 ) ;
#1366 = ADVANCED_FACE ( 'NONE', ( #2951 ), #3355, .F. ) ;
#1367 = DIRECTION ( 'NONE',  ( -0.000000000000000000, -1.000000000000000000, -0.000000000000000000 ) ) ;
#1368 = CARTESIAN_POINT ( 'NONE',  ( -12.32999999999999297, 1.600000000000000089, 20.25000000000000000 ) ) ;
#1369 = ORIENTED_EDGE ( 'NONE', *, *, #2269, .T. ) ;
#1370 = VERTEX_POINT ( 'NONE', #533 ) ;
#1371 = ORIENTED_EDGE ( 'NONE', *, *, #1601, .T. ) ;
#1372 = VECTOR ( 'NONE', #268, 1000.000000000000000 ) ;
#1373 = LINE ( 'NONE', #1728, #4970 ) ;
#1374 = LINE ( 'NONE', #178, #2771 ) ;
#1375 = FACE_BOUND ( 'NONE', #3015, .T. ) ;
#1376 = ORIENTED_EDGE ( 'NONE', *, *, #1610, .T. ) ;
#1377 = EDGE_CURVE ( 'NONE', #4281, #4603, #2156, .T. ) ;
#1378 = FACE_BOUND ( 'NONE', #2572, .T. ) ;
#1379 = VECTOR ( 'NONE', #2499, 1000.000000000000000 ) ;
#1380 = EDGE_LOOP ( 'NONE', ( #4537, #2109, #3390, #4446 ) ) ;
#1381 = CARTESIAN_POINT ( 'NONE',  ( 0.3700000000000092104, 11.09999999999999964, 19.25000000000000000 ) ) ;
#1382 = AXIS2_PLACEMENT_3D ( 'NONE', #2840, #4463, #818 ) ;
#1383 = DIRECTION ( 'NONE',  ( 1.000000000000000000, 0.000000000000000000, -0.000000000000000000 ) ) ;
#1384 = EDGE_CURVE ( 'NONE', #1985, #3655, #136, .T. ) ;
#1385 = LINE ( 'NONE', #2657, #2741 ) ;
#1386 = EDGE_LOOP ( 'NONE', ( #2131, #2842, #2550, #2517 ) ) ;
#1387 = VECTOR ( 'NONE', #511, 1000.000000000000000 ) ;
#1388 = VECTOR ( 'NONE', #2025, 1000.000000000000000 ) ;
#1389 = DIRECTION ( 'NONE',  ( 0.000000000000000000, 0.000000000000000000, -1.000000000000000000 ) ) ;
#1390 = LINE ( 'NONE', #1818, #92 ) ;
#1391 = VERTEX_POINT ( 'NONE', #3452 ) ;
#1392 = CARTESIAN_POINT ( 'NONE',  ( -19.94999999999999574, 11.09999999999999964, -19.25000000000000000 ) ) ;
#1393 = EDGE_CURVE ( 'NONE', #2196, #1134, #902, .T. ) ;
#1394 = ORIENTED_EDGE ( 'NONE', *, *, #327, .F. ) ;
#1395 = CARTESIAN_POINT ( 'NONE',  ( 4.450000000000009948, 11.09999999999999964, -20.25000000000000000 ) ) ;
#1396 = CARTESIAN_POINT ( 'NONE',  ( 12.59999999999999964, 0.000000000000000000, 10.50000000000000000 ) ) ;
#1397 = VERTEX_POINT ( 'NONE', #1007 ) ;
#1398 = LINE ( 'NONE', #3016, #2369 ) ;
#1399 = EDGE_CURVE ( 'NONE', #4738, #2909, #1356, .T. ) ;
#1400 = ORIENTED_EDGE ( 'NONE', *, *, #608, .T. ) ;
#1401 = EDGE_LOOP ( 'NONE', ( #3610, #917, #2461, #1011 ) ) ;
#1402 = EDGE_CURVE ( 'NONE', #2706, #483, #2977, .T. ) ;
#1403 = CARTESIAN_POINT ( 'NONE',  ( -0.6299999999999916778, 1.600000000000000089, -19.25000000000000000 ) ) ;
#1404 = CARTESIAN_POINT ( 'NONE',  ( -12.32999999999999297, 1.600000000000000089, -20.25000000000000000 ) ) ;
#1405 = DIRECTION ( 'NONE',  ( 0.000000000000000000, 1.000000000000000000, 0.000000000000000000 ) ) ;
#1406 = VERTEX_POINT ( 'NONE', #2629 ) ;
#1407 = VECTOR ( 'NONE', #3614, 1000.000000000000000 ) ;
#1408 = FACE_OUTER_BOUND ( 'NONE', #2950, .T. ) ;
#1409 = CARTESIAN_POINT ( 'NONE',  ( -30.24999999999999289, 4.750000000000000000, 4.400000000000001243 ) ) ;
#1410 = CARTESIAN_POINT ( 'NONE',  ( 0.3700000000000092104, 11.09999999999999964, -20.25000000000000000 ) ) ;
#1411 = CARTESIAN_POINT ( 'NONE',  ( 1.910000000000009024, 11.09999999999999964, -20.25000000000000000 ) ) ;
#1412 = LINE ( 'NONE', #3107, #3424 ) ;
#1413 = ORIENTED_EDGE ( 'NONE', *, *, #219, .F. ) ;
#1414 = EDGE_CURVE ( 'NONE', #1784, #1310, #2581, .T. ) ;
#1415 = PLANE ( 'NONE',  #4614 ) ;
#1416 = DIRECTION ( 'NONE',  ( 0.000000000000000000, 0.000000000000000000, 1.000000000000000000 ) ) ;
#1417 =( NAMED_UNIT ( * ) PLANE_ANGLE_UNIT ( ) SI_UNIT ( $, .RADIAN. ) );
#1418 = VECTOR ( 'NONE', #2971, 1000.000000000000000 ) ;
#1419 = ORIENTED_EDGE ( 'NONE', *, *, #4312, .T. ) ;
#1420 = ADVANCED_FACE ( 'NONE', ( #3800 ), #1786, .F. ) ;
#1421 = CARTESIAN_POINT ( 'NONE',  ( 37.50000000000000711, 1.600000000000000089, -22.50000000000000355 ) ) ;
#1422 = CARTESIAN_POINT ( 'NONE',  ( -0.6299999999999916778, 11.09999999999999964, -19.25000000000000000 ) ) ;
#1423 = ORIENTED_EDGE ( 'NONE', *, *, #1360, .T. ) ;
#1424 = CARTESIAN_POINT ( 'NONE',  ( 4.450000000000009948, 1.600000000000000089, 19.25000000000000000 ) ) ;
#1425 = VECTOR ( 'NONE', #3448, 1000.000000000000000 ) ;
#1426 = AXIS2_PLACEMENT_3D ( 'NONE', #1016, #5054, #1093 ) ;
#1427 = ORIENTED_EDGE ( 'NONE', *, *, #2198, .T. ) ;
#1428 = EDGE_CURVE ( 'NONE', #412, #3557, #5047, .T. ) ;
#1429 = EDGE_CURVE ( 'NONE', #2969, #3495, #2603, .T. ) ;
#1430 = CARTESIAN_POINT ( 'NONE',  ( 34.30000000000000426, -2.700000000000000622, 6.249999999999998224 ) ) ;
#1431 = LINE ( 'NONE', #5218, #3457 ) ;
#1432 = CARTESIAN_POINT ( 'NONE',  ( 33.50000000000000000, 0.000000000000000000, -18.50000000000000355 ) ) ;
#1433 = ORIENTED_EDGE ( 'NONE', *, *, #4543, .F. ) ;
#1434 = LINE ( 'NONE', #233, #4188 ) ;
#1435 = EDGE_LOOP ( 'NONE', ( #3939, #1452, #43, #3513 ) ) ;
#1436 = ADVANCED_FACE ( 'NONE', ( #1835 ), #2127, .F. ) ;
#1437 = DIRECTION ( 'NONE',  ( -0.000000000000000000, -0.000000000000000000, -1.000000000000000000 ) ) ;
#1438 = LINE ( 'NONE', #1737, #1078 ) ;
#1439 = VECTOR ( 'NONE', #2289, 1000.000000000000000 ) ;
#1440 = DIRECTION ( 'NONE',  ( -0.000000000000000000, -0.000000000000000000, -1.000000000000000000 ) ) ;
#1441 = ORIENTED_EDGE ( 'NONE', *, *, #1567, .F. ) ;
#1442 = VECTOR ( 'NONE', #3386, 1000.000000000000000 ) ;
#1443 = VECTOR ( 'NONE', #5199, 1000.000000000000000 ) ;
#1444 = DIRECTION ( 'NONE',  ( 0.000000000000000000, 0.000000000000000000, 1.000000000000000000 ) ) ;
#1445 = CARTESIAN_POINT ( 'NONE',  ( -20.94999999999999574, 11.09999999999999964, -19.25000000000000000 ) ) ;
#1446 = EDGE_CURVE ( 'NONE', #1912, #4116, #3128, .T. ) ;
#1447 = LINE ( 'NONE', #3408, #1170 ) ;
#1448 = ORIENTED_EDGE ( 'NONE', *, *, #4798, .T. ) ;
#1449 = DIRECTION ( 'NONE',  ( 1.000000000000000000, -0.000000000000000000, 0.000000000000000000 ) ) ;
#1450 = PLANE ( 'NONE',  #319 ) ;
#1451 = AXIS2_PLACEMENT_3D ( 'NONE', #5106, #2983, #668 ) ;
#1452 = ORIENTED_EDGE ( 'NONE', *, *, #4898, .T. ) ;
#1453 = CARTESIAN_POINT ( 'NONE',  ( 0.000000000000000000, 1.600000000000000089, 0.000000000000000000 ) ) ;
#1454 = ORIENTED_EDGE ( 'NONE', *, *, #1713, .F. ) ;
#1455 = DIRECTION ( 'NONE',  ( 0.000000000000000000, 0.000000000000000000, -1.000000000000000000 ) ) ;
#1456 = DIRECTION ( 'NONE',  ( -0.000000000000000000, -0.000000000000000000, -1.000000000000000000 ) ) ;
#1457 = DIRECTION ( 'NONE',  ( 0.000000000000000000, 0.000000000000000000, -1.000000000000000000 ) ) ;
#1458 = ORIENTED_EDGE ( 'NONE', *, *, #2693, .T. ) ;
#1459 = CARTESIAN_POINT ( 'NONE',  ( -8.249999999999992895, 11.09999999999999964, 20.25000000000000000 ) ) ;
#1460 = EDGE_CURVE ( 'NONE', #3203, #3688, #2279, .T. ) ;
#1461 = CARTESIAN_POINT ( 'NONE',  ( -33.49999999999998579, 0.000000000000000000, 20.49999999999998934 ) ) ;
#1462 = CARTESIAN_POINT ( 'NONE',  ( 33.50000000000000000, 0.000000000000000000, 20.49999999999999645 ) ) ;
#1463 = VECTOR ( 'NONE', #1222, 1000.000000000000000 ) ;
#1464 = ORIENTED_EDGE ( 'NONE', *, *, #4987, .T. ) ;
#1465 = DIRECTION ( 'NONE',  ( 1.000000000000000000, 0.000000000000000000, 0.000000000000000000 ) ) ;
#1466 = VECTOR ( 'NONE', #1060, 1000.000000000000000 ) ;
#1467 = CARTESIAN_POINT ( 'NONE',  ( 29.90000000000000924, -2.357646905986661039E-14, -6.250000000000000000 ) ) ;
#1468 = EDGE_CURVE ( 'NONE', #4424, #2169, #4300, .T. ) ;
#1469 = ORIENTED_EDGE ( 'NONE', *, *, #3575, .F. ) ;
#1470 = AXIS2_PLACEMENT_3D ( 'NONE', #2785, #1598, #1142 ) ;
#1471 = DIRECTION ( 'NONE',  ( 0.000000000000000000, 0.000000000000000000, 1.000000000000000000 ) ) ;
#1472 = DIRECTION ( 'NONE',  ( 1.000000000000000000, 0.000000000000000000, 0.000000000000000000 ) ) ;
#1473 = PLANE ( 'NONE',  #1021 ) ;
#1474 = CARTESIAN_POINT ( 'NONE',  ( 33.50000000000000000, 1.600000000000000089, 20.49999999999999645 ) ) ;
#1475 = AXIS2_PLACEMENT_3D ( 'NONE', #161, #1685, #86 ) ;
#1476 = ORIENTED_EDGE ( 'NONE', *, *, #4746, .T. ) ;
#1477 = DIRECTION ( 'NONE',  ( 0.000000000000000000, 0.000000000000000000, 1.000000000000000000 ) ) ;
#1478 = LINE ( 'NONE', #673, #3294 ) ;
#1479 = VERTEX_POINT ( 'NONE', #3876 ) ;
#1480 = CARTESIAN_POINT ( 'NONE',  ( 37.50000000000000711, 0.000000000000000000, -7.450000000000001066 ) ) ;
#1481 = VERTEX_POINT ( 'NONE', #1514 ) ;
#1482 = EDGE_CURVE ( 'NONE', #2888, #3398, #1032, .T. ) ;
#1483 = CARTESIAN_POINT ( 'NONE',  ( -7.249999999999992895, 1.600000000000000089, 20.25000000000000000 ) ) ;
#1484 = CARTESIAN_POINT ( 'NONE',  ( 4.450000000000009948, 1.600000000000000089, 20.25000000000000000 ) ) ;
#1485 = ORIENTED_EDGE ( 'NONE', *, *, #4733, .F. ) ;
#1486 = DIRECTION ( 'NONE',  ( 0.000000000000000000, 0.000000000000000000, 1.000000000000000000 ) ) ;
#1487 = DIRECTION ( 'NONE',  ( 0.000000000000000000, 0.000000000000000000, -1.000000000000000000 ) ) ;
#1488 = CARTESIAN_POINT ( 'NONE',  ( -18.40999999999999659, 11.09999999999999964, -20.25000000000000000 ) ) ;
#1489 = EDGE_CURVE ( 'NONE', #4535, #4513, #2731, .T. ) ;
#1490 = EDGE_LOOP ( 'NONE', ( #1325, #429, #3139, #3215 ) ) ;
#1491 = FACE_OUTER_BOUND ( 'NONE', #4556, .T. ) ;
#1492 = CARTESIAN_POINT ( 'NONE',  ( 4.450000000000009948, 1.600000000000000089, -19.25000000000000000 ) ) ;
#1493 = VERTEX_POINT ( 'NONE', #3507 ) ;
#1494 = AXIS2_PLACEMENT_3D ( 'NONE', #4117, #3370, #2893 ) ;
#1495 = DIRECTION ( 'NONE',  ( -1.000000000000000000, -0.000000000000000000, -0.000000000000000000 ) ) ;
#1496 = EDGE_CURVE ( 'NONE', #3203, #330, #1857, .T. ) ;
#1497 = DIRECTION ( 'NONE',  ( 1.000000000000000000, 0.000000000000000000, 0.000000000000000000 ) ) ;
#1498 = LINE ( 'NONE', #3112, #1104 ) ;
#1499 = APPLICATION_PROTOCOL_DEFINITION ( 'draft international standard', 'automotive_design', 1998, #1250 ) ;
#1500 = EDGE_LOOP ( 'NONE', ( #4863, #446, #2272, #1075 ) ) ;
#1501 = EDGE_CURVE ( 'NONE', #4827, #2346, #660, .T. ) ;
#1502 = CARTESIAN_POINT ( 'NONE',  ( 0.3700000000000092104, 1.600000000000000089, -20.25000000000000000 ) ) ;
#1503 = LINE ( 'NONE', #2617, #913 ) ;
#1504 = ORIENTED_EDGE ( 'NONE', *, *, #2569, .T. ) ;
#1505 = CARTESIAN_POINT ( 'NONE',  ( 4.450000000000009948, 1.600000000000000089, -20.25000000000000000 ) ) ;
#1506 = EDGE_LOOP ( 'NONE', ( #239, #4378, #2257, #4316 ) ) ;
#1507 = VECTOR ( 'NONE', #3484, 1000.000000000000000 ) ;
#1508 = CARTESIAN_POINT ( 'NONE',  ( -7.249999999999992895, 11.09999999999999964, 20.25000000000000000 ) ) ;
#1509 = PLANE ( 'NONE',  #3893 ) ;
#1510 = EDGE_LOOP ( 'NONE', ( #114, #4004, #4274, #3912 ) ) ;
#1511 = VECTOR ( 'NONE', #96, 1000.000000000000000 ) ;
#1512 = CARTESIAN_POINT ( 'NONE',  ( -0.6299999999999916778, 11.09999999999999964, 19.25000000000000000 ) ) ;
#1513 = DIRECTION ( 'NONE',  ( 0.000000000000000000, -1.000000000000000000, 0.000000000000000000 ) ) ;
#1514 = CARTESIAN_POINT ( 'NONE',  ( 2.910000000000009912, 1.600000000000000089, 20.25000000000000000 ) ) ;
#1515 = EDGE_LOOP ( 'NONE', ( #2404, #413, #4757, #4430 ) ) ;
#1516 = DIRECTION ( 'NONE',  ( 0.000000000000000000, -0.000000000000000000, -1.000000000000000000 ) ) ;
#1517 = FACE_OUTER_BOUND ( 'NONE', #715, .T. ) ;
#1518 = EDGE_LOOP ( 'NONE', ( #3988, #4293, #4785, #1671 ) ) ;
#1519 = DIRECTION ( 'NONE',  ( -0.000000000000000000, -0.000000000000000000, -1.000000000000000000 ) ) ;
#1520 = CARTESIAN_POINT ( 'NONE',  ( 5.450000000000009948, 1.600000000000000089, 20.25000000000000000 ) ) ;
#1521 = PLANE ( 'NONE',  #4983 ) ;
#1522 = CIRCLE ( 'NONE', #4491, 2.000000000000001776 ) ;
#1523 = VERTEX_POINT ( 'NONE', #3902 ) ;
#1524 = EDGE_CURVE ( 'NONE', #3822, #3171, #2358, .T. ) ;
#1525 = AXIS2_PLACEMENT_3D ( 'NONE', #2150, #3773, #2818 ) ;
#1526 = VECTOR ( 'NONE', #1926, 1000.000000000000000 ) ;
#1527 = PLANE ( 'NONE',  #201 ) ;
#1528 = CARTESIAN_POINT ( 'NONE',  ( -12.32999999999999297, 11.09999999999999964, -19.25000000000000000 ) ) ;
#1529 = EDGE_CURVE ( 'NONE', #465, #3410, #1540, .T. ) ;
#1530 = ORIENTED_EDGE ( 'NONE', *, *, #3770, .F. ) ;
#1531 = CARTESIAN_POINT ( 'NONE',  ( -33.49999999999998579, 1.600000000000000089, 18.49999999999999645 ) ) ;
#1532 = EDGE_CURVE ( 'NONE', #4389, #3309, #4377, .T. ) ;
#1533 = ORIENTED_EDGE ( 'NONE', *, *, #3705, .F. ) ;
#1534 = VECTOR ( 'NONE', #2247, 1000.000000000000000 ) ;
#1535 = PLANE ( 'NONE',  #1183 ) ;
#1536 = DIRECTION ( 'NONE',  ( -1.000000000000000000, -0.000000000000000000, -0.000000000000000000 ) ) ;
#1537 = VERTEX_POINT ( 'NONE', #4328 ) ;
#1538 = CARTESIAN_POINT ( 'NONE',  ( -0.6299999999999916778, 1.600000000000000089, -20.25000000000000000 ) ) ;
#1539 = CARTESIAN_POINT ( 'NONE',  ( -0.6299999999999916778, 11.09999999999999964, -20.25000000000000000 ) ) ;
#1540 = LINE ( 'NONE', #3077, #1884 ) ;
#1541 = ORIENTED_EDGE ( 'NONE', *, *, #614, .F. ) ;
#1542 = PLANE ( 'NONE',  #4710 ) ;
#1543 = CARTESIAN_POINT ( 'NONE',  ( -15.86999999999999567, 11.09999999999999964, 19.25000000000000000 ) ) ;
#1544 = ORIENTED_EDGE ( 'NONE', *, *, #2316, .F. ) ;
#1545 = EDGE_CURVE ( 'NONE', #4603, #5050, #732, .T. ) ;
#1546 = CARTESIAN_POINT ( 'NONE',  ( 12.59999999999999964, -5.899999999999997691, -10.50000000000000000 ) ) ;
#1548 = AXIS2_PLACEMENT_3D ( 'NONE', #1467, #3083, #1888 ) ;
#1547 = DIRECTION ( 'NONE',  ( -0.000000000000000000, -1.000000000000000000, -0.000000000000000000 ) ) ;
#1549 = CARTESIAN_POINT ( 'NONE',  ( -5.709999999999992859, 11.09999999999999964, 19.25000000000000000 ) ) ;
#1550 = DIRECTION ( 'NONE',  ( 0.000000000000000000, -1.000000000000000000, 0.000000000000000000 ) ) ;
#1551 = VERTEX_POINT ( 'NONE', #1111 ) ;
#1552 = CLOSED_SHELL ( 'NONE', ( #5023, #643, #2305, #5128, #437, #4367, #1364, #2562, #3541, #1420, #842, #1555, #4996, #4025, #1043, #619, #2612, #3218, #3231, #4472, #2037, #4939, #3599, #3590, #314, #4225, #2851, #1366, #4571, #248, #254, #4212, #5131, #2665, #1564, #3990, #3074, #2464, #3318, #4255, #1823, #4601, #5247, #808, #2627, #280, #4429, #2139, #4768, #3643, #821, #3314, #2298, #4412, #2097, #933, #2697, #389, #874, #432, #2487, #4552, #3344, #4585, #847, #3160, #998, #1205, #4155, #1233, #3864, #4017, #3412, #708, #2876, #12, #3932, #4675, #3082, #2134, #4344, #3470, #1087, #2981, #2470, #1238, #3810, #4933, #4239, #2770, #4864, #2854, #105, #4452, #4972, #1436, #4515, #2645, #28, #2339, #448, #196, #5031, #1617, #4166, #579, #2816, #3288, #3436, #3926, #1336, #424, #3283, #4498, #4833, #878, #259, #5135, #1938, #1976, #1200, #2704, #2683, #517, #3640, #3095, #1776, #2532, #2428, #1967, #3756, #3175, #539, #1632, #5080, #70, #4698, #2047, #3653, #3722, #97, #1294, #90, #4708, #3831, #5001, #493, #4413, #4008, #2262, #4420, #3481, #5197, #954, #3994, #1626, #908, #1160, #2791, #2720, #2365, #2398, #3673, #2359, #2531, #700, #5230, #4736, #3491, #4902, #1218, #1102, #2373, #2043, #2974, #3836, #4483, #33, #5163 ) ) ;
#1553 = PLANE ( 'NONE',  #455 ) ;
#1554 = CARTESIAN_POINT ( 'NONE',  ( -20.94999999999999574, 11.09999999999999964, -20.25000000000000000 ) ) ;
#1555 = ADVANCED_FACE ( 'NONE', ( #313 ), #340, .F. ) ;
#1556 = VECTOR ( 'NONE', #1943, 1000.000000000000000 ) ;
#1557 = ORIENTED_EDGE ( 'NONE', *, *, #1360, .F. ) ;
#1558 = DIRECTION ( 'NONE',  ( 0.000000000000000000, 0.000000000000000000, 1.000000000000000000 ) ) ;
#1559 = ORIENTED_EDGE ( 'NONE', *, *, #1270, .T. ) ;
#1560 = ORIENTED_EDGE ( 'NONE', *, *, #3430, .T. ) ;
#1561 = CARTESIAN_POINT ( 'NONE',  ( 21.75000000000000000, 1.600000000000000089, -10.50000000000000000 ) ) ;
#1562 = VECTOR ( 'NONE', #7, 1000.000000000000000 ) ;
#1563 = LINE ( 'NONE', #123, #1511 ) ;
#1564 = ADVANCED_FACE ( 'NONE', ( #632 ), #5098, .F. ) ;
#1565 = EDGE_LOOP ( 'NONE', ( #2822, #3449, #463, #661 ) ) ;
#1566 = CARTESIAN_POINT ( 'NONE',  ( 1.910000000000009024, 1.600000000000000089, 19.25000000000000000 ) ) ;
#1567 = EDGE_CURVE ( 'NONE', #5220, #733, #3928, .T. ) ;
#1568 = CARTESIAN_POINT ( 'NONE',  ( -10.78999999999999382, 11.09999999999999964, 20.25000000000000000 ) ) ;
#1569 = CARTESIAN_POINT ( 'NONE',  ( -3.169999999999992379, 1.600000000000000089, 20.25000000000000000 ) ) ;
#1570 = VERTEX_POINT ( 'NONE', #1462 ) ;
#1571 = FACE_OUTER_BOUND ( 'NONE', #949, .T. ) ;
#1572 = CARTESIAN_POINT ( 'NONE',  ( -0.6299999999999916778, 11.09999999999999964, -19.25000000000000000 ) ) ;
#1573 = ORIENTED_EDGE ( 'NONE', *, *, #3182, .F. ) ;
#1574 = DIRECTION ( 'NONE',  ( 0.000000000000000000, 0.000000000000000000, 1.000000000000000000 ) ) ;
#1575 = LINE ( 'NONE', #4015, #415 ) ;
#1576 = LINE ( 'NONE', #4783, #1335 ) ;
#1577 = CARTESIAN_POINT ( 'NONE',  ( -3.169999999999992379, 11.09999999999999964, -19.25000000000000000 ) ) ;
#1578 = VECTOR ( 'NONE', #3558, 1000.000000000000000 ) ;
#1579 = ORIENTED_EDGE ( 'NONE', *, *, #3085, .T. ) ;
#1580 = DIRECTION ( 'NONE',  ( -1.000000000000000000, -0.000000000000000000, -0.000000000000000000 ) ) ;
#1581 = CARTESIAN_POINT ( 'NONE',  ( -2.169999999999991491, 1.600000000000000089, -20.25000000000000000 ) ) ;
#1582 = DIRECTION ( 'NONE',  ( 1.000000000000000000, 0.000000000000000000, 0.000000000000000000 ) ) ;
#1583 = ORIENTED_EDGE ( 'NONE', *, *, #2986, .T. ) ;
#1584 = EDGE_CURVE ( 'NONE', #1660, #528, #2332, .T. ) ;
#1585 = EDGE_LOOP ( 'NONE', ( #4876, #4976, #3462, #5254 ) ) ;
#1586 = DIRECTION ( 'NONE',  ( -0.000000000000000000, -1.000000000000000000, -0.000000000000000000 ) ) ;
#1587 = CARTESIAN_POINT ( 'NONE',  ( -18.40999999999999659, 11.09999999999999964, -20.25000000000000000 ) ) ;
#1588 = EDGE_LOOP ( 'NONE', ( #1296, #3358, #386, #226 ) ) ;
#1589 = ORIENTED_EDGE ( 'NONE', *, *, #5194, .F. ) ;
#1590 = CARTESIAN_POINT ( 'NONE',  ( 34.30000000000000426, 0.000000000000000000, 6.249999999999998224 ) ) ;
#1591 = EDGE_CURVE ( 'NONE', #3267, #724, #5108, .T. ) ;
#1592 = EDGE_CURVE ( 'NONE', #3350, #1672, #3053, .T. ) ;
#1593 = ORIENTED_EDGE ( 'NONE', *, *, #4927, .F. ) ;
#1594 = LINE ( 'NONE', #3210, #3244 ) ;
#1595 = ORIENTED_EDGE ( 'NONE', *, *, #1881, .F. ) ;
#1596 = CARTESIAN_POINT ( 'NONE',  ( -5.709999999999992859, 11.09999999999999964, 19.25000000000000000 ) ) ;
#1597 = EDGE_CURVE ( 'NONE', #5264, #5045, #2014, .T. ) ;
#1598 = DIRECTION ( 'NONE',  ( -1.000000000000000000, 0.000000000000000000, 0.000000000000000000 ) ) ;
#1599 = AXIS2_PLACEMENT_3D ( 'NONE', #2408, #1216, #335 ) ;
#1600 = EDGE_LOOP ( 'NONE', ( #3090, #521, #2917, #2584 ) ) ;
#1601 = EDGE_CURVE ( 'NONE', #4907, #3007, #1191, .T. ) ;
#1602 = EDGE_LOOP ( 'NONE', ( #3237, #965, #854, #4657 ) ) ;
#1603 = DIRECTION ( 'NONE',  ( -0.000000000000000000, -1.000000000000000000, -0.000000000000000000 ) ) ;
#1604 = LINE ( 'NONE', #1091, #2966 ) ;
#1605 = LINE ( 'NONE', #3752, #735 ) ;
#1606 = CARTESIAN_POINT ( 'NONE',  ( -4.709999999999991971, 1.600000000000000089, 20.25000000000000000 ) ) ;
#1607 = ORIENTED_EDGE ( 'NONE', *, *, #1532, .T. ) ;
#1608 = DIRECTION ( 'NONE',  ( -0.000000000000000000, -1.000000000000000000, -0.000000000000000000 ) ) ;
#1609 = DIRECTION ( 'NONE',  ( -0.000000000000000000, -1.000000000000000000, -0.000000000000000000 ) ) ;
#1610 = EDGE_CURVE ( 'NONE', #3216, #2126, #1674, .T. ) ;
#1611 = CYLINDRICAL_SURFACE ( 'NONE', #2879, 2.000000000000005329 ) ;
#1612 = EDGE_LOOP ( 'NONE', ( #1619, #2038, #3687, #372 ) ) ;
#1613 = VECTOR ( 'NONE', #2535, 1000.000000000000000 ) ;
#1614 = VECTOR ( 'NONE', #4505, 1000.000000000000000 ) ;
#1615 = VERTEX_POINT ( 'NONE', #394 ) ;
#1616 = FACE_OUTER_BOUND ( 'NONE', #3825, .T. ) ;
#1617 = ADVANCED_FACE ( 'NONE', ( #4404 ), #762, .F. ) ;
#1618 = DIRECTION ( 'NONE',  ( 1.196361017915039486E-16, -0.000000000000000000, 1.000000000000000000 ) ) ;
#1619 = ORIENTED_EDGE ( 'NONE', *, *, #3017, .F. ) ;
#1620 = ORIENTED_EDGE ( 'NONE', *, *, #4048, .F. ) ;
#1621 = ORIENTED_EDGE ( 'NONE', *, *, #4975, .T. ) ;
#1622 = CARTESIAN_POINT ( 'NONE',  ( -24.39999999999999147, 1.600000000000000089, 20.90000000000000213 ) ) ;
#1623 = EDGE_LOOP ( 'NONE', ( #4702, #2965, #807, #5055 ) ) ;
#1624 = DIRECTION ( 'NONE',  ( -1.000000000000000000, 0.000000000000000000, -0.000000000000000000 ) ) ;
#1625 = VECTOR ( 'NONE', #4234, 1000.000000000000000 ) ;
#1626 = ADVANCED_FACE ( 'NONE', ( #2836 ), #2093, .T. ) ;
#1627 = DIRECTION ( 'NONE',  ( 1.000000000000000000, 0.000000000000000000, 0.000000000000000000 ) ) ;
#1628 = ORIENTED_EDGE ( 'NONE', *, *, #1917, .F. ) ;
#1629 = VERTEX_POINT ( 'NONE', #789 ) ;
#1630 = DIRECTION ( 'NONE',  ( -1.000000000000000000, -0.000000000000000000, -0.000000000000000000 ) ) ;
#1631 = DIRECTION ( 'NONE',  ( 1.000000000000000000, 0.000000000000000000, 0.000000000000000000 ) ) ;
#1632 = ADVANCED_FACE ( 'NONE', ( #4459 ), #5258, .T. ) ;
#1633 = PLANE ( 'NONE',  #3679 ) ;
#1634 = EDGE_LOOP ( 'NONE', ( #5144, #1769, #685, #3025 ) ) ;
#1635 = DIRECTION ( 'NONE',  ( 1.000000000000000000, 0.000000000000000000, 0.000000000000000000 ) ) ;
#1636 = DIRECTION ( 'NONE',  ( 0.000000000000000000, -1.000000000000000000, 0.000000000000000000 ) ) ;
#1637 = VECTOR ( 'NONE', #2467, 1000.000000000000000 ) ;
#1638 = DIRECTION ( 'NONE',  ( -0.000000000000000000, -1.000000000000000000, -0.000000000000000000 ) ) ;
#1639 = VECTOR ( 'NONE', #400, 1000.000000000000000 ) ;
#1640 = ORIENTED_EDGE ( 'NONE', *, *, #1399, .T. ) ;
#1641 = EDGE_LOOP ( 'NONE', ( #827, #4187, #1197, #891 ) ) ;
#1642 = AXIS2_PLACEMENT_3D ( 'NONE', #2524, #4488, #505 ) ;
#1643 = CARTESIAN_POINT ( 'NONE',  ( -13.32999999999999474, 11.09999999999999964, -19.25000000000000000 ) ) ;
#1644 = CARTESIAN_POINT ( 'NONE',  ( -23.48999999999999844, 11.09999999999999964, 20.25000000000000000 ) ) ;
#1645 = ORIENTED_EDGE ( 'NONE', *, *, #1501, .T. ) ;
#1646 = ORIENTED_EDGE ( 'NONE', *, *, #3775, .F. ) ;
#1647 = VECTOR ( 'NONE', #1739, 1000.000000000000000 ) ;
#1648 = ORIENTED_EDGE ( 'NONE', *, *, #544, .F. ) ;
#1649 = AXIS2_PLACEMENT_3D ( 'NONE', #405, #1337, #4921 ) ;
#1650 = CARTESIAN_POINT ( 'NONE',  ( 37.50000000000000711, -5.899999999999996803, 6.250000000000000000 ) ) ;
#1651 = ORIENTED_EDGE ( 'NONE', *, *, #903, .T. ) ;
#1652 = CARTESIAN_POINT ( 'NONE',  ( -9.789999999999993818, 11.09999999999999964, 20.25000000000000000 ) ) ;
#1653 = CARTESIAN_POINT ( 'NONE',  ( 30.60000000000000497, 0.000000000000000000, -6.250000000000000000 ) ) ;
#1654 = ORIENTED_EDGE ( 'NONE', *, *, #3109, .T. ) ;
#1655 = ORIENTED_EDGE ( 'NONE', *, *, #95, .T. ) ;
#1656 = EDGE_CURVE ( 'NONE', #4382, #1912, #1594, .T. ) ;
#1657 = LINE ( 'NONE', #3217, #3757 ) ;
#1658 = DIRECTION ( 'NONE',  ( 0.000000000000000000, -1.000000000000000000, 0.000000000000000000 ) ) ;
#1659 = CARTESIAN_POINT ( 'NONE',  ( -5.709999999999992859, 11.09999999999999964, -20.25000000000000000 ) ) ;
#1660 = VERTEX_POINT ( 'NONE', #4829 ) ;
#1661 = EDGE_CURVE ( 'NONE', #2346, #1365, #1273, .T. ) ;
#1662 = LINE ( 'NONE', #2877, #961 ) ;
#1663 = CARTESIAN_POINT ( 'NONE',  ( -15.86999999999999567, 11.09999999999999964, -19.25000000000000000 ) ) ;
#1664 = CYLINDRICAL_SURFACE ( 'NONE', #4828, 2.000000000000001776 ) ;
#1665 = EDGE_CURVE ( 'NONE', #3683, #1889, #4910, .T. ) ;
#1666 = VERTEX_POINT ( 'NONE', #445 ) ;
#1667 = ORIENTED_EDGE ( 'NONE', *, *, #3051, .F. ) ;
#1668 = DIRECTION ( 'NONE',  ( 1.000000000000000000, -0.000000000000000000, 0.000000000000000000 ) ) ;
#1669 = PLANE ( 'NONE',  #2528 ) ;
#1670 = VERTEX_POINT ( 'NONE', #1622 ) ;
#1671 = ORIENTED_EDGE ( 'NONE', *, *, #3469, .T. ) ;
#1672 = VERTEX_POINT ( 'NONE', #4005 ) ;
#1673 = CARTESIAN_POINT ( 'NONE',  ( -12.32999999999999297, 11.09999999999999964, 20.25000000000000000 ) ) ;
#1674 = LINE ( 'NONE', #367, #4853 ) ;
#1675 = VERTEX_POINT ( 'NONE', #2068 ) ;
#1676 = CARTESIAN_POINT ( 'NONE',  ( -0.6299999999999916778, 11.09999999999999964, -20.25000000000000000 ) ) ;
#1677 = EDGE_CURVE ( 'NONE', #1365, #1221, #3238, .T. ) ;
#1678 = VECTOR ( 'NONE', #4619, 1000.000000000000000 ) ;
#1679 = DIRECTION ( 'NONE',  ( -0.000000000000000000, -1.000000000000000000, -0.000000000000000000 ) ) ;
#1680 = ORIENTED_EDGE ( 'NONE', *, *, #4381, .F. ) ;
#1681 = CARTESIAN_POINT ( 'NONE',  ( -18.40999999999999659, 1.600000000000000089, 19.25000000000000000 ) ) ;
#1682 = VECTOR ( 'NONE', #3356, 1000.000000000000000 ) ;
#1683 = CARTESIAN_POINT ( 'NONE',  ( -15.86999999999999567, 11.09999999999999964, -20.25000000000000000 ) ) ;
#1684 = AXIS2_PLACEMENT_3D ( 'NONE', #2216, #1074, #2667 ) ;
#1685 = DIRECTION ( 'NONE',  ( 1.000000000000000000, -0.000000000000000000, 0.000000000000000000 ) ) ;
#1686 = ORIENTED_EDGE ( 'NONE', *, *, #4480, .F. ) ;
#1687 = DIRECTION ( 'NONE',  ( 0.000000000000000000, 0.000000000000000000, 1.000000000000000000 ) ) ;
#1688 = LINE ( 'NONE', #4471, #2208 ) ;
#1689 = CARTESIAN_POINT ( 'NONE',  ( 4.450000000000009948, 1.600000000000000089, 20.25000000000000000 ) ) ;
#1690 = EDGE_CURVE ( 'NONE', #780, #4503, #3690, .T. ) ;
#1691 = ORIENTED_EDGE ( 'NONE', *, *, #3827, .F. ) ;
#1692 = LINE ( 'NONE', #4326, #365 ) ;
#1693 = VERTEX_POINT ( 'NONE', #2441 ) ;
#1694 = EDGE_CURVE ( 'NONE', #2346, #4329, #4063, .T. ) ;
#1695 = CARTESIAN_POINT ( 'NONE',  ( -5.709999999999992859, 11.09999999999999964, -19.25000000000000000 ) ) ;
#1696 = FACE_OUTER_BOUND ( 'NONE', #3886, .T. ) ;
#1697 = VERTEX_POINT ( 'NONE', #1650 ) ;
#1698 = EDGE_CURVE ( 'NONE', #3495, #1314, #843, .T. ) ;
#1699 = ORIENTED_EDGE ( 'NONE', *, *, #1327, .T. ) ;
#1700 = VERTEX_POINT ( 'NONE', #2894 ) ;
#1701 = FACE_OUTER_BOUND ( 'NONE', #1518, .T. ) ;
#1702 = CARTESIAN_POINT ( 'NONE',  ( -23.48999999999999844, 11.09999999999999964, 20.25000000000000000 ) ) ;
#1703 = FACE_OUTER_BOUND ( 'NONE', #203, .T. ) ;
#1704 = ORIENTED_EDGE ( 'NONE', *, *, #2160, .F. ) ;
#1705 = CARTESIAN_POINT ( 'NONE',  ( 6.990000000000009983, 11.09999999999999964, 19.25000000000000000 ) ) ;
#1706 = CARTESIAN_POINT ( 'NONE',  ( 6.990000000000009983, 11.09999999999999964, -20.25000000000000000 ) ) ;
#1707 = ORIENTED_EDGE ( 'NONE', *, *, #2079, .T. ) ;
#1708 = DIRECTION ( 'NONE',  ( -1.000000000000000000, 0.000000000000000000, -0.000000000000000000 ) ) ;
#1709 = VECTOR ( 'NONE', #329, 1000.000000000000000 ) ;
#1710 = LINE ( 'NONE', #2873, #1765 ) ;
#1711 = CARTESIAN_POINT ( 'NONE',  ( 0.3700000000000092104, 11.09999999999999964, 20.25000000000000000 ) ) ;
#1712 = ORIENTED_EDGE ( 'NONE', *, *, #2074, .T. ) ;
#1713 = EDGE_CURVE ( 'NONE', #593, #4453, #4512, .T. ) ;
#1714 = CARTESIAN_POINT ( 'NONE',  ( -23.48999999999999844, 11.09999999999999964, 20.25000000000000000 ) ) ;
#1715 = CARTESIAN_POINT ( 'NONE',  ( 37.50000000000000711, 0.000000000000000000, -22.50000000000000355 ) ) ;
#1716 = FACE_OUTER_BOUND ( 'NONE', #758, .T. ) ;
#1717 = ORIENTED_EDGE ( 'NONE', *, *, #4062, .T. ) ;
#1718 = VECTOR ( 'NONE', #4883, 1000.000000000000000 ) ;
#1719 = EDGE_CURVE ( 'NONE', #3394, #1700, #4118, .T. ) ;
#1720 = LINE ( 'NONE', #4903, #2031 ) ;
#1721 = CARTESIAN_POINT ( 'NONE',  ( -3.169999999999992379, 11.09999999999999964, 20.25000000000000000 ) ) ;
#1722 = AXIS2_PLACEMENT_3D ( 'NONE', #638, #2258, #3881 ) ;
#1723 = VERTEX_POINT ( 'NONE', #1569 ) ;
#1724 = ORIENTED_EDGE ( 'NONE', *, *, #550, .F. ) ;
#1725 = AXIS2_PLACEMENT_3D ( 'NONE', #3376, #1756, #2898 ) ;
#1726 = EDGE_LOOP ( 'NONE', ( #1813, #1573, #5027, #4870 ) ) ;
#1727 = EDGE_CURVE ( 'NONE', #3517, #5226, #2604, .T. ) ;
#1728 = CARTESIAN_POINT ( 'NONE',  ( -8.249999999999992895, 11.09999999999999964, 20.25000000000000000 ) ) ;
#1729 = DIRECTION ( 'NONE',  ( 0.000000000000000000, 0.000000000000000000, -1.000000000000000000 ) ) ;
#1730 = FACE_OUTER_BOUND ( 'NONE', #4560, .T. ) ;
#1731 = EDGE_LOOP ( 'NONE', ( #3903, #93, #5236, #1640 ) ) ;
#1732 = DIRECTION ( 'NONE',  ( 0.000000000000000000, 1.000000000000000000, 0.000000000000000000 ) ) ;
#1733 = AXIS2_PLACEMENT_3D ( 'NONE', #156, #3873, #1082 ) ;
#1734 = EDGE_CURVE ( 'NONE', #2922, #1758, #4172, .T. ) ;
#1735 = FACE_OUTER_BOUND ( 'NONE', #2752, .T. ) ;
#1736 = ORIENTED_EDGE ( 'NONE', *, *, #2316, .T. ) ;
#1737 = CARTESIAN_POINT ( 'NONE',  ( -17.40999999999999659, 11.09999999999999964, 20.25000000000000000 ) ) ;
#1738 = VECTOR ( 'NONE', #2320, 1000.000000000000000 ) ;
#1739 = DIRECTION ( 'NONE',  ( -0.000000000000000000, -1.000000000000000000, -0.000000000000000000 ) ) ;
#1740 = VERTEX_POINT ( 'NONE', #3396 ) ;
#1741 = CARTESIAN_POINT ( 'NONE',  ( -37.49999999999999289, 4.750000000000000000, -4.400000000000000355 ) ) ;
#1742 = CARTESIAN_POINT ( 'NONE',  ( 33.50000000000000000, 1.600000000000000089, -18.50000000000000355 ) ) ;
#1743 = DIRECTION ( 'NONE',  ( -0.000000000000000000, -1.000000000000000000, -0.000000000000000000 ) ) ;
#1744 = VERTEX_POINT ( 'NONE', #3792 ) ;
#1745 = DIRECTION ( 'NONE',  ( 0.000000000000000000, 0.000000000000000000, 1.000000000000000000 ) ) ;
#1746 = CARTESIAN_POINT ( 'NONE',  ( 0.000000000000000000, 1.600000000000000089, 0.000000000000000000 ) ) ;
#1747 = ORIENTED_EDGE ( 'NONE', *, *, #5158, .F. ) ;
#1748 = ORIENTED_EDGE ( 'NONE', *, *, #2336, .T. ) ;
#1749 = EDGE_CURVE ( 'NONE', #892, #5257, #103, .T. ) ;
#1750 = AXIS2_PLACEMENT_3D ( 'NONE', #2497, #2469, #1224 ) ;
#1751 = EDGE_LOOP ( 'NONE', ( #2044, #2276, #4958, #2511 ) ) ;
#1752 = DIRECTION ( 'NONE',  ( -0.000000000000000000, -1.000000000000000000, -0.000000000000000000 ) ) ;
#1753 = CARTESIAN_POINT ( 'NONE',  ( -13.32999999999999474, 11.09999999999999964, -19.25000000000000000 ) ) ;
#1754 = FACE_OUTER_BOUND ( 'NONE', #4848, .T. ) ;
#1755 = ORIENTED_EDGE ( 'NONE', *, *, #289, .T. ) ;
#1756 = DIRECTION ( 'NONE',  ( 0.000000000000000000, 0.000000000000000000, -1.000000000000000000 ) ) ;
#1757 = EDGE_CURVE ( 'NONE', #2015, #4535, #4593, .T. ) ;
#1758 = VERTEX_POINT ( 'NONE', #3820 ) ;
#1759 = DIRECTION ( 'NONE',  ( -0.000000000000000000, -0.000000000000000000, 1.000000000000000000 ) ) ;
#1760 = EDGE_CURVE ( 'NONE', #629, #2069, #500, .T. ) ;
#1761 = FACE_OUTER_BOUND ( 'NONE', #4247, .T. ) ;
#1762 = LINE ( 'NONE', #4153, #1387 ) ;
#1763 = EDGE_CURVE ( 'NONE', #4635, #1983, #2574, .T. ) ;
#1764 = EDGE_LOOP ( 'NONE', ( #1595, #1204, #1, #1954 ) ) ;
#1765 = VECTOR ( 'NONE', #824, 1000.000000000000000 ) ;
#1766 = DIRECTION ( 'NONE',  ( -0.000000000000000000, -1.000000000000000000, -0.000000000000000000 ) ) ;
#1767 = LINE ( 'NONE', #2637, #2463 ) ;
#1768 = CARTESIAN_POINT ( 'NONE',  ( -3.169999999999992379, 11.09999999999999964, -19.25000000000000000 ) ) ;
#1769 = ORIENTED_EDGE ( 'NONE', *, *, #3854, .F. ) ;
#1770 = EDGE_CURVE ( 'NONE', #3872, #2570, #1374, .T. ) ;
#1771 = CARTESIAN_POINT ( 'NONE',  ( 0.3700000000000092104, 11.09999999999999964, -20.25000000000000000 ) ) ;
#1772 = CARTESIAN_POINT ( 'NONE',  ( 29.90000000000000924, 0.000000000000000000, 6.250000000000000000 ) ) ;
#1773 = EDGE_LOOP ( 'NONE', ( #3638, #2243, #3299, #309 ) ) ;
#1774 = ORIENTED_EDGE ( 'NONE', *, *, #4596, .F. ) ;
#1775 = ORIENTED_EDGE ( 'NONE', *, *, #1770, .F. ) ;
#1776 = ADVANCED_FACE ( 'NONE', ( #2519 ), #2622, .T. ) ;
#1777 = LINE ( 'NONE', #2173, #3613 ) ;
#1778 = FACE_OUTER_BOUND ( 'NONE', #3284, .T. ) ;
#1779 = DIRECTION ( 'NONE',  ( 0.000000000000000000, 0.000000000000000000, -1.000000000000000000 ) ) ;
#1780 = VERTEX_POINT ( 'NONE', #2149 ) ;
#1781 = VECTOR ( 'NONE', #4636, 1000.000000000000000 ) ;
#1782 = CARTESIAN_POINT ( 'NONE',  ( -37.49999999999999289, 1.600000000000000089, 22.49999999999999645 ) ) ;
#1783 = VECTOR ( 'NONE', #4145, 1000.000000000000000 ) ;
#1784 = VERTEX_POINT ( 'NONE', #2997 ) ;
#1785 = VECTOR ( 'NONE', #13, 1000.000000000000000 ) ;
#1786 = PLANE ( 'NONE',  #185 ) ;
#1787 = EDGE_CURVE ( 'NONE', #990, #4504, #5041, .T. ) ;
#1788 = CARTESIAN_POINT ( 'NONE',  ( -37.49999999999999289, 0.000000000000000000, 22.49999999999999645 ) ) ;
#1789 = FACE_OUTER_BOUND ( 'NONE', #839, .T. ) ;
#1790 = EDGE_LOOP ( 'NONE', ( #604, #2217, #1006, #2239 ) ) ;
#1791 = AXIS2_PLACEMENT_3D ( 'NONE', #299, #2315, #2395 ) ;
#1792 = EDGE_CURVE ( 'NONE', #4925, #990, #4245, .T. ) ;
#1793 = CARTESIAN_POINT ( 'NONE',  ( -37.49999999999999289, 1.600000000000000089, 22.49999999999999645 ) ) ;
#1794 = DIRECTION ( 'NONE',  ( 0.000000000000000000, 0.000000000000000000, -1.000000000000000000 ) ) ;
#1795 = CARTESIAN_POINT ( 'NONE',  ( -14.86999999999999389, 1.600000000000000089, 20.25000000000000000 ) ) ;
#1796 = ORIENTED_EDGE ( 'NONE', *, *, #2209, .T. ) ;
#1797 = DIRECTION ( 'NONE',  ( 0.000000000000000000, -1.000000000000000000, 0.000000000000000000 ) ) ;
#1798 = CARTESIAN_POINT ( 'NONE',  ( -9.789999999999993818, 11.09999999999999964, -19.25000000000000000 ) ) ;
#1799 = ORIENTED_EDGE ( 'NONE', *, *, #2897, .T. ) ;
#1800 = EDGE_LOOP ( 'NONE', ( #677, #1219, #4266, #2853 ) ) ;
#1801 = VERTEX_POINT ( 'NONE', #3020 ) ;
#1802 = CARTESIAN_POINT ( 'NONE',  ( -8.249999999999992895, 11.09999999999999964, -19.25000000000000000 ) ) ;
#1803 = CARTESIAN_POINT ( 'NONE',  ( 5.450000000000009948, 11.09999999999999964, 20.25000000000000000 ) ) ;
#1804 = DIRECTION ( 'NONE',  ( -0.000000000000000000, -1.000000000000000000, -0.000000000000000000 ) ) ;
#1805 = ORIENTED_EDGE ( 'NONE', *, *, #2600, .T. ) ;
#1806 = FACE_BOUND ( 'NONE', #2263, .T. ) ;
#1807 = VECTOR ( 'NONE', #3954, 1000.000000000000000 ) ;
#1808 = EDGE_LOOP ( 'NONE', ( #416, #391, #2777, #4796 ) ) ;
#1809 = CARTESIAN_POINT ( 'NONE',  ( -18.40999999999999659, 1.600000000000000089, -19.25000000000000000 ) ) ;
#1810 = VECTOR ( 'NONE', #2423, 1000.000000000000000 ) ;
#1811 = DIRECTION ( 'NONE',  ( 0.000000000000000000, 0.000000000000000000, 1.000000000000000000 ) ) ;
#1812 = LINE ( 'NONE', #5049, #3418 ) ;
#1813 = ORIENTED_EDGE ( 'NONE', *, *, #1266, .F. ) ;
#1814 = EDGE_CURVE ( 'NONE', #3675, #99, #552, .T. ) ;
#1815 = VECTOR ( 'NONE', #687, 1000.000000000000000 ) ;
#1816 = VECTOR ( 'NONE', #3597, 1000.000000000000000 ) ;
#1817 = LINE ( 'NONE', #5052, #2066 ) ;
#1818 = CARTESIAN_POINT ( 'NONE',  ( 37.50000000000000711, 1.600000000000000089, -22.50000000000000355 ) ) ;
#1819 = VERTEX_POINT ( 'NONE', #3745 ) ;
#1820 = EDGE_CURVE ( 'NONE', #2430, #1570, #4136, .T. ) ;
#1821 = PLANE ( 'NONE',  #5208 ) ;
#1822 = LINE ( 'NONE', #1844, #3633 ) ;
#1823 = ADVANCED_FACE ( 'NONE', ( #1778 ), #1323, .T. ) ;
#1824 = ORIENTED_EDGE ( 'NONE', *, *, #3196, .F. ) ;
#1825 = DIRECTION ( 'NONE',  ( -0.000000000000000000, -0.000000000000000000, 1.000000000000000000 ) ) ;
#1826 = ORIENTED_EDGE ( 'NONE', *, *, #2110, .T. ) ;
#1827 = CARTESIAN_POINT ( 'NONE',  ( 6.990000000000009983, 11.09999999999999964, 19.25000000000000000 ) ) ;
#1828 = CARTESIAN_POINT ( 'NONE',  ( 4.450000000000009948, 11.09999999999999964, 20.25000000000000000 ) ) ;
#1829 = CARTESIAN_POINT ( 'NONE',  ( -14.86999999999999389, 1.600000000000000089, -20.25000000000000000 ) ) ;
#1830 = ORIENTED_EDGE ( 'NONE', *, *, #1787, .T. ) ;
#1831 = AXIS2_PLACEMENT_3D ( 'NONE', #128, #151, #1272 ) ;
#1832 = DIRECTION ( 'NONE',  ( 0.000000000000000000, -0.000000000000000000, -1.000000000000000000 ) ) ;
#1833 = ORIENTED_EDGE ( 'NONE', *, *, #1072, .T. ) ;
#1834 = EDGE_CURVE ( 'NONE', #2593, #2889, #129, .T. ) ;
#1835 = FACE_OUTER_BOUND ( 'NONE', #867, .T. ) ;
#1836 = DIRECTION ( 'NONE',  ( 0.000000000000000000, 0.000000000000000000, -1.000000000000000000 ) ) ;
#1837 = DIRECTION ( 'NONE',  ( 1.000000000000000000, 0.000000000000000000, -0.000000000000000000 ) ) ;
#1838 = ORIENTED_EDGE ( 'NONE', *, *, #5112, .T. ) ;
#1839 = CARTESIAN_POINT ( 'NONE',  ( -37.49999999999999289, 1.600000000000000089, 22.49999999999999645 ) ) ;
#1840 = DIRECTION ( 'NONE',  ( -1.000000000000000000, -0.000000000000000000, -0.000000000000000000 ) ) ;
#1841 = AXIS2_PLACEMENT_3D ( 'NONE', #75, #2597, #3321 ) ;
#1842 = ORIENTED_EDGE ( 'NONE', *, *, #4608, .T. ) ;
#1843 = LINE ( 'NONE', #4238, #3733 ) ;
#1844 = CARTESIAN_POINT ( 'NONE',  ( 37.50000000000000711, -2.699999999999999289, -6.250000000000000000 ) ) ;
#1845 = EDGE_CURVE ( 'NONE', #2859, #3822, #2174, .T. ) ;
#1846 = ORIENTED_EDGE ( 'NONE', *, *, #175, .T. ) ;
#1847 = FACE_OUTER_BOUND ( 'NONE', #4820, .T. ) ;
#1848 = AXIS2_PLACEMENT_3D ( 'NONE', #4264, #621, #2242 ) ;
#1849 = ORIENTED_EDGE ( 'NONE', *, *, #3332, .T. ) ;
#1850 = DIRECTION ( 'NONE',  ( -0.000000000000000000, -1.000000000000000000, -0.000000000000000000 ) ) ;
#1851 = DIRECTION ( 'NONE',  ( 0.000000000000000000, 0.000000000000000000, -1.000000000000000000 ) ) ;
#1852 = LINE ( 'NONE', #3098, #1860 ) ;
#1853 = EDGE_CURVE ( 'NONE', #3788, #478, #2548, .T. ) ;
#1854 = VERTEX_POINT ( 'NONE', #1753 ) ;
#1855 = DIRECTION ( 'NONE',  ( 0.000000000000000000, 0.000000000000000000, -1.000000000000000000 ) ) ;
#1856 = CARTESIAN_POINT ( 'NONE',  ( -23.48999999999999844, 11.09999999999999964, 19.25000000000000000 ) ) ;
#1857 = LINE ( 'NONE', #2654, #1291 ) ;
#1858 = ORIENTED_EDGE ( 'NONE', *, *, #642, .F. ) ;
#1859 = DIRECTION ( 'NONE',  ( 0.000000000000000000, -0.000000000000000000, -1.000000000000000000 ) ) ;
#1860 = VECTOR ( 'NONE', #3422, 1000.000000000000000 ) ;
#1861 = CARTESIAN_POINT ( 'NONE',  ( 21.75000000000000000, -5.899999999999997691, 10.50000000000000000 ) ) ;
#1862 = ORIENTED_EDGE ( 'NONE', *, *, #4303, .F. ) ;
#1863 = CIRCLE ( 'NONE', #1268, 1.999999999999994893 ) ;
#1864 = VECTOR ( 'NONE', #466, 1000.000000000000000 ) ;
#1865 = PLANE ( 'NONE',  #4432 ) ;
#1866 = FACE_OUTER_BOUND ( 'NONE', #3404, .T. ) ;
#1867 = PLANE ( 'NONE',  #1451 ) ;
#1868 = VERTEX_POINT ( 'NONE', #3371 ) ;
#1869 = EDGE_CURVE ( 'NONE', #3143, #3042, #2194, .T. ) ;
#1870 = LINE ( 'NONE', #5111, #1981 ) ;
#1871 = DIRECTION ( 'NONE',  ( 0.000000000000000000, 0.000000000000000000, -1.000000000000000000 ) ) ;
#1872 = VECTOR ( 'NONE', #2053, 1000.000000000000000 ) ;
#1873 = ORIENTED_EDGE ( 'NONE', *, *, #5143, .F. ) ;
#1874 = DIRECTION ( 'NONE',  ( 0.000000000000000000, -0.000000000000000000, -1.000000000000000000 ) ) ;
#1875 = EDGE_CURVE ( 'NONE', #932, #2922, #3718, .T. ) ;
#1876 = ORIENTED_EDGE ( 'NONE', *, *, #4730, .F. ) ;
#1877 = LINE ( 'NONE', #3523, #3562 ) ;
#1878 = CARTESIAN_POINT ( 'NONE',  ( 0.000000000000000000, 0.000000000000000000, 0.000000000000000000 ) ) ;
#1879 = ORIENTED_EDGE ( 'NONE', *, *, #504, .F. ) ;
#1880 = FACE_BOUND ( 'NONE', #1380, .T. ) ;
#1881 = EDGE_CURVE ( 'NONE', #3039, #5253, #3598, .T. ) ;
#1882 = LINE ( 'NONE', #2703, #534 ) ;
#1883 = CARTESIAN_POINT ( 'NONE',  ( -5.709999999999992859, 1.600000000000000089, -19.25000000000000000 ) ) ;
#1884 = VECTOR ( 'NONE', #1437, 1000.000000000000000 ) ;
#1885 = ORIENTED_EDGE ( 'NONE', *, *, #1260, .T. ) ;
#1886 = CARTESIAN_POINT ( 'NONE',  ( 8.900000000000005684, 11.09999999999999964, 20.90000000000000213 ) ) ;
#1887 = EDGE_CURVE ( 'NONE', #4343, #1723, #1055, .T. ) ;
#1888 = DIRECTION ( 'NONE',  ( -7.885106708985486076E-16, -1.000000000000000000, 0.000000000000000000 ) ) ;
#1889 = VERTEX_POINT ( 'NONE', #3870 ) ;
#1890 = CARTESIAN_POINT ( 'NONE',  ( 34.30000000000000426, 0.000000000000000000, -7.450000000000001066 ) ) ;
#1891 = CARTESIAN_POINT ( 'NONE',  ( -33.49999999999998579, 1.600000000000000089, 18.49999999999999645 ) ) ;
#1892 = DIRECTION ( 'NONE',  ( 0.000000000000000000, -1.000000000000000000, 0.000000000000000000 ) ) ;
#1893 = VECTOR ( 'NONE', #3207, 1000.000000000000000 ) ;
#1894 = ORIENTED_EDGE ( 'NONE', *, *, #1532, .F. ) ;
#1895 = AXIS2_PLACEMENT_3D ( 'NONE', #1284, #855, #1687 ) ;
#1896 = CARTESIAN_POINT ( 'NONE',  ( -12.32999999999999297, 11.09999999999999964, -20.25000000000000000 ) ) ;
#1897 = EDGE_CURVE ( 'NONE', #5229, #1928, #3473, .T. ) ;
#1898 = LINE ( 'NONE', #993, #2355 ) ;
#1899 = EDGE_LOOP ( 'NONE', ( #5250, #3209, #1190, #1560 ) ) ;
#1900 = PLANE ( 'NONE',  #927 ) ;
#1901 = ORIENTED_EDGE ( 'NONE', *, *, #2323, .F. ) ;
#1902 = CARTESIAN_POINT ( 'NONE',  ( 0.3700000000000092104, 11.09999999999999964, -19.25000000000000000 ) ) ;
#1903 = FACE_BOUND ( 'NONE', #4477, .T. ) ;
#1904 = ORIENTED_EDGE ( 'NONE', *, *, #1034, .T. ) ;
#1905 = CARTESIAN_POINT ( 'NONE',  ( 6.990000000000009983, 11.09999999999999964, 20.25000000000000000 ) ) ;
#1906 = FACE_OUTER_BOUND ( 'NONE', #1600, .T. ) ;
#1907 = DIRECTION ( 'NONE',  ( 1.000000000000000000, 0.000000000000000000, 0.000000000000000000 ) ) ;
#1908 = VERTEX_POINT ( 'NONE', #3045 ) ;
#1909 = DIRECTION ( 'NONE',  ( 0.000000000000000000, -1.000000000000000000, 0.000000000000000000 ) ) ;
#1910 = EDGE_CURVE ( 'NONE', #543, #4827, #5065, .T. ) ;
#1911 = CARTESIAN_POINT ( 'NONE',  ( -22.48999999999999488, 1.600000000000000089, -19.25000000000000000 ) ) ;
#1912 = VERTEX_POINT ( 'NONE', #230 ) ;
#1913 = EDGE_CURVE ( 'NONE', #4081, #2196, #4272, .T. ) ;
#1914 = CARTESIAN_POINT ( 'NONE',  ( -20.94999999999999574, 11.09999999999999964, -20.25000000000000000 ) ) ;
#1915 = DIRECTION ( 'NONE',  ( 0.000000000000000000, 0.000000000000000000, -1.000000000000000000 ) ) ;
#1916 = DIRECTION ( 'NONE',  ( 0.000000000000000000, 0.000000000000000000, -1.000000000000000000 ) ) ;
#1917 = EDGE_CURVE ( 'NONE', #150, #3788, #1431, .T. ) ;
#1918 = VERTEX_POINT ( 'NONE', #4787 ) ;
#1919 = DIRECTION ( 'NONE',  ( 1.000000000000000000, 0.000000000000000000, 0.000000000000000000 ) ) ;
#1920 = CARTESIAN_POINT ( 'NONE',  ( 1.910000000000009024, 1.600000000000000089, -19.25000000000000000 ) ) ;
#1921 = ORIENTED_EDGE ( 'NONE', *, *, #3179, .F. ) ;
#1922 = PLANE ( 'NONE',  #2792 ) ;
#1923 = EDGE_CURVE ( 'NONE', #2147, #1740, #4665, .T. ) ;
#1924 = VERTEX_POINT ( 'NONE', #1026 ) ;
#1925 = VECTOR ( 'NONE', #5019, 1000.000000000000000 ) ;
#1926 = DIRECTION ( 'NONE',  ( 0.000000000000000000, 0.000000000000000000, 1.000000000000000000 ) ) ;
#1927 = DIRECTION ( 'NONE',  ( -0.000000000000000000, 1.000000000000000000, -0.000000000000000000 ) ) ;
#1928 = VERTEX_POINT ( 'NONE', #1581 ) ;
#1929 = VECTOR ( 'NONE', #5113, 1000.000000000000000 ) ;
#1930 = DIRECTION ( 'NONE',  ( 1.000000000000000000, 0.000000000000000000, 0.000000000000000000 ) ) ;
#1931 = EDGE_CURVE ( 'NONE', #5183, #4776, #2648, .T. ) ;
#1932 = LINE ( 'NONE', #1956, #442 ) ;
#1933 = DIRECTION ( 'NONE',  ( 0.000000000000000000, 0.000000000000000000, 1.000000000000000000 ) ) ;
#1934 = ORIENTED_EDGE ( 'NONE', *, *, #2536, .T. ) ;
#1935 = LINE ( 'NONE', #2361, #1578 ) ;
#1936 = FACE_OUTER_BOUND ( 'NONE', #4802, .T. ) ;
#1937 = EDGE_LOOP ( 'NONE', ( #4202, #1162, #1149, #3338 ) ) ;
#1938 = ADVANCED_FACE ( 'NONE', ( #1178 ), #1972, .T. ) ;
#1939 = LINE ( 'NONE', #3086, #355 ) ;
#1940 = CARTESIAN_POINT ( 'NONE',  ( 7.990000000000009095, 11.09999999999999964, -20.25000000000000000 ) ) ;
#1941 = PLANE ( 'NONE',  #5238 ) ;
#1942 = VECTOR ( 'NONE', #4051, 1000.000000000000000 ) ;
#1943 = DIRECTION ( 'NONE',  ( 1.000000000000000000, -0.000000000000000000, 1.196361017915039486E-16 ) ) ;
#1944 = EDGE_LOOP ( 'NONE', ( #4884, #3768, #5043, #1239 ) ) ;
#1945 = CARTESIAN_POINT ( 'NONE',  ( -17.40999999999999659, 1.600000000000000089, -20.25000000000000000 ) ) ;
#1946 = FACE_OUTER_BOUND ( 'NONE', #1588, .T. ) ;
#1947 = VERTEX_POINT ( 'NONE', #3967 ) ;
#1948 = DIRECTION ( 'NONE',  ( -1.000000000000000000, 0.000000000000000000, -0.000000000000000000 ) ) ;
#1949 = EDGE_CURVE ( 'NONE', #11, #655, #2672, .T. ) ;
#1950 = ORIENTED_EDGE ( 'NONE', *, *, #3919, .T. ) ;
#1951 = AXIS2_PLACEMENT_3D ( 'NONE', #381, #2345, #3571 ) ;
#1952 = DIRECTION ( 'NONE',  ( 0.000000000000000000, 0.000000000000000000, 1.000000000000000000 ) ) ;
#1953 = CARTESIAN_POINT ( 'NONE',  ( -18.40999999999999659, 11.09999999999999964, -20.25000000000000000 ) ) ;
#1954 = ORIENTED_EDGE ( 'NONE', *, *, #3889, .T. ) ;
#1955 = CARTESIAN_POINT ( 'NONE',  ( -7.249999999999992895, 11.09999999999999964, -20.25000000000000000 ) ) ;
#1956 = CARTESIAN_POINT ( 'NONE',  ( -23.48999999999999844, 11.09999999999999964, 19.25000000000000000 ) ) ;
#1957 = DIRECTION ( 'NONE',  ( -0.000000000000000000, -0.000000000000000000, 1.000000000000000000 ) ) ;
#1958 = EDGE_LOOP ( 'NONE', ( #2736, #1263, #1838, #4218 ) ) ;
#1959 = PLANE ( 'NONE',  #3031 ) ;
#1960 = EDGE_CURVE ( 'NONE', #478, #1819, #205, .T. ) ;
#1961 = DIRECTION ( 'NONE',  ( 0.000000000000000000, -1.000000000000000000, -0.000000000000000000 ) ) ;
#1962 = ORIENTED_EDGE ( 'NONE', *, *, #3445, .T. ) ;
#1963 = LINE ( 'NONE', #1890, #4941 ) ;
#1965 = VECTOR ( 'NONE', #4278, 1000.000000000000000 ) ;
#1964 = LINE ( 'NONE', #5185, #5000 ) ;
#1966 = FACE_OUTER_BOUND ( 'NONE', #3843, .T. ) ;
#1967 = ADVANCED_FACE ( 'NONE', ( #1946 ), #3227, .T. ) ;
#1968 = DIRECTION ( 'NONE',  ( -0.000000000000000000, -1.000000000000000000, -0.000000000000000000 ) ) ;
#1969 = ORIENTED_EDGE ( 'NONE', *, *, #4419, .T. ) ;
#1970 = VECTOR ( 'NONE', #2278, 1000.000000000000000 ) ;
#1971 = DIRECTION ( 'NONE',  ( -1.000000000000000000, 0.000000000000000000, -0.000000000000000000 ) ) ;
#1972 = PLANE ( 'NONE',  #3317 ) ;
#1973 = VECTOR ( 'NONE', #3302, 1000.000000000000000 ) ;
#1974 = FACE_OUTER_BOUND ( 'NONE', #3184, .T. ) ;
#1975 = EDGE_CURVE ( 'NONE', #733, #3468, #2223, .T. ) ;
#1976 = ADVANCED_FACE ( 'NONE', ( #3170 ), #4393, .T. ) ;
#1977 = EDGE_LOOP ( 'NONE', ( #3769, #664, #2032, #404 ) ) ;
#1978 = ORIENTED_EDGE ( 'NONE', *, *, #3380, .T. ) ;
#1979 = EDGE_CURVE ( 'NONE', #4497, #5174, #3140, .T. ) ;
#1980 = DIRECTION ( 'NONE',  ( 1.000000000000000000, 0.000000000000000000, 0.000000000000000000 ) ) ;
#1981 = VECTOR ( 'NONE', #1580, 1000.000000000000000 ) ;
#1982 = DIRECTION ( 'NONE',  ( -0.000000000000000000, 0.000000000000000000, 1.000000000000000000 ) ) ;
#1983 = VERTEX_POINT ( 'NONE', #3624 ) ;
#1984 = EDGE_CURVE ( 'NONE', #2117, #4925, #4845, .T. ) ;
#1985 = VERTEX_POINT ( 'NONE', #3759 ) ;
#1986 = LINE ( 'NONE', #2411, #4441 ) ;
#1987 = VERTEX_POINT ( 'NONE', #3703 ) ;
#1988 = DIRECTION ( 'NONE',  ( 1.000000000000000000, 0.000000000000000000, -0.000000000000000000 ) ) ;
#1989 = ORIENTED_EDGE ( 'NONE', *, *, #1283, .T. ) ;
#1990 = DIRECTION ( 'NONE',  ( -0.000000000000000000, -0.000000000000000000, 1.000000000000000000 ) ) ;
#1991 = DIRECTION ( 'NONE',  ( -0.000000000000000000, -0.000000000000000000, -1.000000000000000000 ) ) ;
#1992 = ORIENTED_EDGE ( 'NONE', *, *, #1192, .F. ) ;
#1993 = EDGE_LOOP ( 'NONE', ( #1530, #2749, #2280, #1158 ) ) ;
#1994 = EDGE_CURVE ( 'NONE', #641, #4671, #60, .T. ) ;
#1995 = LINE ( 'NONE', #3273, #2904 ) ;
#1996 = CARTESIAN_POINT ( 'NONE',  ( -14.86999999999999389, 11.09999999999999964, -20.25000000000000000 ) ) ;
#1997 = DIRECTION ( 'NONE',  ( 0.000000000000000000, 0.000000000000000000, -1.000000000000000000 ) ) ;
#1998 = DIRECTION ( 'NONE',  ( 0.000000000000000000, 0.000000000000000000, -1.000000000000000000 ) ) ;
#1999 = VECTOR ( 'NONE', #2522, 1000.000000000000000 ) ;
#2000 = EDGE_LOOP ( 'NONE', ( #458, #5118, #1969, #2496 ) ) ;
#2001 = DIRECTION ( 'NONE',  ( 0.000000000000000000, 0.000000000000000000, -1.000000000000000000 ) ) ;
#2002 = DIRECTION ( 'NONE',  ( -0.000000000000000000, -0.000000000000000000, 1.000000000000000000 ) ) ;
#2003 = PLANE ( 'NONE',  #5169 ) ;
#2004 = EDGE_LOOP ( 'NONE', ( #2634, #4734, #1081, #475 ) ) ;
#2005 = ORIENTED_EDGE ( 'NONE', *, *, #1039, .T. ) ;
#2006 = EDGE_CURVE ( 'NONE', #4370, #2378, #4077, .T. ) ;
#2007 = LINE ( 'NONE', #2432, #1443 ) ;
#2008 = FACE_OUTER_BOUND ( 'NONE', #5011, .T. ) ;
#2009 = EDGE_LOOP ( 'NONE', ( #2808, #435, #1962, #3789 ) ) ;
#2010 = ORIENTED_EDGE ( 'NONE', *, *, #976, .F. ) ;
#2011 = VECTOR ( 'NONE', #1631, 1000.000000000000000 ) ;
#2012 = ORIENTED_EDGE ( 'NONE', *, *, #3735, .T. ) ;
#2013 = EDGE_CURVE ( 'NONE', #3068, #1928, #1688, .T. ) ;
#2014 = LINE ( 'NONE', #2386, #4181 ) ;
#2015 = VERTEX_POINT ( 'NONE', #8 ) ;
#2016 = LINE ( 'NONE', #1705, #44 ) ;
#2017 = PRODUCT_DEFINITION_SHAPE ( 'NONE', 'NONE',  #2760 ) ;
#2018 = FACE_OUTER_BOUND ( 'NONE', #1565, .T. ) ;
#2019 = ORIENTED_EDGE ( 'NONE', *, *, #2074, .F. ) ;
#2020 = ORIENTED_EDGE ( 'NONE', *, *, #1677, .T. ) ;
#2021 = CARTESIAN_POINT ( 'NONE',  ( 0.000000000000000000, 1.600000000000000089, 0.000000000000000000 ) ) ;
#2022 = PLANE ( 'NONE',  #2948 ) ;
#2023 = LINE ( 'NONE', #3674, #2059 ) ;
#2024 = ORIENTED_EDGE ( 'NONE', *, *, #219, .T. ) ;
#2025 = DIRECTION ( 'NONE',  ( 0.000000000000000000, 0.000000000000000000, 1.000000000000000000 ) ) ;
#2026 = PLANE ( 'NONE',  #516 ) ;
#2027 = EDGE_CURVE ( 'NONE', #1479, #5050, #884, .T. ) ;
#2028 = LINE ( 'NONE', #750, #838 ) ;
#2029 = VECTOR ( 'NONE', #3564, 1000.000000000000000 ) ;
#2030 = ORIENTED_EDGE ( 'NONE', *, *, #2287, .F. ) ;
#2031 = VECTOR ( 'NONE', #2459, 1000.000000000000000 ) ;
#2032 = ORIENTED_EDGE ( 'NONE', *, *, #555, .T. ) ;
#2033 = DIRECTION ( 'NONE',  ( 1.000000000000000000, 0.000000000000000000, -0.000000000000000000 ) ) ;
#2034 = PLANE ( 'NONE',  #3542 ) ;
#2035 = VERTEX_POINT ( 'NONE', #4554 ) ;
#2036 = ORIENTED_EDGE ( 'NONE', *, *, #2434, .T. ) ;
#2037 = ADVANCED_FACE ( 'NONE', ( #4104 ), #2849, .T. ) ;
#2038 = ORIENTED_EDGE ( 'NONE', *, *, #3504, .F. ) ;
#2039 = DIRECTION ( 'NONE',  ( 0.000000000000000000, 0.000000000000000000, -1.000000000000000000 ) ) ;
#2040 = ORIENTED_EDGE ( 'NONE', *, *, #1225, .F. ) ;
#2041 = CARTESIAN_POINT ( 'NONE',  ( 8.900000000000005684, 1.600000000000000089, -18.60000000000000142 ) ) ;
#2042 = FACE_BOUND ( 'NONE', #2710, .T. ) ;
#2043 = ADVANCED_FACE ( 'NONE', ( #1338 ), #2026, .F. ) ;
#2044 = ORIENTED_EDGE ( 'NONE', *, *, #374, .F. ) ;
#2045 = ORIENTED_EDGE ( 'NONE', *, *, #923, .F. ) ;
#2046 = FACE_OUTER_BOUND ( 'NONE', #2136, .T. ) ;
#2047 = ADVANCED_FACE ( 'NONE', ( #2933 ), #2452, .T. ) ;
#2048 = CARTESIAN_POINT ( 'NONE',  ( 7.990000000000009095, 1.600000000000000089, 20.25000000000000000 ) ) ;
#2049 = LINE ( 'NONE', #4416, #1556 ) ;
#2050 = ORIENTED_EDGE ( 'NONE', *, *, #3147, .F. ) ;
#2051 = COLOUR_RGB ( '',0.7921568627450980005, 0.8196078431372548767, 0.9333333333333333481 ) ;
#2052 = CARTESIAN_POINT ( 'NONE',  ( -30.24999999999999289, 4.750000000000000000, 4.400000000000001243 ) ) ;
#2053 = DIRECTION ( 'NONE',  ( -7.885106708985486076E-16, -1.000000000000000000, 0.000000000000000000 ) ) ;
#2054 = DIRECTION ( 'NONE',  ( 0.000000000000000000, 0.000000000000000000, 1.000000000000000000 ) ) ;
#2055 = VECTOR ( 'NONE', #4598, 1000.000000000000000 ) ;
#2056 = EDGE_LOOP ( 'NONE', ( #3010, #4036, #71, #4764 ) ) ;
#2057 = ORIENTED_EDGE ( 'NONE', *, *, #3036, .T. ) ;
#2058 = EDGE_CURVE ( 'NONE', #4616, #863, #910, .T. ) ;
#2059 = VECTOR ( 'NONE', #772, 1000.000000000000000 ) ;
#2060 = PLANE ( 'NONE',  #928 ) ;
#2061 = DIRECTION ( 'NONE',  ( 0.000000000000000000, 0.000000000000000000, -1.000000000000000000 ) ) ;
#2062 = ORIENTED_EDGE ( 'NONE', *, *, #3775, .T. ) ;
#2063 = VERTEX_POINT ( 'NONE', #1235 ) ;
#2064 = VECTOR ( 'NONE', #1136, 1000.000000000000000 ) ;
#2065 = EDGE_LOOP ( 'NONE', ( #2658, #3644, #2164, #471 ) ) ;
#2066 = VECTOR ( 'NONE', #4283, 1000.000000000000000 ) ;
#2067 = CARTESIAN_POINT ( 'NONE',  ( -33.49999999999998579, 1.600000000000000089, 16.50000000000000000 ) ) ;
#2068 = CARTESIAN_POINT ( 'NONE',  ( 6.990000000000009983, 11.09999999999999964, -19.25000000000000000 ) ) ;
#2069 = VERTEX_POINT ( 'NONE', #431 ) ;
#2070 = CARTESIAN_POINT ( 'NONE',  ( 0.000000000000000000, 1.600000000000000089, 0.000000000000000000 ) ) ;
#2071 = PLANE ( 'NONE',  #2482 ) ;
#2072 = ORIENTED_EDGE ( 'NONE', *, *, #646, .F. ) ;
#2073 = LINE ( 'NONE', #4943, #1119 ) ;
#2074 = EDGE_CURVE ( 'NONE', #2624, #706, #3280, .T. ) ;
#2075 = DIRECTION ( 'NONE',  ( -1.000000000000000000, 0.000000000000000000, -1.734723475976805517E-15 ) ) ;
#2076 = FACE_OUTER_BOUND ( 'NONE', #4761, .T. ) ;
#2077 = EDGE_LOOP ( 'NONE', ( #1469, #2072, #1458, #4319 ) ) ;
#2078 = EDGE_CURVE ( 'NONE', #5174, #4497, #851, .T. ) ;
#2079 = EDGE_CURVE ( 'NONE', #1889, #4329, #2427, .T. ) ;
#2080 = LINE ( 'NONE', #3278, #3168 ) ;
#2081 = LINE ( 'NONE', #4527, #258 ) ;
#2082 = AXIS2_PLACEMENT_3D ( 'NONE', #3472, #5090, #3844 ) ;
#2083 = CARTESIAN_POINT ( 'NONE',  ( 2.910000000000009912, 11.09999999999999964, -19.25000000000000000 ) ) ;
#2084 = ORIENTED_EDGE ( 'NONE', *, *, #1414, .F. ) ;
#2085 = LINE ( 'NONE', #4400, #1893 ) ;
#2086 = EDGE_LOOP ( 'NONE', ( #176, #1620, #2232, #2473 ) ) ;
#2087 = CARTESIAN_POINT ( 'NONE',  ( -10.78999999999999382, 11.09999999999999964, 20.25000000000000000 ) ) ;
#2088 = LINE ( 'NONE', #3787, #1255 ) ;
#2089 = ORIENTED_EDGE ( 'NONE', *, *, #3014, .T. ) ;
#2090 = VERTEX_POINT ( 'NONE', #1285 ) ;
#2091 = ORIENTED_EDGE ( 'NONE', *, *, #4111, .T. ) ;
#2092 = CARTESIAN_POINT ( 'NONE',  ( 0.3700000000000092104, 11.09999999999999964, -19.25000000000000000 ) ) ;
#2093 = PLANE ( 'NONE',  #3497 ) ;
#2094 = CARTESIAN_POINT ( 'NONE',  ( -8.249999999999992895, 11.09999999999999964, 20.25000000000000000 ) ) ;
#2095 = ORIENTED_EDGE ( 'NONE', *, *, #745, .T. ) ;
#2096 = CARTESIAN_POINT ( 'NONE',  ( -14.86999999999999389, 11.09999999999999964, -20.25000000000000000 ) ) ;
#2097 = ADVANCED_FACE ( 'NONE', ( #488 ), #1259, .T. ) ;
#2098 = CARTESIAN_POINT ( 'NONE',  ( 29.90000000000000924, 0.000000000000000000, -6.250000000000000000 ) ) ;
#2099 = VERTEX_POINT ( 'NONE', #3652 ) ;
#2100 = FILL_AREA_STYLE ('',( #2501 ) ) ;
#2101 = DIRECTION ( 'NONE',  ( -7.885106708985486076E-16, -1.000000000000000000, 0.000000000000000000 ) ) ;
#2102 = AXIS2_PLACEMENT_3D ( 'NONE', #5252, #1618, #3550 ) ;
#2103 = DIRECTION ( 'NONE',  ( -0.000000000000000000, -1.000000000000000000, -0.000000000000000000 ) ) ;
#2104 = ORIENTED_EDGE ( 'NONE', *, *, #4518, .F. ) ;
#2105 = EDGE_CURVE ( 'NONE', #3588, #1277, #4158, .T. ) ;
#2106 = DIRECTION ( 'NONE',  ( -1.000000000000000000, -0.000000000000000000, -0.000000000000000000 ) ) ;
#2107 = DIRECTION ( 'NONE',  ( 0.000000000000000000, 0.000000000000000000, 1.000000000000000000 ) ) ;
#2108 = CARTESIAN_POINT ( 'NONE',  ( -24.39999999999999147, 1.600000000000000089, -20.90000000000000213 ) ) ;
#2109 = ORIENTED_EDGE ( 'NONE', *, *, #2255, .F. ) ;
#2110 = EDGE_CURVE ( 'NONE', #3394, #2882, #4050, .T. ) ;
#2111 = CARTESIAN_POINT ( 'NONE',  ( -9.789999999999993818, 11.09999999999999964, 20.25000000000000000 ) ) ;
#2112 = PLANE ( 'NONE',  #3965 ) ;
#2113 = EDGE_CURVE ( 'NONE', #4034, #3930, #2081, .T. ) ;
#2114 = VERTEX_POINT ( 'NONE', #3731 ) ;
#2115 = VECTOR ( 'NONE', #4727, 1000.000000000000000 ) ;
#2116 = VECTOR ( 'NONE', #2669, 1000.000000000000000 ) ;
#2117 = VERTEX_POINT ( 'NONE', #89 ) ;
#2118 = VECTOR ( 'NONE', #2299, 1000.000000000000000 ) ;
#2119 = VERTEX_POINT ( 'NONE', #1715 ) ;
#2120 = CARTESIAN_POINT ( 'NONE',  ( 37.50000000000000711, -1.100000000000000311, 5.549999999999998934 ) ) ;
#2121 = DIRECTION ( 'NONE',  ( -0.000000000000000000, 1.000000000000000000, -0.000000000000000000 ) ) ;
#2122 = FACE_BOUND ( 'NONE', #4931, .T. ) ;
#2123 = ORIENTED_EDGE ( 'NONE', *, *, #3312, .T. ) ;
#2124 = LINE ( 'NONE', #4965, #4037 ) ;
#2125 = CARTESIAN_POINT ( 'NONE',  ( -12.32999999999999297, 11.09999999999999964, -20.25000000000000000 ) ) ;
#2126 = VERTEX_POINT ( 'NONE', #1015 ) ;
#2127 = PLANE ( 'NONE',  #691 ) ;
#2128 = VECTOR ( 'NONE', #2797, 1000.000000000000000 ) ;
#2129 = CARTESIAN_POINT ( 'NONE',  ( 0.000000000000000000, 1.600000000000000089, 0.000000000000000000 ) ) ;
#2130 = CARTESIAN_POINT ( 'NONE',  ( -22.48999999999999488, 1.600000000000000089, 19.25000000000000000 ) ) ;
#2131 = ORIENTED_EDGE ( 'NONE', *, *, #3740, .F. ) ;
#2132 = DIRECTION ( 'NONE',  ( 0.000000000000000000, -1.000000000000000000, 0.000000000000000000 ) ) ;
#2133 = CARTESIAN_POINT ( 'NONE',  ( 29.90000000000000924, -2.357646905986661039E-14, -6.250000000000000000 ) ) ;
#2134 = ADVANCED_FACE ( 'NONE', ( #3884 ), #1473, .T. ) ;
#2135 = CARTESIAN_POINT ( 'NONE',  ( -9.789999999999993818, 11.09999999999999964, 20.25000000000000000 ) ) ;
#2136 = EDGE_LOOP ( 'NONE', ( #1593, #3437, #3258, #379 ) ) ;
#2137 = VECTOR ( 'NONE', #2756, 1000.000000000000000 ) ;
#2138 = DIRECTION ( 'NONE',  ( 0.000000000000000000, 0.000000000000000000, -1.000000000000000000 ) ) ;
#2139 = ADVANCED_FACE ( 'NONE', ( #2662 ), #935, .T. ) ;
#2140 = LINE ( 'NONE', #3812, #66 ) ;
#2141 = EDGE_CURVE ( 'NONE', #1112, #585, #963, .T. ) ;
#2142 = VECTOR ( 'NONE', #1117, 1000.000000000000000 ) ;
#2143 = EDGE_LOOP ( 'NONE', ( #72, #2864, #3264, #2159 ) ) ;
#2144 = ORIENTED_EDGE ( 'NONE', *, *, #2240, .T. ) ;
#2145 = EDGE_CURVE ( 'NONE', #38, #1819, #3460, .T. ) ;
#2146 = VECTOR ( 'NONE', #397, 1000.000000000000000 ) ;
#2147 = VERTEX_POINT ( 'NONE', #3407 ) ;
#2148 = CARTESIAN_POINT ( 'NONE',  ( -8.249999999999992895, 1.600000000000000089, 19.25000000000000000 ) ) ;
#2149 = CARTESIAN_POINT ( 'NONE',  ( -23.48999999999999844, 11.09999999999999964, -20.25000000000000000 ) ) ;
#2150 = CARTESIAN_POINT ( 'NONE',  ( 0.000000000000000000, 11.09999999999999964, 0.000000000000000000 ) ) ;
#2151 = EDGE_CURVE ( 'NONE', #2099, #148, #3434, .T. ) ;
#2152 = EDGE_LOOP ( 'NONE', ( #2563, #570, #1334, #693 ) ) ;
#2153 = VECTOR ( 'NONE', #4841, 1000.000000000000000 ) ;
#2154 = FACE_OUTER_BOUND ( 'NONE', #2931, .T. ) ;
#2155 = ORIENTED_EDGE ( 'NONE', *, *, #1734, .T. ) ;
#2156 = LINE ( 'NONE', #4649, #694 ) ;
#2157 = DIRECTION ( 'NONE',  ( 0.000000000000000000, -1.000000000000000000, 0.000000000000000000 ) ) ;
#2158 = CARTESIAN_POINT ( 'NONE',  ( 4.450000000000009948, 11.09999999999999964, 20.25000000000000000 ) ) ;
#2159 = ORIENTED_EDGE ( 'NONE', *, *, #2006, .T. ) ;
#2160 = EDGE_CURVE ( 'NONE', #4823, #87, #5077, .T. ) ;
#2161 = DIRECTION ( 'NONE',  ( -0.000000000000000000, -1.000000000000000000, -0.000000000000000000 ) ) ;
#2162 = LINE ( 'NONE', #3782, #937 ) ;
#2163 = DIRECTION ( 'NONE',  ( -1.000000000000000000, 0.000000000000000000, -0.000000000000000000 ) ) ;
#2164 = ORIENTED_EDGE ( 'NONE', *, *, #3017, .T. ) ;
#2165 = EDGE_CURVE ( 'NONE', #3617, #3712, #2586, .T. ) ;
#2166 = FACE_OUTER_BOUND ( 'NONE', #25, .T. ) ;
#2167 = DIRECTION ( 'NONE',  ( 0.000000000000000000, 0.000000000000000000, 1.000000000000000000 ) ) ;
#2168 = EDGE_LOOP ( 'NONE', ( #157, #870, #2089, #3668 ) ) ;
#2169 = VERTEX_POINT ( 'NONE', #2560 ) ;
#2170 = VECTOR ( 'NONE', #265, 1000.000000000000000 ) ;
#2171 = EDGE_CURVE ( 'NONE', #3492, #2119, #1390, .T. ) ;
#2172 = ORIENTED_EDGE ( 'NONE', *, *, #1428, .T. ) ;
#2173 = CARTESIAN_POINT ( 'NONE',  ( 12.59999999999999964, 1.600000000000000089, -10.50000000000000000 ) ) ;
#2174 = LINE ( 'NONE', #2920, #4807 ) ;
#2175 = DIRECTION ( 'NONE',  ( 0.000000000000000000, -1.000000000000000000, 0.000000000000000000 ) ) ;
#2176 = ORIENTED_EDGE ( 'NONE', *, *, #1545, .T. ) ;
#2177 = DIRECTION ( 'NONE',  ( 1.000000000000000000, 0.000000000000000000, 0.000000000000000000 ) ) ;
#2178 = EDGE_CURVE ( 'NONE', #1134, #1924, #3385, .T. ) ;
#2179 = FACE_OUTER_BOUND ( 'NONE', #4200, .T. ) ;
#2180 = LINE ( 'NONE', #2556, #1253 ) ;
#2181 = DIRECTION ( 'NONE',  ( -0.000000000000000000, -1.000000000000000000, -0.000000000000000000 ) ) ;
#2182 = ORIENTED_EDGE ( 'NONE', *, *, #2871, .F. ) ;
#2183 = VECTOR ( 'NONE', #1916, 1000.000000000000000 ) ;
#2184 = CARTESIAN_POINT ( 'NONE',  ( 2.910000000000009912, 11.09999999999999964, -20.25000000000000000 ) ) ;
#2185 = VECTOR ( 'NONE', #4558, 1000.000000000000000 ) ;
#2186 = CARTESIAN_POINT ( 'NONE',  ( 32.40000000000000568, -5.200000000000001066, 5.549999999999998934 ) ) ;
#2187 = ORIENTED_EDGE ( 'NONE', *, *, #2113, .T. ) ;
#2188 = DIRECTION ( 'NONE',  ( 0.000000000000000000, -0.000000000000000000, -1.000000000000000000 ) ) ;
#2189 = DIRECTION ( 'NONE',  ( -1.000000000000000000, -0.000000000000000000, -0.000000000000000000 ) ) ;
#2190 = EDGE_LOOP ( 'NONE', ( #793, #253, #547, #5015 ) ) ;
#2191 = ORIENTED_EDGE ( 'NONE', *, *, #3867, .T. ) ;
#2192 = ORIENTED_EDGE ( 'NONE', *, *, #4959, .F. ) ;
#2193 = DIRECTION ( 'NONE',  ( -0.000000000000000000, -1.000000000000000000, -0.000000000000000000 ) ) ;
#2194 = LINE ( 'NONE', #4989, #3285 ) ;
#2195 = CARTESIAN_POINT ( 'NONE',  ( 32.40000000000000568, -5.200000000000001066, -5.549999999999998934 ) ) ;
#2196 = VERTEX_POINT ( 'NONE', #1445 ) ;
#2197 = VECTOR ( 'NONE', #1076, 1000.000000000000000 ) ;
#2198 = EDGE_CURVE ( 'NONE', #1184, #3423, #3009, .T. ) ;
#2199 = FACE_BOUND ( 'NONE', #2936, .T. ) ;
#2200 = AXIS2_PLACEMENT_3D ( 'NONE', #3781, #2982, #3806 ) ;
#2201 = DIRECTION ( 'NONE',  ( 0.000000000000000000, -0.000000000000000000, -1.000000000000000000 ) ) ;
#2202 = AXIS2_PLACEMENT_3D ( 'NONE', #3044, #1455, #4664 ) ;
#2203 = DIRECTION ( 'NONE',  ( -0.000000000000000000, -0.000000000000000000, 1.000000000000000000 ) ) ;
#2204 = DIRECTION ( 'NONE',  ( 1.000000000000000000, 0.000000000000000000, 0.000000000000000000 ) ) ;
#2205 = EDGE_CURVE ( 'NONE', #4919, #2615, #2162, .T. ) ;
#2206 = LINE ( 'NONE', #4625, #1128 ) ;
#2207 = EDGE_LOOP ( 'NONE', ( #1217, #4215, #5022, #5009, #209, #5017, #2382, #2019 ) ) ;
#2208 = VECTOR ( 'NONE', #4873, 1000.000000000000000 ) ;
#2209 = EDGE_CURVE ( 'NONE', #399, #2069, #3034, .T. ) ;
#2210 = CARTESIAN_POINT ( 'NONE',  ( 32.40000000000000568, -1.100000000000000311, -5.549999999999998934 ) ) ;
#2211 = DIRECTION ( 'NONE',  ( -0.000000000000000000, -1.000000000000000000, -0.000000000000000000 ) ) ;
#2212 = ORIENTED_EDGE ( 'NONE', *, *, #1820, .F. ) ;
#2213 = DIRECTION ( 'NONE',  ( 0.000000000000000000, 0.000000000000000000, -1.000000000000000000 ) ) ;
#2214 = ORIENTED_EDGE ( 'NONE', *, *, #485, .F. ) ;
#2215 = CARTESIAN_POINT ( 'NONE',  ( -20.94999999999999574, 11.09999999999999964, -19.25000000000000000 ) ) ;
#2216 = CARTESIAN_POINT ( 'NONE',  ( 0.000000000000000000, 1.600000000000000089, 0.000000000000000000 ) ) ;
#2217 = ORIENTED_EDGE ( 'NONE', *, *, #798, .F. ) ;
#2218 = DIRECTION ( 'NONE',  ( 0.000000000000000000, -1.000000000000000000, 0.000000000000000000 ) ) ;
#2219 = EDGE_CURVE ( 'NONE', #2169, #4738, #2611, .T. ) ;
#2220 = ORIENTED_EDGE ( 'NONE', *, *, #5263, .T. ) ;
#2221 = VECTOR ( 'NONE', #4774, 1000.000000000000000 ) ;
#2222 = DIRECTION ( 'NONE',  ( -0.000000000000000000, -0.000000000000000000, -1.000000000000000000 ) ) ;
#2223 = LINE ( 'NONE', #5191, #2128 ) ;
#2224 = DIRECTION ( 'NONE',  ( -0.000000000000000000, -0.000000000000000000, -1.000000000000000000 ) ) ;
#2225 = ORIENTED_EDGE ( 'NONE', *, *, #3953, .T. ) ;
#2226 = CARTESIAN_POINT ( 'NONE',  ( -7.249999999999992895, 11.09999999999999964, -19.25000000000000000 ) ) ;
#2227 = VERTEX_POINT ( 'NONE', #640 ) ;
#2228 = DIRECTION ( 'NONE',  ( -0.000000000000000000, -0.000000000000000000, -1.000000000000000000 ) ) ;
#2229 = VECTOR ( 'NONE', #4669, 1000.000000000000000 ) ;
#2230 = LINE ( 'NONE', #2953, #1925 ) ;
#2231 = CARTESIAN_POINT ( 'NONE',  ( -20.94999999999999574, 11.09999999999999964, 19.25000000000000000 ) ) ;
#2232 = ORIENTED_EDGE ( 'NONE', *, *, #2151, .T. ) ;
#2233 = EDGE_CURVE ( 'NONE', #303, #4823, #4606, .T. ) ;
#2234 = VECTOR ( 'NONE', #2132, 1000.000000000000000 ) ;
#2235 = CARTESIAN_POINT ( 'NONE',  ( -8.249999999999992895, 11.09999999999999964, -19.25000000000000000 ) ) ;
#2236 = CARTESIAN_POINT ( 'NONE',  ( -13.32999999999999474, 11.09999999999999964, 19.25000000000000000 ) ) ;
#2237 = DIRECTION ( 'NONE',  ( -0.000000000000000000, -1.000000000000000000, -0.000000000000000000 ) ) ;
#2238 = EDGE_CURVE ( 'NONE', #143, #4635, #4678, .T. ) ;
#2239 = ORIENTED_EDGE ( 'NONE', *, *, #3552, .F. ) ;
#2240 = EDGE_CURVE ( 'NONE', #2698, #1134, #2260, .T. ) ;
#2241 = CARTESIAN_POINT ( 'NONE',  ( 34.30000000000000426, 0.000000000000000000, -7.450000000000001066 ) ) ;
#2242 = DIRECTION ( 'NONE',  ( 0.000000000000000000, 0.000000000000000000, -1.000000000000000000 ) ) ;
#2243 = ORIENTED_EDGE ( 'NONE', *, *, #4093, .F. ) ;
#2244 = DIRECTION ( 'NONE',  ( 0.000000000000000000, -0.000000000000000000, -1.000000000000000000 ) ) ;
#2245 = ORIENTED_EDGE ( 'NONE', *, *, #4854, .T. ) ;
#2246 = FACE_OUTER_BOUND ( 'NONE', #3173, .T. ) ;
#2247 = DIRECTION ( 'NONE',  ( 1.000000000000000000, 0.000000000000000000, 0.000000000000000000 ) ) ;
#2248 = DIRECTION ( 'NONE',  ( 0.000000000000000000, 0.000000000000000000, 1.000000000000000000 ) ) ;
#2249 = ORIENTED_EDGE ( 'NONE', *, *, #4875, .F. ) ;
#2250 = VECTOR ( 'NONE', #4088, 1000.000000000000000 ) ;
#2251 = DIRECTION ( 'NONE',  ( 1.000000000000000000, 0.000000000000000000, 0.000000000000000000 ) ) ;
#2252 = CARTESIAN_POINT ( 'NONE',  ( 21.75000000000000000, 0.000000000000000000, 10.50000000000000000 ) ) ;
#2253 = CARTESIAN_POINT ( 'NONE',  ( -10.78999999999999382, 1.600000000000000089, -20.25000000000000000 ) ) ;
#2254 = CARTESIAN_POINT ( 'NONE',  ( -14.86999999999999389, 11.09999999999999964, 19.25000000000000000 ) ) ;
#2255 = EDGE_CURVE ( 'NONE', #4535, #4424, #1767, .T. ) ;
#2256 = DIRECTION ( 'NONE',  ( -0.000000000000000000, -1.000000000000000000, -0.000000000000000000 ) ) ;
#2257 = ORIENTED_EDGE ( 'NONE', *, *, #1749, .T. ) ;
#2258 = DIRECTION ( 'NONE',  ( 0.000000000000000000, 0.000000000000000000, 1.000000000000000000 ) ) ;
#2259 = CARTESIAN_POINT ( 'NONE',  ( -10.78999999999999382, 11.09999999999999964, -20.25000000000000000 ) ) ;
#2260 = LINE ( 'NONE', #141, #1625 ) ;
#2261 =( LENGTH_UNIT ( ) NAMED_UNIT ( * ) SI_UNIT ( .MILLI., .METRE. ) );
#2262 = ADVANCED_FACE ( 'NONE', ( #1362 ), #1867, .T. ) ;
#2263 = EDGE_LOOP ( 'NONE', ( #4562, #1441, #4788, #2318 ) ) ;
#2264 = VECTOR ( 'NONE', #3329, 1000.000000000000000 ) ;
#2265 = DIRECTION ( 'NONE',  ( -1.000000000000000000, 0.000000000000000000, 0.000000000000000000 ) ) ;
#2266 = DIRECTION ( 'NONE',  ( 0.000000000000000000, 0.000000000000000000, 1.000000000000000000 ) ) ;
#2267 = ORIENTED_EDGE ( 'NONE', *, *, #1019, .F. ) ;
#2268 = LINE ( 'NONE', #5060, #3555 ) ;
#2269 = EDGE_CURVE ( 'NONE', #3968, #4389, #4335, .T. ) ;
#2270 = AXIS2_PLACEMENT_3D ( 'NONE', #1953, #2433, #5173 ) ;
#2271 = EDGE_LOOP ( 'NONE', ( #244, #1830, #3868, #5099 ) ) ;
#2272 = ORIENTED_EDGE ( 'NONE', *, *, #1656, .F. ) ;
#2273 = EDGE_CURVE ( 'NONE', #3410, #4034, #1498, .T. ) ;
#2274 = LINE ( 'NONE', #1902, #470 ) ;
#2275 = CARTESIAN_POINT ( 'NONE',  ( -8.249999999999992895, 11.09999999999999964, 20.25000000000000000 ) ) ;
#2276 = ORIENTED_EDGE ( 'NONE', *, *, #3919, .F. ) ;
#2277 = LINE ( 'NONE', #4622, #3764 ) ;
#2278 = DIRECTION ( 'NONE',  ( 1.000000000000000000, 0.000000000000000000, 0.000000000000000000 ) ) ;
#2279 = LINE ( 'NONE', #3978, #2221 ) ;
#2280 = ORIENTED_EDGE ( 'NONE', *, *, #1260, .F. ) ;
#2281 = DIRECTION ( 'NONE',  ( 0.000000000000000000, 0.000000000000000000, 1.000000000000000000 ) ) ;
#2282 = VECTOR ( 'NONE', #2575, 1000.000000000000000 ) ;
#2283 = CARTESIAN_POINT ( 'NONE',  ( -14.86999999999999389, 11.09999999999999964, 20.25000000000000000 ) ) ;
#2284 = ORIENTED_EDGE ( 'NONE', *, *, #3380, .F. ) ;
#2285 = VECTOR ( 'NONE', #1261, 1000.000000000000000 ) ;
#2286 = VECTOR ( 'NONE', #2855, 1000.000000000000000 ) ;
#2287 = EDGE_CURVE ( 'NONE', #5174, #3267, #5240, .T. ) ;
#2288 = PLANE ( 'NONE',  #3921 ) ;
#2289 = DIRECTION ( 'NONE',  ( 0.000000000000000000, 0.000000000000000000, -1.000000000000000000 ) ) ;
#2290 = CARTESIAN_POINT ( 'NONE',  ( 0.000000000000000000, 1.600000000000000089, 0.000000000000000000 ) ) ;
#2291 = PRODUCT_CONTEXT ( 'NONE', #2436, 'mechanical' ) ;
#2292 = ORIENTED_EDGE ( 'NONE', *, *, #2058, .T. ) ;
#2293 = DIRECTION ( 'NONE',  ( 0.000000000000000000, 0.000000000000000000, 1.000000000000000000 ) ) ;
#2294 = CARTESIAN_POINT ( 'NONE',  ( -18.40999999999999659, 1.600000000000000089, -19.25000000000000000 ) ) ;
#2295 = ORIENTED_EDGE ( 'NONE', *, *, #1094, .T. ) ;
#2296 = DIRECTION ( 'NONE',  ( -1.000000000000000000, -0.000000000000000000, -0.000000000000000000 ) ) ;
#2297 = ORIENTED_EDGE ( 'NONE', *, *, #1167, .F. ) ;
#2298 = ADVANCED_FACE ( 'NONE', ( #771 ), #2715, .T. ) ;
#2299 = DIRECTION ( 'NONE',  ( -0.000000000000000000, -1.000000000000000000, -0.000000000000000000 ) ) ;
#2300 = CARTESIAN_POINT ( 'NONE',  ( 12.59999999999999964, 0.000000000000000000, 0.000000000000000000 ) ) ;
#2301 = ORIENTED_EDGE ( 'NONE', *, *, #3081, .F. ) ;
#2302 = EDGE_CURVE ( 'NONE', #4382, #5196, #4016, .T. ) ;
#2303 = CARTESIAN_POINT ( 'NONE',  ( 1.910000000000009024, 1.600000000000000089, -20.25000000000000000 ) ) ;
#2304 = CARTESIAN_POINT ( 'NONE',  ( -2.169999999999991491, 11.09999999999999964, -20.25000000000000000 ) ) ;
#2305 = ADVANCED_FACE ( 'NONE', ( #1966 ), #324, .F. ) ;
#2306 = DIRECTION ( 'NONE',  ( 1.000000000000000000, 0.000000000000000000, -0.000000000000000000 ) ) ;
#2307 = ORIENTED_EDGE ( 'NONE', *, *, #3695, .F. ) ;
#2308 = PLANE ( 'NONE',  #3878 ) ;
#2309 = VECTOR ( 'NONE', #955, 1000.000000000000000 ) ;
#2310 = LINE ( 'NONE', #3403, #4342 ) ;
#2311 = ORIENTED_EDGE ( 'NONE', *, *, #392, .F. ) ;
#2312 = AXIS2_PLACEMENT_3D ( 'NONE', #2357, #2331, #290 ) ;
#2313 = PLANE ( 'NONE',  #779 ) ;
#2314 = CARTESIAN_POINT ( 'NONE',  ( -2.169999999999991491, 1.600000000000000089, 20.25000000000000000 ) ) ;
#2315 = DIRECTION ( 'NONE',  ( 1.000000000000000000, -0.000000000000000000, 0.000000000000000000 ) ) ;
#2316 = EDGE_CURVE ( 'NONE', #1780, #788, #3191, .T. ) ;
#2317 = VECTOR ( 'NONE', #2181, 1000.000000000000000 ) ;
#2318 = ORIENTED_EDGE ( 'NONE', *, *, #5035, .F. ) ;
#2319 = AXIS2_PLACEMENT_3D ( 'NONE', #4653, #540, #1389 ) ;
#2320 = DIRECTION ( 'NONE',  ( -0.000000000000000000, -1.000000000000000000, -0.000000000000000000 ) ) ;
#2321 = LINE ( 'NONE', #3142, #4069 ) ;
#2322 = VERTEX_POINT ( 'NONE', #744 ) ;
#2323 = EDGE_CURVE ( 'NONE', #1493, #3394, #3538, .T. ) ;
#2324 = CARTESIAN_POINT ( 'NONE',  ( -7.249999999999992895, 1.600000000000000089, 19.25000000000000000 ) ) ;
#2325 = ORIENTED_EDGE ( 'NONE', *, *, #614, .T. ) ;
#2326 = PLANE ( 'NONE',  #3816 ) ;
#2327 = CARTESIAN_POINT ( 'NONE',  ( 6.990000000000009983, 11.09999999999999964, 20.25000000000000000 ) ) ;
#2328 = ORIENTED_EDGE ( 'NONE', *, *, #1814, .F. ) ;
#2329 = CARTESIAN_POINT ( 'NONE',  ( 1.910000000000009024, 11.09999999999999964, 20.25000000000000000 ) ) ;
#2330 = EDGE_CURVE ( 'NONE', #2628, #2119, #3593, .T. ) ;
#2331 = DIRECTION ( 'NONE',  ( 0.000000000000000000, 0.000000000000000000, -1.000000000000000000 ) ) ;
#2332 = LINE ( 'NONE', #291, #273 ) ;
#2333 = VERTEX_POINT ( 'NONE', #377 ) ;
#2334 = LINE ( 'NONE', #3952, #1320 ) ;
#2335 = LINE ( 'NONE', #737, #1214 ) ;
#2336 = EDGE_CURVE ( 'NONE', #2859, #4090, #270, .T. ) ;
#2337 = ORIENTED_EDGE ( 'NONE', *, *, #3383, .F. ) ;
#2338 = FACE_OUTER_BOUND ( 'NONE', #393, .T. ) ;
#2339 = ADVANCED_FACE ( 'NONE', ( #2765 ), #1521, .F. ) ;
#2340 = CARTESIAN_POINT ( 'NONE',  ( -8.249999999999992895, 11.09999999999999964, -20.25000000000000000 ) ) ;
#2341 = DIRECTION ( 'NONE',  ( 0.000000000000000000, 0.000000000000000000, -1.000000000000000000 ) ) ;
#2342 = DIRECTION ( 'NONE',  ( 0.000000000000000000, 0.000000000000000000, 1.000000000000000000 ) ) ;
#2343 = EDGE_LOOP ( 'NONE', ( #4489, #3724 ) ) ;
#2344 = LINE ( 'NONE', #5217, #4357 ) ;
#2345 = DIRECTION ( 'NONE',  ( 0.000000000000000000, 0.000000000000000000, 1.000000000000000000 ) ) ;
#2346 = VERTEX_POINT ( 'NONE', #4756 ) ;
#2347 = VECTOR ( 'NONE', #2495, 1000.000000000000000 ) ;
#2348 = LINE ( 'NONE', #3654, #586 ) ;
#2349 = ORIENTED_EDGE ( 'NONE', *, *, #760, .F. ) ;
#2350 = EDGE_CURVE ( 'NONE', #4881, #2541, #1120, .T. ) ;
#2351 = AXIS2_PLACEMENT_3D ( 'NONE', #2844, #2075, #3274 ) ;
#2352 = CARTESIAN_POINT ( 'NONE',  ( -2.169999999999991491, 11.09999999999999964, 20.25000000000000000 ) ) ;
#2353 = PLANE ( 'NONE',  #1599 ) ;
#2354 = EDGE_LOOP ( 'NONE', ( #3606, #3498, #1846, #1504 ) ) ;
#2355 = VECTOR ( 'NONE', #3519, 1000.000000000000000 ) ;
#2356 = DIRECTION ( 'NONE',  ( 0.000000000000000000, 0.000000000000000000, -1.000000000000000000 ) ) ;
#2357 = CARTESIAN_POINT ( 'NONE',  ( -5.709999999999992859, 11.09999999999999964, -19.25000000000000000 ) ) ;
#2358 = LINE ( 'NONE', #4747, #2646 ) ;
#2359 = ADVANCED_FACE ( 'NONE', ( #2740 ), #4362, .F. ) ;
#2360 = ORIENTED_EDGE ( 'NONE', *, *, #4906, .T. ) ;
#2361 = CARTESIAN_POINT ( 'NONE',  ( -8.249999999999992895, 11.09999999999999964, -20.25000000000000000 ) ) ;
#2362 = FACE_OUTER_BOUND ( 'NONE', #1386, .T. ) ;
#2363 = ORIENTED_EDGE ( 'NONE', *, *, #4349, .F. ) ;
#2364 = CARTESIAN_POINT ( 'NONE',  ( 34.30000000000000426, -2.700000000000000622, 6.249999999999998224 ) ) ;
#2365 = ADVANCED_FACE ( 'NONE', ( #3960 ), #1941, .F. ) ;
#2366 = EDGE_CURVE ( 'NONE', #3030, #3242, #1576, .T. ) ;
#2367 = CYLINDRICAL_SURFACE ( 'NONE', #3646, 2.000000000000005329 ) ;
#2368 = DIRECTION ( 'NONE',  ( 0.000000000000000000, -0.000000000000000000, -1.000000000000000000 ) ) ;
#2369 = VECTOR ( 'NONE', #304, 1000.000000000000000 ) ;
#2370 = CARTESIAN_POINT ( 'NONE',  ( -7.249999999999992895, 11.09999999999999964, 19.25000000000000000 ) ) ;
#2371 = ORIENTED_EDGE ( 'NONE', *, *, #4254, .F. ) ;
#2372 = PRODUCT_RELATED_PRODUCT_CATEGORY ( 'part', '', ( #2866 ) ) ;
#2373 = ADVANCED_FACE ( 'NONE', ( #1146 ), #2790, .F. ) ;
#2374 = DIRECTION ( 'NONE',  ( -1.000000000000000000, -0.000000000000000000, -0.000000000000000000 ) ) ;
#2375 = CARTESIAN_POINT ( 'NONE',  ( -15.86999999999999567, 11.09999999999999964, -19.25000000000000000 ) ) ;
#2376 = CARTESIAN_POINT ( 'NONE',  ( -24.39999999999999147, 11.09999999999999964, -18.60000000000000142 ) ) ;
#2377 = ORIENTED_EDGE ( 'NONE', *, *, #145, .F. ) ;
#2378 = VERTEX_POINT ( 'NONE', #2048 ) ;
#2379 = VECTOR ( 'NONE', #1794, 1000.000000000000000 ) ;
#2380 = CARTESIAN_POINT ( 'NONE',  ( -4.709999999999991971, 11.09999999999999964, -20.25000000000000000 ) ) ;
#2381 = LINE ( 'NONE', #5225, #4900 ) ;
#2382 = ORIENTED_EDGE ( 'NONE', *, *, #3251, .F. ) ;
#2383 = EDGE_CURVE ( 'NONE', #1100, #585, #3672, .T. ) ;
#2384 = CARTESIAN_POINT ( 'NONE',  ( -33.49999999999998579, 1.600000000000000089, 18.49999999999999645 ) ) ;
#2385 = EDGE_LOOP ( 'NONE', ( #1085, #4570, #1885, #1748 ) ) ;
#2386 = CARTESIAN_POINT ( 'NONE',  ( -19.94999999999999574, 11.09999999999999964, -20.25000000000000000 ) ) ;
#2387 = EDGE_LOOP ( 'NONE', ( #1169, #2489, #4629, #1351 ) ) ;
#2388 = CARTESIAN_POINT ( 'NONE',  ( 5.450000000000009948, 11.09999999999999964, 20.25000000000000000 ) ) ;
#2389 = CARTESIAN_POINT ( 'NONE',  ( 21.75000000000000000, 1.600000000000000089, -10.50000000000000000 ) ) ;
#2390 = VERTEX_POINT ( 'NONE', #3647 ) ;
#2391 = VECTOR ( 'NONE', #2678, 1000.000000000000000 ) ;
#2392 = CARTESIAN_POINT ( 'NONE',  ( -2.169999999999991491, 1.600000000000000089, 20.25000000000000000 ) ) ;
#2394 = VECTOR ( 'NONE', #2228, 1000.000000000000000 ) ;
#2393 = DIRECTION ( 'NONE',  ( 0.000000000000000000, 0.000000000000000000, -1.000000000000000000 ) ) ;
#2395 = DIRECTION ( 'NONE',  ( 0.000000000000000000, 0.000000000000000000, -1.000000000000000000 ) ) ;
#2396 = LINE ( 'NONE', #31, #2153 ) ;
#2397 = ORIENTED_EDGE ( 'NONE', *, *, #3763, .F. ) ;
#2398 = ADVANCED_FACE ( 'NONE', ( #4072 ), #1307, .F. ) ;
#2399 = AXIS2_PLACEMENT_3D ( 'NONE', #1409, #4327, #658 ) ;
#2400 = PLANE ( 'NONE',  #4276 ) ;
#2401 = DIRECTION ( 'NONE',  ( 0.000000000000000000, 0.000000000000000000, -1.000000000000000000 ) ) ;
#2402 = AXIS2_PLACEMENT_3D ( 'NONE', #482, #3753, #4496 ) ;
#2403 = CARTESIAN_POINT ( 'NONE',  ( -33.49999999999998579, 1.600000000000000089, 20.49999999999998934 ) ) ;
#2404 = ORIENTED_EDGE ( 'NONE', *, *, #2892, .F. ) ;
#2405 = EDGE_LOOP ( 'NONE', ( #4122, #2297, #4140, #4435 ) ) ;
#2406 = CARTESIAN_POINT ( 'NONE',  ( 0.000000000000000000, 0.000000000000000000, -6.250000000000000000 ) ) ;
#2407 = VECTOR ( 'NONE', #2161, 1000.000000000000000 ) ;
#2408 = CARTESIAN_POINT ( 'NONE',  ( 0.000000000000000000, 1.600000000000000089, 0.000000000000000000 ) ) ;
#2409 = EDGE_LOOP ( 'NONE', ( #3520, #2967, #1359, #42 ) ) ;
#2410 = ORIENTED_EDGE ( 'NONE', *, *, #3867, .F. ) ;
#2411 = CARTESIAN_POINT ( 'NONE',  ( -37.49999999999999289, 4.750000000000000000, 4.400000000000000355 ) ) ;
#2412 = EDGE_LOOP ( 'NONE', ( #1274, #1533, #3282, #1699 ) ) ;
#2413 = CARTESIAN_POINT ( 'NONE',  ( 0.3700000000000092104, 11.09999999999999964, 20.25000000000000000 ) ) ;
#2414 = ORIENTED_EDGE ( 'NONE', *, *, #1887, .F. ) ;
#2415 = DIRECTION ( 'NONE',  ( -0.000000000000000000, -1.000000000000000000, -0.000000000000000000 ) ) ;
#2416 = CARTESIAN_POINT ( 'NONE',  ( 0.000000000000000000, -4.400000000000000355, 6.250000000000000000 ) ) ;
#2417 = ORIENTED_EDGE ( 'NONE', *, *, #1105, .F. ) ;
#2418 = ORIENTED_EDGE ( 'NONE', *, *, #2506, .T. ) ;
#2419 = EDGE_CURVE ( 'NONE', #3655, #3146, #402, .T. ) ;
#2420 = CARTESIAN_POINT ( 'NONE',  ( 1.910000000000009024, 1.600000000000000089, -19.25000000000000000 ) ) ;
#2421 = LINE ( 'NONE', #527, #3814 ) ;
#2422 = CARTESIAN_POINT ( 'NONE',  ( -3.169999999999992379, 11.09999999999999964, 20.25000000000000000 ) ) ;
#2423 = DIRECTION ( 'NONE',  ( -1.000000000000000000, -0.000000000000000000, -0.000000000000000000 ) ) ;
#2424 = CIRCLE ( 'NONE', #3012, 1.999999999999994893 ) ;
#2425 = ORIENTED_EDGE ( 'NONE', *, *, #659, .F. ) ;
#2426 = FACE_OUTER_BOUND ( 'NONE', #2757, .T. ) ;
#2427 = LINE ( 'NONE', #3678, #3568 ) ;
#2428 = ADVANCED_FACE ( 'NONE', ( #1202 ), #4867, .T. ) ;
#2429 = CARTESIAN_POINT ( 'NONE',  ( 4.450000000000009948, 11.09999999999999964, -19.25000000000000000 ) ) ;
#2430 = VERTEX_POINT ( 'NONE', #4494 ) ;
#2431 = ORIENTED_EDGE ( 'NONE', *, *, #550, .T. ) ;
#2432 = CARTESIAN_POINT ( 'NONE',  ( 32.40000000000000568, -5.200000000000001066, -5.549999999999998934 ) ) ;
#2433 = DIRECTION ( 'NONE',  ( 0.000000000000000000, 0.000000000000000000, 1.000000000000000000 ) ) ;
#2434 = EDGE_CURVE ( 'NONE', #706, #5039, #454, .T. ) ;
#2435 = EDGE_LOOP ( 'NONE', ( #3880, #77, #2868, #3416 ) ) ;
#2436 = APPLICATION_CONTEXT ( 'automotive_design' ) ;
#2437 = ORIENTED_EDGE ( 'NONE', *, *, #3859, .F. ) ;
#2438 = AXIS2_PLACEMENT_3D ( 'NONE', #4099, #1658, #4890 ) ;
#2439 = EDGE_CURVE ( 'NONE', #4019, #5222, #1710, .T. ) ;
#2440 = EDGE_LOOP ( 'NONE', ( #1038, #814, #4235, #3916 ) ) ;
#2441 = CARTESIAN_POINT ( 'NONE',  ( -37.49999999999999289, 4.750000000000000000, 4.400000000000000355 ) ) ;
#2442 = ORIENTED_EDGE ( 'NONE', *, *, #2937, .F. ) ;
#2443 = LINE ( 'NONE', #3325, #3526 ) ;
#2444 = LINE ( 'NONE', #371, #3157 ) ;
#2445 = EDGE_LOOP ( 'NONE', ( #1269, #4337, #4887, #3853 ) ) ;
#2446 = ORIENTED_EDGE ( 'NONE', *, *, #4817, .F. ) ;
#2447 = DIRECTION ( 'NONE',  ( -1.000000000000000000, -0.000000000000000000, -0.000000000000000000 ) ) ;
#2448 = FACE_OUTER_BOUND ( 'NONE', #1764, .T. ) ;
#2449 = DIRECTION ( 'NONE',  ( -0.000000000000000000, -1.000000000000000000, -0.000000000000000000 ) ) ;
#2450 = ORIENTED_EDGE ( 'NONE', *, *, #5122, .F. ) ;
#2451 = PLANE ( 'NONE',  #1895 ) ;
#2452 = PLANE ( 'NONE',  #5094 ) ;
#2453 = VECTOR ( 'NONE', #3917, 1000.000000000000000 ) ;
#2454 = CARTESIAN_POINT ( 'NONE',  ( 34.30000000000000426, 0.000000000000000000, -6.250000000000000000 ) ) ;
#2455 = VECTOR ( 'NONE', #1804, 1000.000000000000000 ) ;
#2456 = VERTEX_POINT ( 'NONE', #4444 ) ;
#2457 = VECTOR ( 'NONE', #4633, 1000.000000000000000 ) ;
#2458 = ORIENTED_EDGE ( 'NONE', *, *, #1763, .F. ) ;
#2459 = DIRECTION ( 'NONE',  ( 1.000000000000000000, 0.000000000000000000, 0.000000000000000000 ) ) ;
#2460 = LINE ( 'NONE', #3262, #4813 ) ;
#2461 = ORIENTED_EDGE ( 'NONE', *, *, #4689, .T. ) ;
#2462 = ORIENTED_EDGE ( 'NONE', *, *, #1760, .T. ) ;
#2463 = VECTOR ( 'NONE', #242, 1000.000000000000000 ) ;
#2464 = ADVANCED_FACE ( 'NONE', ( #2475 ), #1230, .T. ) ;
#2465 = ORIENTED_EDGE ( 'NONE', *, *, #225, .T. ) ;
#2466 = PLANE ( 'NONE',  #3100 ) ;
#2467 = DIRECTION ( 'NONE',  ( 0.000000000000000000, 0.000000000000000000, 1.000000000000000000 ) ) ;
#2468 = ORIENTED_EDGE ( 'NONE', *, *, #2924, .T. ) ;
#2469 = DIRECTION ( 'NONE',  ( 0.000000000000000000, 1.000000000000000000, 0.000000000000000000 ) ) ;
#2470 = ADVANCED_FACE ( 'NONE', ( #2448 ), #3698, .T. ) ;
#2471 = CARTESIAN_POINT ( 'NONE',  ( 34.30000000000000426, -2.699999999999999289, -6.250000000000000000 ) ) ;
#2472 = EDGE_CURVE ( 'NONE', #3483, #2993, #4126, .T. ) ;
#2473 = ORIENTED_EDGE ( 'NONE', *, *, #2726, .T. ) ;
#2474 = CARTESIAN_POINT ( 'NONE',  ( 8.900000000000005684, 11.09999999999999964, 20.90000000000000213 ) ) ;
#2475 = FACE_OUTER_BOUND ( 'NONE', #3534, .T. ) ;
#2476 = DIRECTION ( 'NONE',  ( 0.000000000000000000, 0.000000000000000000, 1.000000000000000000 ) ) ;
#2477 = VERTEX_POINT ( 'NONE', #1683 ) ;
#2478 = AXIS2_PLACEMENT_3D ( 'NONE', #3488, #5104, #1471 ) ;
#2479 = FACE_OUTER_BOUND ( 'NONE', #3035, .T. ) ;
#2480 = CARTESIAN_POINT ( 'NONE',  ( 8.900000000000005684, 11.09999999999999964, -18.60000000000000142 ) ) ;
#2481 = PLANE ( 'NONE',  #4658 ) ;
#2482 = AXIS2_PLACEMENT_3D ( 'NONE', #2471, #132, #2975 ) ;
#2483 = VERTEX_POINT ( 'NONE', #4548 ) ;
#2484 = ORIENTED_EDGE ( 'NONE', *, *, #942, .T. ) ;
#2485 = VECTOR ( 'NONE', #2356, 1000.000000000000000 ) ;
#2486 = CARTESIAN_POINT ( 'NONE',  ( -15.86999999999999567, 11.09999999999999964, 19.25000000000000000 ) ) ;
#2487 = ADVANCED_FACE ( 'NONE', ( #3301 ), #4945, .T. ) ;
#2488 = PLANE ( 'NONE',  #4476 ) ;
#2489 = ORIENTED_EDGE ( 'NONE', *, *, #3443, .F. ) ;
#2490 = EDGE_LOOP ( 'NONE', ( #3715, #1354, #4364, #3561 ) ) ;
#2491 = VECTOR ( 'NONE', #3905, 1000.000000000000000 ) ;
#2492 = EDGE_LOOP ( 'NONE', ( #1654, #1824, #4134, #1826 ) ) ;
#2493 = VECTOR ( 'NONE', #1367, 1000.000000000000000 ) ;
#2494 = FACE_OUTER_BOUND ( 'NONE', #2435, .T. ) ;
#2495 = DIRECTION ( 'NONE',  ( -0.000000000000000000, -1.000000000000000000, -0.000000000000000000 ) ) ;
#2496 = ORIENTED_EDGE ( 'NONE', *, *, #4583, .T. ) ;
#2497 = CARTESIAN_POINT ( 'NONE',  ( -33.49999999999998579, 0.000000000000000000, 18.49999999999999645 ) ) ;
#2498 = EDGE_CURVE ( 'NONE', #3171, #780, #4522, .T. ) ;
#2499 = DIRECTION ( 'NONE',  ( -0.000000000000000000, -1.000000000000000000, -0.000000000000000000 ) ) ;
#2500 = ORIENTED_EDGE ( 'NONE', *, *, #636, .F. ) ;
#2501 = FILL_AREA_STYLE_COLOUR ( '', #2051 ) ;
#2502 = DIRECTION ( 'NONE',  ( 1.000000000000000000, 0.000000000000000000, 0.000000000000000000 ) ) ;
#2503 = EDGE_CURVE ( 'NONE', #1479, #2227, #1605, .T. ) ;
#2504 = CARTESIAN_POINT ( 'NONE',  ( -19.94999999999999574, 11.09999999999999964, -20.25000000000000000 ) ) ;
#2505 = ORIENTED_EDGE ( 'NONE', *, *, #2633, .F. ) ;
#2506 = EDGE_CURVE ( 'NONE', #4568, #5039, #481, .T. ) ;
#2507 = CARTESIAN_POINT ( 'NONE',  ( -7.249999999999992895, 11.09999999999999964, 20.25000000000000000 ) ) ;
#2508 = DIRECTION ( 'NONE',  ( 1.000000000000000000, 0.000000000000000000, -0.000000000000000000 ) ) ;
#2509 = VECTOR ( 'NONE', #476, 1000.000000000000000 ) ;
#2510 = CARTESIAN_POINT ( 'NONE',  ( -33.49999999999998579, 0.000000000000000000, -18.50000000000000355 ) ) ;
#2511 = ORIENTED_EDGE ( 'NONE', *, *, #1713, .T. ) ;
#2512 = CARTESIAN_POINT ( 'NONE',  ( -30.24999999999999289, 1.600000000000000089, -4.400000000000001243 ) ) ;
#2513 = LINE ( 'NONE', #1264, #4405 ) ;
#2514 = DIRECTION ( 'NONE',  ( -0.000000000000000000, -1.000000000000000000, -0.000000000000000000 ) ) ;
#2515 = ORIENTED_EDGE ( 'NONE', *, *, #4406, .F. ) ;
#2516 = ORIENTED_EDGE ( 'NONE', *, *, #1584, .F. ) ;
#2517 = ORIENTED_EDGE ( 'NONE', *, *, #1489, .T. ) ;
#2518 = LINE ( 'NONE', #2067, #720 ) ;
#2519 = FACE_OUTER_BOUND ( 'NONE', #4027, .T. ) ;
#2520 = PLANE ( 'NONE',  #751 ) ;
#2521 = ORIENTED_EDGE ( 'NONE', *, *, #4258, .T. ) ;
#2522 = DIRECTION ( 'NONE',  ( -0.000000000000000000, -0.000000000000000000, 1.000000000000000000 ) ) ;
#2523 = VECTOR ( 'NONE', #4641, 1000.000000000000000 ) ;
#2524 = CARTESIAN_POINT ( 'NONE',  ( -20.94999999999999574, 11.09999999999999964, -19.25000000000000000 ) ) ;
#2525 = ORIENTED_EDGE ( 'NONE', *, *, #4966, .F. ) ;
#2526 = EDGE_CURVE ( 'NONE', #1660, #3777, #3726, .T. ) ;
#2527 = CARTESIAN_POINT ( 'NONE',  ( 1.910000000000009024, 11.09999999999999964, 20.25000000000000000 ) ) ;
#2528 = AXIS2_PLACEMENT_3D ( 'NONE', #1746, #2591, #3366 ) ;
#2529 = DIRECTION ( 'NONE',  ( 0.000000000000000000, 0.000000000000000000, -1.000000000000000000 ) ) ;
#2530 = ORIENTED_EDGE ( 'NONE', *, *, #1529, .T. ) ;
#2531 = ADVANCED_FACE ( 'NONE', ( #510 ), #2022, .F. ) ;
#2532 = ADVANCED_FACE ( 'NONE', ( #4045 ), #4279, .T. ) ;
#2533 = CARTESIAN_POINT ( 'NONE',  ( -5.709999999999992859, 11.09999999999999964, 20.25000000000000000 ) ) ;
#2534 = DIRECTION ( 'NONE',  ( -1.000000000000000000, 0.000000000000000000, 0.000000000000000000 ) ) ;
#2535 = DIRECTION ( 'NONE',  ( -0.000000000000000000, -0.000000000000000000, 1.000000000000000000 ) ) ;
#2536 = EDGE_CURVE ( 'NONE', #1672, #747, #2180, .T. ) ;
#2537 = EDGE_LOOP ( 'NONE', ( #124, #2795, #3579, #1989 ) ) ;
#2538 = EDGE_CURVE ( 'NONE', #863, #864, #1357, .T. ) ;
#2539 = DIRECTION ( 'NONE',  ( 0.000000000000000000, 0.000000000000000000, -1.000000000000000000 ) ) ;
#2540 = CARTESIAN_POINT ( 'NONE',  ( -4.709999999999991971, 11.09999999999999964, 19.25000000000000000 ) ) ;
#2541 = VERTEX_POINT ( 'NONE', #1788 ) ;
#2542 = VECTOR ( 'NONE', #1002, 1000.000000000000000 ) ;
#2543 = VECTOR ( 'NONE', #37, 1000.000000000000000 ) ;
#2544 = ORIENTED_EDGE ( 'NONE', *, *, #991, .T. ) ;
#2545 = VECTOR ( 'NONE', #3630, 1000.000000000000000 ) ;
#2546 = VERTEX_POINT ( 'NONE', #4624 ) ;
#2547 = DIRECTION ( 'NONE',  ( -1.000000000000000000, 0.000000000000000000, -0.000000000000000000 ) ) ;
#2548 = LINE ( 'NONE', #3772, #2523 ) ;
#2549 = CARTESIAN_POINT ( 'NONE',  ( -19.94999999999999574, 11.09999999999999964, 20.25000000000000000 ) ) ;
#2550 = ORIENTED_EDGE ( 'NONE', *, *, #1757, .T. ) ;
#2551 = EDGE_CURVE ( 'NONE', #2035, #816, #2230, .T. ) ;
#2552 = CARTESIAN_POINT ( 'NONE',  ( -23.48999999999999844, 11.09999999999999964, -20.25000000000000000 ) ) ;
#2553 = VERTEX_POINT ( 'NONE', #4229 ) ;
#2554 = DIRECTION ( 'NONE',  ( 0.000000000000000000, 0.000000000000000000, 1.000000000000000000 ) ) ;
#2555 = VECTOR ( 'NONE', #3255, 1000.000000000000000 ) ;
#2556 = CARTESIAN_POINT ( 'NONE',  ( -10.78999999999999382, 1.600000000000000089, -19.25000000000000000 ) ) ;
#2557 = CARTESIAN_POINT ( 'NONE',  ( 1.910000000000009024, 11.09999999999999964, -20.25000000000000000 ) ) ;
#2558 = ORIENTED_EDGE ( 'NONE', *, *, #50, .F. ) ;
#2559 = DIRECTION ( 'NONE',  ( 0.000000000000000000, 0.000000000000000000, 1.000000000000000000 ) ) ;
#2560 = CARTESIAN_POINT ( 'NONE',  ( -18.40999999999999659, 11.09999999999999964, -19.25000000000000000 ) ) ;
#2561 = CARTESIAN_POINT ( 'NONE',  ( -15.86999999999999567, 1.600000000000000089, -19.25000000000000000 ) ) ;
#2562 = ADVANCED_FACE ( 'NONE', ( #137 ), #3828, .F. ) ;
#2563 = ORIENTED_EDGE ( 'NONE', *, *, #1019, .T. ) ;
#2564 = AXIS2_PLACEMENT_3D ( 'NONE', #2809, #3183, #1988 ) ;
#2565 = CARTESIAN_POINT ( 'NONE',  ( -20.94999999999999574, 1.600000000000000089, 19.25000000000000000 ) ) ;
#2566 = DIRECTION ( 'NONE',  ( 0.000000000000000000, 0.000000000000000000, -1.000000000000000000 ) ) ;
#2567 = VECTOR ( 'NONE', #2203, 1000.000000000000000 ) ;
#2568 = ORIENTED_EDGE ( 'NONE', *, *, #584, .T. ) ;
#2569 = EDGE_CURVE ( 'NONE', #4257, #3557, #2605, .T. ) ;
#2570 = VERTEX_POINT ( 'NONE', #4673 ) ;
#2571 = VECTOR ( 'NONE', #5155, 1000.000000000000000 ) ;
#2572 = EDGE_LOOP ( 'NONE', ( #3239, #752 ) ) ;
#2573 = CARTESIAN_POINT ( 'NONE',  ( 6.990000000000009983, 11.09999999999999964, 20.25000000000000000 ) ) ;
#2574 = LINE ( 'NONE', #896, #5062 ) ;
#2575 = DIRECTION ( 'NONE',  ( -0.000000000000000000, -0.000000000000000000, 1.000000000000000000 ) ) ;
#2576 = ORIENTED_EDGE ( 'NONE', *, *, #2712, .F. ) ;
#2577 = VECTOR ( 'NONE', #1930, 1000.000000000000000 ) ;
#2578 = PLANE ( 'NONE',  #4345 ) ;
#2579 = VECTOR ( 'NONE', #4553, 1000.000000000000000 ) ;
#2580 = DIRECTION ( 'NONE',  ( 1.000000000000000000, 0.000000000000000000, -0.000000000000000000 ) ) ;
#2581 = LINE ( 'NONE', #3004, #17 ) ;
#2582 = CARTESIAN_POINT ( 'NONE',  ( -8.249999999999992895, 11.09999999999999964, 19.25000000000000000 ) ) ;
#2583 = CARTESIAN_POINT ( 'NONE',  ( -24.39999999999999147, 11.09999999999999964, 20.90000000000000213 ) ) ;
#2584 = ORIENTED_EDGE ( 'NONE', *, *, #2013, .T. ) ;
#2585 = CARTESIAN_POINT ( 'NONE',  ( 6.990000000000009983, 11.09999999999999964, -20.25000000000000000 ) ) ;
#2586 = LINE ( 'NONE', #5026, #4249 ) ;
#2587 = DIRECTION ( 'NONE',  ( 0.000000000000000000, 0.000000000000000000, 1.000000000000000000 ) ) ;
#2588 = ORIENTED_EDGE ( 'NONE', *, *, #57, .F. ) ;
#2589 = EDGE_CURVE ( 'NONE', #3345, #2780, #1438, .T. ) ;
#2590 = CARTESIAN_POINT ( 'NONE',  ( 34.30000000000000426, 0.000000000000000000, 0.000000000000000000 ) ) ;
#2591 = DIRECTION ( 'NONE',  ( 0.000000000000000000, -1.000000000000000000, 0.000000000000000000 ) ) ;
#2592 = EDGE_LOOP ( 'NONE', ( #1774, #4780, #4507, #4947 ) ) ;
#2593 = VERTEX_POINT ( 'NONE', #1331 ) ;
#2594 = VERTEX_POINT ( 'NONE', #2254 ) ;
#2595 = EDGE_CURVE ( 'NONE', #5063, #4286, #184, .T. ) ;
#2596 = PLANE ( 'NONE',  #844 ) ;
#2597 = DIRECTION ( 'NONE',  ( 0.000000000000000000, 1.000000000000000000, 0.000000000000000000 ) ) ;
#2598 = DIRECTION ( 'NONE',  ( -0.000000000000000000, -1.000000000000000000, -0.000000000000000000 ) ) ;
#2599 = EDGE_LOOP ( 'NONE', ( #1212, #2732, #3662, #267 ) ) ;
#2600 = EDGE_CURVE ( 'NONE', #5226, #3517, #2608, .T. ) ;
#2601 = FACE_BOUND ( 'NONE', #4216, .T. ) ;
#2602 = ORIENTED_EDGE ( 'NONE', *, *, #1105, .T. ) ;
#2603 = LINE ( 'NONE', #1410, #2394 ) ;
#2604 = CIRCLE ( 'NONE', #3027, 2.000000000000005329 ) ;
#2605 = LINE ( 'NONE', #981, #4897 ) ;
#2606 = CARTESIAN_POINT ( 'NONE',  ( 6.990000000000009983, 11.09999999999999964, -20.25000000000000000 ) ) ;
#2607 = ORIENTED_EDGE ( 'NONE', *, *, #228, .T. ) ;
#2608 = CIRCLE ( 'NONE', #62, 2.000000000000005329 ) ;
#2609 = CARTESIAN_POINT ( 'NONE',  ( 0.3700000000000092104, 1.600000000000000089, 20.25000000000000000 ) ) ;
#2610 = VECTOR ( 'NONE', #4290, 1000.000000000000000 ) ;
#2611 = LINE ( 'NONE', #5053, #765 ) ;
#2612 = ADVANCED_FACE ( 'NONE', ( #4253 ), #3454, .T. ) ;
#2613 = ORIENTED_EDGE ( 'NONE', *, *, #1135, .F. ) ;
#2614 = DIRECTION ( 'NONE',  ( 0.000000000000000000, -1.000000000000000000, 0.000000000000000000 ) ) ;
#2615 = VERTEX_POINT ( 'NONE', #3429 ) ;
#2616 = CARTESIAN_POINT ( 'NONE',  ( -15.86999999999999567, 11.09999999999999964, 20.25000000000000000 ) ) ;
#2617 = CARTESIAN_POINT ( 'NONE',  ( -37.49999999999999289, 1.600000000000000089, -22.50000000000000355 ) ) ;
#2618 = ORIENTED_EDGE ( 'NONE', *, *, #2151, .F. ) ;
#2619 = CARTESIAN_POINT ( 'NONE',  ( -37.49999999999999289, 0.000000000000000000, -22.50000000000000355 ) ) ;
#2620 = ORIENTED_EDGE ( 'NONE', *, *, #5187, .T. ) ;
#2621 = CARTESIAN_POINT ( 'NONE',  ( -9.789999999999993818, 1.600000000000000089, -20.25000000000000000 ) ) ;
#2622 = PLANE ( 'NONE',  #484 ) ;
#2623 = DIRECTION ( 'NONE',  ( 0.000000000000000000, -0.000000000000000000, -1.000000000000000000 ) ) ;
#2624 = VERTEX_POINT ( 'NONE', #3028 ) ;
#2625 = VECTOR ( 'NONE', #1179, 1000.000000000000000 ) ;
#2626 = CARTESIAN_POINT ( 'NONE',  ( 1.910000000000009024, 11.09999999999999964, -20.25000000000000000 ) ) ;
#2627 = ADVANCED_FACE ( 'NONE', ( #3851 ), #4573, .T. ) ;
#2628 = VERTEX_POINT ( 'NONE', #2656 ) ;
#2629 = CARTESIAN_POINT ( 'NONE',  ( 37.50000000000000711, 0.000000000000000000, 22.49999999999999645 ) ) ;
#2630 = EDGE_CURVE ( 'NONE', #4464, #4451, #4600, .T. ) ;
#2631 = DIRECTION ( 'NONE',  ( 0.000000000000000000, 0.000000000000000000, -1.000000000000000000 ) ) ;
#2632 = LINE ( 'NONE', #5074, #5032 ) ;
#2633 = EDGE_CURVE ( 'NONE', #2456, #4842, #4973, .T. ) ;
#2634 = ORIENTED_EDGE ( 'NONE', *, *, #3875, .F. ) ;
#2635 = VECTOR ( 'NONE', #2825, 1000.000000000000000 ) ;
#2636 = CARTESIAN_POINT ( 'NONE',  ( -20.94999999999999574, 1.600000000000000089, 20.25000000000000000 ) ) ;
#2637 = CARTESIAN_POINT ( 'NONE',  ( -18.40999999999999659, 11.09999999999999964, -20.25000000000000000 ) ) ;
#2638 = APPLICATION_PROTOCOL_DEFINITION ( 'draft international standard', 'automotive_design', 1998, #2436 ) ;
#2639 = EDGE_LOOP ( 'NONE', ( #1095, #4831, #3466, #52 ) ) ;
#2640 = DIRECTION ( 'NONE',  ( 0.000000000000000000, 0.000000000000000000, -1.000000000000000000 ) ) ;
#2641 = FACE_OUTER_BOUND ( 'NONE', #4251, .T. ) ;
#2642 = ORIENTED_EDGE ( 'NONE', *, *, #3860, .T. ) ;
#2643 = CARTESIAN_POINT ( 'NONE',  ( -19.94999999999999574, 1.600000000000000089, 20.25000000000000000 ) ) ;
#2644 = ORIENTED_EDGE ( 'NONE', *, *, #1923, .F. ) ;
#2645 = ADVANCED_FACE ( 'NONE', ( #1761 ), #4204, .F. ) ;
#2646 = VECTOR ( 'NONE', #3104, 1000.000000000000000 ) ;
#2647 = DIRECTION ( 'NONE',  ( 0.000000000000000000, 0.000000000000000000, -1.000000000000000000 ) ) ;
#2648 = LINE ( 'NONE', #749, #1534 ) ;
#2649 = CARTESIAN_POINT ( 'NONE',  ( 4.450000000000009948, 11.09999999999999964, -20.25000000000000000 ) ) ;
#2650 = ORIENTED_EDGE ( 'NONE', *, *, #4111, .F. ) ;
#2651 = FACE_OUTER_BOUND ( 'NONE', #1641, .T. ) ;
#2652 = LINE ( 'NONE', #5097, #3586 ) ;
#2653 = ADVANCED_BREP_SHAPE_REPRESENTATION ( 'MYOSA_ESP-32', ( #1347, #2696 ), #3547 ) ;
#2654 = CARTESIAN_POINT ( 'NONE',  ( 34.30000000000000426, -2.699999999999999289, -7.450000000000001066 ) ) ;
#2655 = EDGE_CURVE ( 'NONE', #1670, #4458, #159, .T. ) ;
#2656 = CARTESIAN_POINT ( 'NONE',  ( 37.50000000000000711, 0.000000000000000000, -7.450000000000001066 ) ) ;
#2657 = CARTESIAN_POINT ( 'NONE',  ( 7.990000000000009095, 1.600000000000000089, -20.25000000000000000 ) ) ;
#2658 = ORIENTED_EDGE ( 'NONE', *, *, #584, .F. ) ;
#2659 = AXIS2_PLACEMENT_3D ( 'NONE', #4021, #1177, #2001 ) ;
#2660 = EDGE_CURVE ( 'NONE', #4584, #399, #4178, .T. ) ;
#2661 = DIRECTION ( 'NONE',  ( 0.000000000000000000, 0.000000000000000000, -1.000000000000000000 ) ) ;
#2662 = FACE_OUTER_BOUND ( 'NONE', #901, .T. ) ;
#2663 = DIRECTION ( 'NONE',  ( 0.000000000000000000, 0.000000000000000000, -1.000000000000000000 ) ) ;
#2664 = VERTEX_POINT ( 'NONE', #5100 ) ;
#2665 = ADVANCED_FACE ( 'NONE', ( #5127 ), #1959, .F. ) ;
#2666 = PLANE ( 'NONE',  #4743 ) ;
#2667 = DIRECTION ( 'NONE',  ( 0.000000000000000000, -0.000000000000000000, -1.000000000000000000 ) ) ;
#2668 = ORIENTED_EDGE ( 'NONE', *, *, #3875, .T. ) ;
#2669 = DIRECTION ( 'NONE',  ( -0.000000000000000000, -1.000000000000000000, -0.000000000000000000 ) ) ;
#2670 = ORIENTED_EDGE ( 'NONE', *, *, #2536, .F. ) ;
#2671 = LINE ( 'NONE', #5145, #4325 ) ;
#2672 = LINE ( 'NONE', #776, #343 ) ;
#2673 = CARTESIAN_POINT ( 'NONE',  ( -14.86999999999999389, 1.600000000000000089, -20.25000000000000000 ) ) ;
#2674 = VERTEX_POINT ( 'NONE', #3532 ) ;
#2675 = AXIS2_PLACEMENT_3D ( 'NONE', #2070, #4859, #420 ) ;
#2676 = CARTESIAN_POINT ( 'NONE',  ( -13.32999999999999474, 11.09999999999999964, -19.25000000000000000 ) ) ;
#2677 = CARTESIAN_POINT ( 'NONE',  ( 34.30000000000000426, -2.700000000000000622, 7.449999999999999289 ) ) ;
#2678 = DIRECTION ( 'NONE',  ( -0.000000000000000000, 1.000000000000000000, -0.000000000000000000 ) ) ;
#2679 = VERTEX_POINT ( 'NONE', #3877 ) ;
#2680 = DIRECTION ( 'NONE',  ( 0.000000000000000000, 1.000000000000000000, 0.000000000000000000 ) ) ;
#2681 = CARTESIAN_POINT ( 'NONE',  ( -33.49999999999998579, 1.600000000000000089, -16.50000000000000000 ) ) ;
#2682 = ORIENTED_EDGE ( 'NONE', *, *, #5223, .T. ) ;
#2683 = ADVANCED_FACE ( 'NONE', ( #1491 ), #4356, .T. ) ;
#2684 = LINE ( 'NONE', #2364, #5110 ) ;
#2685 = PLANE ( 'NONE',  #245 ) ;
#2686 = CARTESIAN_POINT ( 'NONE',  ( -37.49999999999999289, 0.000000000000000000, 22.49999999999999645 ) ) ;
#2687 = DIRECTION ( 'NONE',  ( 0.000000000000000000, 0.000000000000000000, 1.000000000000000000 ) ) ;
#2688 = ORIENTED_EDGE ( 'NONE', *, *, #2828, .T. ) ;
#2689 = AXIS2_PLACEMENT_3D ( 'NONE', #1033, #5048, #957 ) ;
#2690 = EDGE_CURVE ( 'NONE', #2227, #3225, #2783, .T. ) ;
#2691 = DIRECTION ( 'NONE',  ( 0.000000000000000000, 0.000000000000000000, -1.000000000000000000 ) ) ;
#2692 = LINE ( 'NONE', #595, #997 ) ;
#2693 = EDGE_CURVE ( 'NONE', #1675, #390, #4722, .T. ) ;
#2694 = ORIENTED_EDGE ( 'NONE', *, *, #4032, .T. ) ;
#2695 = DIRECTION ( 'NONE',  ( 1.000000000000000000, 0.000000000000000000, 0.000000000000000000 ) ) ;
#2696 = AXIS2_PLACEMENT_3D ( 'NONE', #1070, #2687, #218 ) ;
#2697 = ADVANCED_FACE ( 'NONE', ( #1086 ), #5180, .T. ) ;
#2698 = VERTEX_POINT ( 'NONE', #1141 ) ;
#2699 = FACE_OUTER_BOUND ( 'NONE', #496, .T. ) ;
#2700 = LINE ( 'NONE', #5042, #670 ) ;
#2701 = ORIENTED_EDGE ( 'NONE', *, *, #65, .F. ) ;
#2702 = DIRECTION ( 'NONE',  ( -1.000000000000000000, -2.514091994169285716E-16, 0.000000000000000000 ) ) ;
#2703 = CARTESIAN_POINT ( 'NONE',  ( -22.48999999999999488, 1.600000000000000089, -20.25000000000000000 ) ) ;
#2704 = ADVANCED_FACE ( 'NONE', ( #1062 ), #2308, .T. ) ;
#2705 = DIRECTION ( 'NONE',  ( -0.000000000000000000, -1.000000000000000000, -0.000000000000000000 ) ) ;
#2706 = VERTEX_POINT ( 'NONE', #3585 ) ;
#2707 = DIRECTION ( 'NONE',  ( 0.000000000000000000, 0.000000000000000000, -1.000000000000000000 ) ) ;
#2708 = VECTOR ( 'NONE', #2393, 1000.000000000000000 ) ;
#2709 = CARTESIAN_POINT ( 'NONE',  ( 37.50000000000000711, -5.200000000000001066, -5.549999999999998934 ) ) ;
#2710 = EDGE_LOOP ( 'NONE', ( #1293, #995 ) ) ;
#2711 = AXIS2_PLACEMENT_3D ( 'NONE', #1073, #2640, #3091 ) ;
#2712 = EDGE_CURVE ( 'NONE', #63, #2553, #2424, .T. ) ;
#2713 = CARTESIAN_POINT ( 'NONE',  ( -2.169999999999991491, 1.600000000000000089, 19.25000000000000000 ) ) ;
#2714 = LINE ( 'NONE', #323, #4577 ) ;
#2715 = PLANE ( 'NONE',  #1791 ) ;
#2716 = CARTESIAN_POINT ( 'NONE',  ( -19.94999999999999574, 1.600000000000000089, 19.25000000000000000 ) ) ;
#2717 = ORIENTED_EDGE ( 'NONE', *, *, #1009, .T. ) ;
#2718 = LINE ( 'NONE', #1945, #1816 ) ;
#2719 = CARTESIAN_POINT ( 'NONE',  ( -18.40999999999999659, 11.09999999999999964, 19.25000000000000000 ) ) ;
#2720 = ADVANCED_FACE ( 'NONE', ( #3130 ), #293, .F. ) ;
#2721 = ORIENTED_EDGE ( 'NONE', *, *, #4268, .F. ) ;
#2722 = CARTESIAN_POINT ( 'NONE',  ( 5.450000000000009948, 11.09999999999999964, -19.25000000000000000 ) ) ;
#2723 = EDGE_LOOP ( 'NONE', ( #434, #5109, #2360, #2091 ) ) ;
#2724 = DIRECTION ( 'NONE',  ( 1.000000000000000000, 0.000000000000000000, 0.000000000000000000 ) ) ;
#2725 = LINE ( 'NONE', #4323, #3883 ) ;
#2726 = EDGE_CURVE ( 'NONE', #148, #3675, #237, .T. ) ;
#2727 = ORIENTED_EDGE ( 'NONE', *, *, #1316, .T. ) ;
#2728 = DIRECTION ( 'NONE',  ( -0.000000000000000000, -1.000000000000000000, -0.000000000000000000 ) ) ;
#2729 = CIRCLE ( 'NONE', #2478, 2.000000000000001776 ) ;
#2730 = DIRECTION ( 'NONE',  ( -0.000000000000000000, -0.000000000000000000, -1.000000000000000000 ) ) ;
#2731 = LINE ( 'NONE', #4353, #4262 ) ;
#2732 = ORIENTED_EDGE ( 'NONE', *, *, #2807, .F. ) ;
#2733 = DIRECTION ( 'NONE',  ( 0.000000000000000000, 0.000000000000000000, 1.000000000000000000 ) ) ;
#2734 = AXIS2_PLACEMENT_3D ( 'NONE', #2304, #1083, #4277 ) ;
#2735 = LINE ( 'NONE', #2389, #4186 ) ;
#2736 = ORIENTED_EDGE ( 'NONE', *, *, #5101, .F. ) ;
#2737 = AXIS2_PLACEMENT_3D ( 'NONE', #2979, #3803, #4891 ) ;
#2738 = LINE ( 'NONE', #4308, #3247 ) ;
#2739 = LINE ( 'NONE', #2549, #4071 ) ;
#2740 = FACE_OUTER_BOUND ( 'NONE', #45, .T. ) ;
#2741 = VECTOR ( 'NONE', #583, 1000.000000000000000 ) ;
#2742 = FACE_OUTER_BOUND ( 'NONE', #1515, .T. ) ;
#2743 = ORIENTED_EDGE ( 'NONE', *, *, #3530, .T. ) ;
#2744 = VECTOR ( 'NONE', #4288, 1000.000000000000000 ) ;
#2745 = CARTESIAN_POINT ( 'NONE',  ( -12.32999999999999297, 11.09999999999999964, 19.25000000000000000 ) ) ;
#2746 = EDGE_LOOP ( 'NONE', ( #1485, #858, #3129, #257 ) ) ;
#2747 = LINE ( 'NONE', #2135, #2285 ) ;
#2748 = EDGE_CURVE ( 'NONE', #537, #2546, #2334, .T. ) ;
#2749 = ORIENTED_EDGE ( 'NONE', *, *, #1845, .F. ) ;
#2750 = PLANE ( 'NONE',  #3477 ) ;
#2751 = CARTESIAN_POINT ( 'NONE',  ( -8.249999999999992895, 1.600000000000000089, -19.25000000000000000 ) ) ;
#2752 = EDGE_LOOP ( 'NONE', ( #32, #326, #1198, #1242 ) ) ;
#2753 = CARTESIAN_POINT ( 'NONE',  ( -15.86999999999999567, 11.09999999999999964, 20.25000000000000000 ) ) ;
#2754 = EDGE_CURVE ( 'NONE', #4034, #4464, #1935, .T. ) ;
#2755 = CARTESIAN_POINT ( 'NONE',  ( -9.789999999999993818, 11.09999999999999964, -20.25000000000000000 ) ) ;
#2756 = DIRECTION ( 'NONE',  ( -1.000000000000000000, -0.000000000000000000, -0.000000000000000000 ) ) ;
#2757 = EDGE_LOOP ( 'NONE', ( #4053, #134, #938, #2155 ) ) ;
#2758 = CIRCLE ( 'NONE', #4369, 2.000000000000001776 ) ;
#2759 = DIRECTION ( 'NONE',  ( 0.000000000000000000, 0.000000000000000000, 1.000000000000000000 ) ) ;
#2760 = PRODUCT_DEFINITION ( 'UNKNOWN', '', #740, #4307 ) ;
#2761 = LINE ( 'NONE', #1543, #1040 ) ;
#2762 = ORIENTED_EDGE ( 'NONE', *, *, #188, .T. ) ;
#2763 = FACE_OUTER_BOUND ( 'NONE', #1435, .T. ) ;
#2764 = CARTESIAN_POINT ( 'NONE',  ( -20.94999999999999574, 11.09999999999999964, 20.25000000000000000 ) ) ;
#2765 = FACE_OUTER_BOUND ( 'NONE', #1800, .T. ) ;
#2766 = CARTESIAN_POINT ( 'NONE',  ( -10.78999999999999382, 11.09999999999999964, -20.25000000000000000 ) ) ;
#2767 = ORIENTED_EDGE ( 'NONE', *, *, #374, .T. ) ;
#2768 = LINE ( 'NONE', #380, #121 ) ;
#2769 = CARTESIAN_POINT ( 'NONE',  ( -18.40999999999999659, 1.600000000000000089, 20.25000000000000000 ) ) ;
#2770 = ADVANCED_FACE ( 'NONE', ( #1571 ), #1542, .F. ) ;
#2771 = VECTOR ( 'NONE', #4565, 1000.000000000000000 ) ;
#2772 = DIRECTION ( 'NONE',  ( 1.000000000000000000, 0.000000000000000000, 0.000000000000000000 ) ) ;
#2773 = ORIENTED_EDGE ( 'NONE', *, *, #5096, .F. ) ;
#2774 = ORIENTED_EDGE ( 'NONE', *, *, #1792, .F. ) ;
#2775 = DIRECTION ( 'NONE',  ( 0.000000000000000000, -1.000000000000000000, 0.000000000000000000 ) ) ;
#2776 = CARTESIAN_POINT ( 'NONE',  ( 1.910000000000009024, 11.09999999999999964, -19.25000000000000000 ) ) ;
#2777 = ORIENTED_EDGE ( 'NONE', *, *, #3409, .F. ) ;
#2778 = VECTOR ( 'NONE', #2566, 1000.000000000000000 ) ;
#2779 = CARTESIAN_POINT ( 'NONE',  ( 5.450000000000009948, 11.09999999999999964, 20.25000000000000000 ) ) ;
#2780 = VERTEX_POINT ( 'NONE', #734 ) ;
#2781 = DIRECTION ( 'NONE',  ( 1.000000000000000000, 0.000000000000000000, 0.000000000000000000 ) ) ;
#2782 = ORIENTED_EDGE ( 'NONE', *, *, #100, .T. ) ;
#2783 = LINE ( 'NONE', #3106, #4052 ) ;
#2784 = EDGE_CURVE ( 'NONE', #2813, #3492, #3980, .T. ) ;
#2785 = CARTESIAN_POINT ( 'NONE',  ( 32.40000000000000568, 0.000000000000000000, 0.000000000000000000 ) ) ;
#2786 = EDGE_LOOP ( 'NONE', ( #4648, #4613, #2144, #1003 ) ) ;
#2787 = DIRECTION ( 'NONE',  ( -1.000000000000000000, 0.000000000000000000, 0.000000000000000000 ) ) ;
#2788 = DIRECTION ( 'NONE',  ( -1.000000000000000000, -0.000000000000000000, -0.000000000000000000 ) ) ;
#2789 = VECTOR ( 'NONE', #639, 1000.000000000000000 ) ;
#2790 = PLANE ( 'NONE',  #4723 ) ;
#2791 = ADVANCED_FACE ( 'NONE', ( #4803 ), #1165, .F. ) ;
#2792 = AXIS2_PLACEMENT_3D ( 'NONE', #676, #3066, #1101 ) ;
#2793 = VECTOR ( 'NONE', #672, 1000.000000000000000 ) ;
#2794 = CARTESIAN_POINT ( 'NONE',  ( 33.50000000000000000, 0.000000000000000000, -16.50000000000000000 ) ) ;
#2795 = ORIENTED_EDGE ( 'NONE', *, *, #4318, .F. ) ;
#2796 = CARTESIAN_POINT ( 'NONE',  ( 4.450000000000009948, 1.600000000000000089, -20.25000000000000000 ) ) ;
#2797 = DIRECTION ( 'NONE',  ( 0.000000000000000000, 0.000000000000000000, 1.000000000000000000 ) ) ;
#2798 = DIRECTION ( 'NONE',  ( 0.000000000000000000, -0.000000000000000000, -1.000000000000000000 ) ) ;
#2799 = EDGE_LOOP ( 'NONE', ( #320, #2295, #507, #1024 ) ) ;
#2800 = ORIENTED_EDGE ( 'NONE', *, *, #2419, .T. ) ;
#2801 = VECTOR ( 'NONE', #4132, 1000.000000000000000 ) ;
#2802 = LINE ( 'NONE', #1215, #83 ) ;
#2803 = FACE_OUTER_BOUND ( 'NONE', #4054, .T. ) ;
#2804 = ORIENTED_EDGE ( 'NONE', *, *, #1734, .F. ) ;
#2805 = ORIENTED_EDGE ( 'NONE', *, *, #3443, .T. ) ;
#2806 = CARTESIAN_POINT ( 'NONE',  ( 1.483314276559880199E-15, -5.900000000000005684, -6.250000000000000000 ) ) ;
#2807 = EDGE_CURVE ( 'NONE', #1314, #597, #78, .T. ) ;
#2808 = ORIENTED_EDGE ( 'NONE', *, *, #1266, .T. ) ;
#2809 = CARTESIAN_POINT ( 'NONE',  ( -5.709999999999992859, 11.09999999999999964, -20.25000000000000000 ) ) ;
#2810 = EDGE_LOOP ( 'NONE', ( #1427, #4524, #4529, #2782 ) ) ;
#2811 = FACE_OUTER_BOUND ( 'NONE', #1017, .T. ) ;
#2812 = PLANE ( 'NONE',  #4265 ) ;
#2813 = VERTEX_POINT ( 'NONE', #791 ) ;
#2814 = VERTEX_POINT ( 'NONE', #4487 ) ;
#2815 = VECTOR ( 'NONE', #3611, 1000.000000000000000 ) ;
#2816 = ADVANCED_FACE ( 'NONE', ( #4007 ), #5233, .T. ) ;
#2817 = DIRECTION ( 'NONE',  ( 0.000000000000000000, 0.000000000000000000, -1.000000000000000000 ) ) ;
#2819 = AXIS2_PLACEMENT_3D ( 'NONE', #2021, #426, #769 ) ;
#2818 = DIRECTION ( 'NONE',  ( 0.000000000000000000, -0.000000000000000000, 1.000000000000000000 ) ) ;
#2820 = CARTESIAN_POINT ( 'NONE',  ( 37.50000000000000711, 0.000000000000000000, -6.250000000000000000 ) ) ;
#2821 = CARTESIAN_POINT ( 'NONE',  ( 6.990000000000009983, 1.600000000000000089, -20.25000000000000000 ) ) ;
#2822 = ORIENTED_EDGE ( 'NONE', *, *, #3975, .F. ) ;
#2823 = EDGE_CURVE ( 'NONE', #150, #4561, #3240, .T. ) ;
#2824 = CARTESIAN_POINT ( 'NONE',  ( -4.709999999999991971, 11.09999999999999964, 19.25000000000000000 ) ) ;
#2825 = DIRECTION ( 'NONE',  ( 1.000000000000000000, 0.000000000000000000, 0.000000000000000000 ) ) ;
#2826 = AXIS2_PLACEMENT_3D ( 'NONE', #457, #905, #4205 ) ;
#2827 = LINE ( 'NONE', #803, #332 ) ;
#2828 = EDGE_CURVE ( 'NONE', #4497, #724, #4514, .T. ) ;
#2829 = ORIENTED_EDGE ( 'NONE', *, *, #3478, .F. ) ;
#2830 = VERTEX_POINT ( 'NONE', #3665 ) ;
#2831 = CARTESIAN_POINT ( 'NONE',  ( 6.990000000000009983, 11.09999999999999964, 19.25000000000000000 ) ) ;
#2832 = FACE_OUTER_BOUND ( 'NONE', #3052, .T. ) ;
#2833 = EDGE_LOOP ( 'NONE', ( #292, #15, #781, #4033 ) ) ;
#2834 = ORIENTED_EDGE ( 'NONE', *, *, #680, .F. ) ;
#2835 = VERTEX_POINT ( 'NONE', #1652 ) ;
#2836 = FACE_OUTER_BOUND ( 'NONE', #2077, .T. ) ;
#2837 = ORIENTED_EDGE ( 'NONE', *, *, #4055, .F. ) ;
#2838 = CARTESIAN_POINT ( 'NONE',  ( -23.48999999999999844, 11.09999999999999964, 19.25000000000000000 ) ) ;
#2839 = EDGE_CURVE ( 'NONE', #2035, #3143, #2016, .T. ) ;
#2840 = CARTESIAN_POINT ( 'NONE',  ( -20.94999999999999574, 11.09999999999999964, 20.25000000000000000 ) ) ;
#2841 = ORIENTED_EDGE ( 'NONE', *, *, #5211, .F. ) ;
#2842 = ORIENTED_EDGE ( 'NONE', *, *, #1029, .F. ) ;
#2843 = CARTESIAN_POINT ( 'NONE',  ( -0.6299999999999916778, 11.09999999999999964, -20.25000000000000000 ) ) ;
#2844 = CARTESIAN_POINT ( 'NONE',  ( 7.990000000000009095, 11.09999999999999964, 20.25000000000000000 ) ) ;
#2845 = LINE ( 'NONE', #4468, #4013 ) ;
#2846 = VECTOR ( 'NONE', #4244, 1000.000000000000000 ) ;
#2847 = VERTEX_POINT ( 'NONE', #3268 ) ;
#2848 = FACE_OUTER_BOUND ( 'NONE', #3762, .T. ) ;
#2849 = PLANE ( 'NONE',  #4668 ) ;
#2850 = LINE ( 'NONE', #4473, #4580 ) ;
#2851 = ADVANCED_FACE ( 'NONE', ( #846 ), #4462, .F. ) ;
#2852 = ORIENTED_EDGE ( 'NONE', *, *, #2503, .F. ) ;
#2853 = ORIENTED_EDGE ( 'NONE', *, *, #4406, .T. ) ;
#2854 = ADVANCED_FACE ( 'NONE', ( #2811 ), #3721, .F. ) ;
#2855 = DIRECTION ( 'NONE',  ( -0.000000000000000000, -1.000000000000000000, -0.000000000000000000 ) ) ;
#2856 = CARTESIAN_POINT ( 'NONE',  ( -8.249999999999992895, 1.600000000000000089, -20.25000000000000000 ) ) ;
#2857 = EDGE_LOOP ( 'NONE', ( #2650, #2084, #408, #3327 ) ) ;
#2858 = EDGE_CURVE ( 'NONE', #2553, #63, #5221, .T. ) ;
#2859 = VERTEX_POINT ( 'NONE', #1596 ) ;
#2860 = VECTOR ( 'NONE', #29, 1000.000000000000000 ) ;
#2861 = ORIENTED_EDGE ( 'NONE', *, *, #3430, .F. ) ;
#2862 = AXIS2_PLACEMENT_3D ( 'NONE', #4822, #4850, #783 ) ;
#2863 = CARTESIAN_POINT ( 'NONE',  ( 8.900000000000005684, 11.09999999999999964, -20.90000000000000213 ) ) ;
#2864 = ORIENTED_EDGE ( 'NONE', *, *, #649, .F. ) ;
#2865 = CARTESIAN_POINT ( 'NONE',  ( -9.789999999999993818, 11.09999999999999964, 20.25000000000000000 ) ) ;
#2866 = PRODUCT ( 'MYOSA_ESP-32', 'MYOSA_ESP-32', '', ( #2291 ) ) ;
#2867 = LINE ( 'NONE', #2925, #4944 ) ;
#2868 = ORIENTED_EDGE ( 'NONE', *, *, #3827, .T. ) ;
#2869 = AXIS2_PLACEMENT_3D ( 'NONE', #3857, #2614, #3061 ) ;
#2870 = ORIENTED_EDGE ( 'NONE', *, *, #2383, .F. ) ;
#2871 = EDGE_CURVE ( 'NONE', #2813, #1406, #2443, .T. ) ;
#2872 = DIRECTION ( 'NONE',  ( -1.000000000000000000, -0.000000000000000000, -0.000000000000000000 ) ) ;
#2873 = CARTESIAN_POINT ( 'NONE',  ( -30.24999999999999289, 1.600000000000000089, -4.400000000000001243 ) ) ;
#2874 = PLANE ( 'NONE',  #5029 ) ;
#2875 = ORIENTED_EDGE ( 'NONE', *, *, #1960, .T. ) ;
#2876 = ADVANCED_FACE ( 'NONE', ( #1247 ), #3639, .T. ) ;
#2877 = CARTESIAN_POINT ( 'NONE',  ( -37.49999999999999289, 0.000000000000000000, -22.50000000000000355 ) ) ;
#2878 = DIRECTION ( 'NONE',  ( 0.000000000000000000, 0.000000000000000000, 1.000000000000000000 ) ) ;
#2879 = AXIS2_PLACEMENT_3D ( 'NONE', #3172, #4789, #4846 ) ;
#2880 = LINE ( 'NONE', #4501, #1442 ) ;
#2881 = VECTOR ( 'NONE', #3619, 1000.000000000000000 ) ;
#2882 = VERTEX_POINT ( 'NONE', #2041 ) ;
#2883 = VECTOR ( 'NONE', #2963, 1000.000000000000000 ) ;
#2884 = ORIENTED_EDGE ( 'NONE', *, *, #4055, .T. ) ;
#2885 = EDGE_CURVE ( 'NONE', #1523, #2378, #5261, .T. ) ;
#2886 = CARTESIAN_POINT ( 'NONE',  ( -18.40999999999999659, 1.600000000000000089, 20.25000000000000000 ) ) ;
#2887 = DIRECTION ( 'NONE',  ( 0.000000000000000000, 0.000000000000000000, -1.000000000000000000 ) ) ;
#2888 = VERTEX_POINT ( 'NONE', #447 ) ;
#2889 = VERTEX_POINT ( 'NONE', #2896 ) ;
#2890 = VECTOR ( 'NONE', #589, 1000.000000000000000 ) ;
#2891 = ORIENTED_EDGE ( 'NONE', *, *, #903, .F. ) ;
#2892 = EDGE_CURVE ( 'NONE', #4561, #478, #49, .T. ) ;
#2893 = DIRECTION ( 'NONE',  ( 1.000000000000000000, 0.000000000000000000, -0.000000000000000000 ) ) ;
#2894 = CARTESIAN_POINT ( 'NONE',  ( 8.900000000000005684, 11.09999999999999964, -20.90000000000000213 ) ) ;
#2895 = VERTEX_POINT ( 'NONE', #4912 ) ;
#2896 = CARTESIAN_POINT ( 'NONE',  ( 5.450000000000009948, 1.600000000000000089, 19.25000000000000000 ) ) ;
#2897 = EDGE_CURVE ( 'NONE', #1112, #4343, #871, .T. ) ;
#2898 = DIRECTION ( 'NONE',  ( -1.000000000000000000, 0.000000000000000000, -0.000000000000000000 ) ) ;
#2899 = ORIENTED_EDGE ( 'NONE', *, *, #5061, .F. ) ;
#2900 = DIRECTION ( 'NONE',  ( -0.000000000000000000, -0.000000000000000000, 1.000000000000000000 ) ) ;
#2901 = DIRECTION ( 'NONE',  ( 1.000000000000000000, -0.000000000000000000, 0.000000000000000000 ) ) ;
#2902 = PLANE ( 'NONE',  #2402 ) ;
#2903 = VERTEX_POINT ( 'NONE', #2096 ) ;
#2904 = VECTOR ( 'NONE', #2447, 1000.000000000000000 ) ;
#2905 = CARTESIAN_POINT ( 'NONE',  ( -14.86999999999999389, 11.09999999999999964, 19.25000000000000000 ) ) ;
#2906 = DIRECTION ( 'NONE',  ( 0.000000000000000000, 0.000000000000000000, 1.000000000000000000 ) ) ;
#2907 = FACE_OUTER_BOUND ( 'NONE', #2152, .T. ) ;
#2908 = AXIS2_PLACEMENT_3D ( 'NONE', #953, #1329, #2580 ) ;
#2909 = VERTEX_POINT ( 'NONE', #4938 ) ;
#2910 = LINE ( 'NONE', #5, #3339 ) ;
#2911 = AXIS2_PLACEMENT_3D ( 'NONE', #2676, #656, #4718 ) ;
#2912 = LINE ( 'NONE', #4955, #754 ) ;
#2913 = DIRECTION ( 'NONE',  ( 1.000000000000000000, 0.000000000000000000, -0.000000000000000000 ) ) ;
#2914 = ORIENTED_EDGE ( 'NONE', *, *, #3307, .T. ) ;
#2915 = EDGE_LOOP ( 'NONE', ( #4901, #4930, #2484, #358 ) ) ;
#2916 = EDGE_CURVE ( 'NONE', #785, #3030, #1301, .T. ) ;
#2917 = ORIENTED_EDGE ( 'NONE', *, *, #522, .T. ) ;
#2918 = VECTOR ( 'NONE', #4844, 1000.000000000000000 ) ;
#2919 = DIRECTION ( 'NONE',  ( -1.000000000000000000, -0.000000000000000000, -0.000000000000000000 ) ) ;
#2920 = CARTESIAN_POINT ( 'NONE',  ( -5.709999999999992859, 11.09999999999999964, 20.25000000000000000 ) ) ;
#2921 = CARTESIAN_POINT ( 'NONE',  ( -18.40999999999999659, 1.600000000000000089, -20.25000000000000000 ) ) ;
#2922 = VERTEX_POINT ( 'NONE', #2388 ) ;
#2923 = CARTESIAN_POINT ( 'NONE',  ( -10.78999999999999382, 1.600000000000000089, 19.25000000000000000 ) ) ;
#2924 = EDGE_CURVE ( 'NONE', #1819, #894, #4436, .T. ) ;
#2925 = CARTESIAN_POINT ( 'NONE',  ( 1.910000000000009024, 11.09999999999999964, 20.25000000000000000 ) ) ;
#2926 = EDGE_CURVE ( 'NONE', #4026, #3632, #2758, .T. ) ;
#2927 = ORIENTED_EDGE ( 'NONE', *, *, #3695, .T. ) ;
#2928 = CARTESIAN_POINT ( 'NONE',  ( -5.709999999999992859, 1.600000000000000089, 20.25000000000000000 ) ) ;
#2929 = CYLINDRICAL_SURFACE ( 'NONE', #4102, 2.000000000000001776 ) ;
#2930 = EDGE_CURVE ( 'NONE', #3042, #4370, #2124, .T. ) ;
#2931 = EDGE_LOOP ( 'NONE', ( #3567, #3944, #283, #2805 ) ) ;
#2932 = DIRECTION ( 'NONE',  ( -0.000000000000000000, -1.000000000000000000, -0.000000000000000000 ) ) ;
#2933 = FACE_OUTER_BOUND ( 'NONE', #4456, .T. ) ;
#2934 = AXIS2_PLACEMENT_3D ( 'NONE', #2573, #3791, #2547 ) ;
#2935 = CARTESIAN_POINT ( 'NONE',  ( 4.450000000000009948, 11.09999999999999964, 19.25000000000000000 ) ) ;
#2936 = EDGE_LOOP ( 'NONE', ( #3634, #2618, #2301, #4681 ) ) ;
#2937 = EDGE_CURVE ( 'NONE', #585, #1723, #899, .T. ) ;
#2938 = CARTESIAN_POINT ( 'NONE',  ( -23.48999999999999844, 11.09999999999999964, -20.25000000000000000 ) ) ;
#2939 = LINE ( 'NONE', #4929, #738 ) ;
#2940 = ORIENTED_EDGE ( 'NONE', *, *, #1923, .T. ) ;
#2941 = ORIENTED_EDGE ( 'NONE', *, *, #3147, .T. ) ;
#2942 = ORIENTED_EDGE ( 'NONE', *, *, #4533, .F. ) ;
#2943 = PLANE ( 'NONE',  #1494 ) ;
#2944 = CARTESIAN_POINT ( 'NONE',  ( -17.40999999999999659, 11.09999999999999964, -20.25000000000000000 ) ) ;
#2945 = FACE_BOUND ( 'NONE', #2004, .T. ) ;
#2946 = ORIENTED_EDGE ( 'NONE', *, *, #3055, .F. ) ;
#2947 = DIRECTION ( 'NONE',  ( 1.000000000000000000, 0.000000000000000000, 0.000000000000000000 ) ) ;
#2948 = AXIS2_PLACEMENT_3D ( 'NONE', #2129, #3221, #797 ) ;
#2949 = CARTESIAN_POINT ( 'NONE',  ( 34.30000000000000426, 0.000000000000000000, -6.250000000000000000 ) ) ;
#2950 = EDGE_LOOP ( 'NONE', ( #4227, #1249, #1187, #3419 ) ) ;
#2951 = FACE_OUTER_BOUND ( 'NONE', #39, .T. ) ;
#2952 = EDGE_CURVE ( 'NONE', #4805, #3039, #3748, .T. ) ;
#2953 = CARTESIAN_POINT ( 'NONE',  ( 7.990000000000010871, 11.09999999999999964, 19.25000000000000000 ) ) ;
#2954 = VECTOR ( 'NONE', #302, 1000.000000000000000 ) ;
#2955 = VECTOR ( 'NONE', #2663, 1000.000000000000000 ) ;
#2956 = LINE ( 'NONE', #4574, #2317 ) ;
#2957 = ORIENTED_EDGE ( 'NONE', *, *, #1005, .F. ) ;
#2958 = EDGE_CURVE ( 'NONE', #2063, #3398, #3744, .T. ) ;
#2959 = DIRECTION ( 'NONE',  ( 0.000000000000000000, 0.000000000000000000, -1.000000000000000000 ) ) ;
#2960 = CARTESIAN_POINT ( 'NONE',  ( 7.990000000000009095, 11.09999999999999964, 20.25000000000000000 ) ) ;
#2961 = LINE ( 'NONE', #4582, #4391 ) ;
#2962 = ORIENTED_EDGE ( 'NONE', *, *, #1690, .T. ) ;
#2963 = DIRECTION ( 'NONE',  ( -0.000000000000000000, -0.000000000000000000, -1.000000000000000000 ) ) ;
#2964 = CARTESIAN_POINT ( 'NONE',  ( 21.75000000000000000, 0.000000000000000000, 0.000000000000000000 ) ) ;
#2965 = ORIENTED_EDGE ( 'NONE', *, *, #3041, .F. ) ;
#2966 = VECTOR ( 'NONE', #1497, 1000.000000000000000 ) ;
#2967 = ORIENTED_EDGE ( 'NONE', *, *, #1072, .F. ) ;
#2968 = VECTOR ( 'NONE', #4532, 1000.000000000000000 ) ;
#2969 = VERTEX_POINT ( 'NONE', #2092 ) ;
#2970 = FACE_OUTER_BOUND ( 'NONE', #2143, .T. ) ;
#2971 = DIRECTION ( 'NONE',  ( -0.000000000000000000, -0.000000000000000000, -1.000000000000000000 ) ) ;
#2972 = CARTESIAN_POINT ( 'NONE',  ( 0.000000000000000000, 1.600000000000000089, 0.000000000000000000 ) ) ;
#2973 = VERTEX_POINT ( 'NONE', #102 ) ;
#2974 = ADVANCED_FACE ( 'NONE', ( #2494 ), #74, .F. ) ;
#2975 = DIRECTION ( 'NONE',  ( 0.000000000000000000, -0.000000000000000000, -1.000000000000000000 ) ) ;
#2976 = LINE ( 'NONE', #4994, #2055 ) ;
#2977 = LINE ( 'NONE', #3428, #2309 ) ;
#2978 = DIRECTION ( 'NONE',  ( 0.000000000000000000, 0.000000000000000000, 1.000000000000000000 ) ) ;
#2979 = CARTESIAN_POINT ( 'NONE',  ( 1.910000000000009024, 11.09999999999999964, 19.25000000000000000 ) ) ;
#2980 = EDGE_LOOP ( 'NONE', ( #669, #886, #333, #790 ) ) ;
#2981 = ADVANCED_FACE ( 'NONE', ( #1701 ), #2943, .T. ) ;
#2982 = DIRECTION ( 'NONE',  ( 1.000000000000000000, -0.000000000000000000, 0.000000000000000000 ) ) ;
#2983 = DIRECTION ( 'NONE',  ( 0.000000000000000000, 0.000000000000000000, 1.000000000000000000 ) ) ;
#2984 = DIRECTION ( 'NONE',  ( 0.000000000000000000, 0.000000000000000000, -1.000000000000000000 ) ) ;
#2985 = ORIENTED_EDGE ( 'NONE', *, *, #3214, .T. ) ;
#2986 = EDGE_CURVE ( 'NONE', #3309, #3636, #1777, .T. ) ;
#2987 = VECTOR ( 'NONE', #980, 1000.000000000000000 ) ;
#2988 = CARTESIAN_POINT ( 'NONE',  ( 6.990000000000009983, 1.600000000000000089, -19.25000000000000000 ) ) ;
#2989 = CARTESIAN_POINT ( 'NONE',  ( -14.86999999999999389, 1.600000000000000089, 19.25000000000000000 ) ) ;
#2990 = EDGE_CURVE ( 'NONE', #4862, #1985, #4538, .T. ) ;
#2991 = VECTOR ( 'NONE', #2872, 1000.000000000000000 ) ;
#2992 = ORIENTED_EDGE ( 'NONE', *, *, #1384, .F. ) ;
#2993 = VERTEX_POINT ( 'NONE', #4988 ) ;
#2994 = VECTOR ( 'NONE', #3615, 1000.000000000000000 ) ;
#2995 = ORIENTED_EDGE ( 'NONE', *, *, #812, .F. ) ;
#2996 = CARTESIAN_POINT ( 'NONE',  ( -37.49999999999999289, 1.600000000000000089, -22.50000000000000355 ) ) ;
#2997 = CARTESIAN_POINT ( 'NONE',  ( -2.169999999999991491, 11.09999999999999964, 20.25000000000000000 ) ) ;
#2998 = FACE_BOUND ( 'NONE', #1612, .T. ) ;
#2999 = ORIENTED_EDGE ( 'NONE', *, *, #834, .F. ) ;
#3000 = VECTOR ( 'NONE', #4926, 1000.000000000000000 ) ;
#3001 = DIRECTION ( 'NONE',  ( -0.000000000000000000, -0.000000000000000000, -1.000000000000000000 ) ) ;
#3002 = AXIS2_PLACEMENT_3D ( 'NONE', #4338, #1207, #3543 ) ;
#3003 = CARTESIAN_POINT ( 'NONE',  ( 0.000000000000000000, 1.600000000000000089, 0.000000000000000000 ) ) ;
#3004 = CARTESIAN_POINT ( 'NONE',  ( -2.169999999999991491, 11.09999999999999964, 20.25000000000000000 ) ) ;
#3005 = DIRECTION ( 'NONE',  ( -0.000000000000000000, -1.000000000000000000, -0.000000000000000000 ) ) ;
#3006 = CARTESIAN_POINT ( 'NONE',  ( -30.24999999999999289, 1.600000000000000089, 4.400000000000001243 ) ) ;
#3007 = VERTEX_POINT ( 'NONE', #472 ) ;
#3008 = CARTESIAN_POINT ( 'NONE',  ( -18.40999999999999659, 11.09999999999999964, 20.25000000000000000 ) ) ;
#3009 = LINE ( 'NONE', #4284, #172 ) ;
#3010 = ORIENTED_EDGE ( 'NONE', *, *, #382, .F. ) ;
#3011 = LINE ( 'NONE', #644, #2493 ) ;
#3012 = AXIS2_PLACEMENT_3D ( 'NONE', #3904, #2680, #2759 ) ;
#3013 = DIRECTION ( 'NONE',  ( 0.000000000000000000, -1.000000000000000000, 0.000000000000000000 ) ) ;
#3014 = EDGE_CURVE ( 'NONE', #497, #2390, #1373, .T. ) ;
#3015 = EDGE_LOOP ( 'NONE', ( #2450, #3263, #650, #4688 ) ) ;
#3016 = CARTESIAN_POINT ( 'NONE',  ( 32.40000000000000568, -5.200000000000001066, 5.549999999999998934 ) ) ;
#3017 = EDGE_CURVE ( 'NONE', #629, #1028, #3347, .T. ) ;
#3018 = ORIENTED_EDGE ( 'NONE', *, *, #3041, .T. ) ;
#3019 = LINE ( 'NONE', #3894, #167 ) ;
#3020 = CARTESIAN_POINT ( 'NONE',  ( 7.990000000000009095, 1.600000000000000089, -20.25000000000000000 ) ) ;
#3021 = FACE_BOUND ( 'NONE', #3602, .T. ) ;
#3022 = EDGE_CURVE ( 'NONE', #5089, #1537, #4961, .T. ) ;
#3023 = EDGE_LOOP ( 'NONE', ( #1433, #4484, #498, #3522 ) ) ;
#3024 = CARTESIAN_POINT ( 'NONE',  ( 37.50000000000000711, -5.200000000000001066, 5.549999999999996270 ) ) ;
#3025 = ORIENTED_EDGE ( 'NONE', *, *, #642, .T. ) ;
#3026 = FACE_OUTER_BOUND ( 'NONE', #4465, .T. ) ;
#3027 = AXIS2_PLACEMENT_3D ( 'NONE', #1163, #3348, #4539 ) ;
#3028 = CARTESIAN_POINT ( 'NONE',  ( 29.90000000000000924, 0.000000000000000000, -6.250000000000000000 ) ) ;
#3029 = PLANE ( 'NONE',  #1125 ) ;
#3030 = VERTEX_POINT ( 'NONE', #3716 ) ;
#3031 = AXIS2_PLACEMENT_3D ( 'NONE', #1886, #1113, #2733 ) ;
#3032 = DIRECTION ( 'NONE',  ( 0.000000000000000000, 0.000000000000000000, 1.000000000000000000 ) ) ;
#3033 = VECTOR ( 'NONE', #4612, 1000.000000000000000 ) ;
#3034 = LINE ( 'NONE', #191, #3058 ) ;
#3035 = EDGE_LOOP ( 'NONE', ( #970, #3780, #2985, #3354 ) ) ;
#3036 = EDGE_CURVE ( 'NONE', #4685, #2553, #2518, .T. ) ;
#3037 = LINE ( 'NONE', #2215, #2744 ) ;
#3038 = DIRECTION ( 'NONE',  ( 0.000000000000000000, 0.000000000000000000, -1.000000000000000000 ) ) ;
#3039 = VERTEX_POINT ( 'NONE', #444 ) ;
#3040 = CARTESIAN_POINT ( 'NONE',  ( 0.000000000000000000, 1.600000000000000089, 0.000000000000000000 ) ) ;
#3041 = EDGE_CURVE ( 'NONE', #139, #4881, #1322, .T. ) ;
#3042 = VERTEX_POINT ( 'NONE', #4592 ) ;
#3043 = VECTOR ( 'NONE', #76, 1000.000000000000000 ) ;
#3044 = CARTESIAN_POINT ( 'NONE',  ( -5.709999999999992859, 11.09999999999999964, 20.25000000000000000 ) ) ;
#3045 = CARTESIAN_POINT ( 'NONE',  ( -9.789999999999993818, 1.600000000000000089, -20.25000000000000000 ) ) ;
#3046 = LINE ( 'NONE', #4296, #5256 ) ;
#3047 = EDGE_LOOP ( 'NONE', ( #4011, #3890, #591, #1077 ) ) ;
#3048 = VECTOR ( 'NONE', #3841, 1000.000000000000000 ) ;
#3049 = VECTOR ( 'NONE', #2724, 1000.000000000000000 ) ;
#3050 = FACE_BOUND ( 'NONE', #3121, .T. ) ;
#3051 = EDGE_CURVE ( 'NONE', #2993, #1287, #868, .T. ) ;
#3052 = EDGE_LOOP ( 'NONE', ( #366, #3741, #4180, #120 ) ) ;
#3053 = LINE ( 'NONE', #2253, #1637 ) ;
#3054 = CARTESIAN_POINT ( 'NONE',  ( -37.49999999999999289, 1.600000000000000089, -22.50000000000000355 ) ) ;
#3055 = EDGE_CURVE ( 'NONE', #373, #274, #3320, .T. ) ;
#3056 = CARTESIAN_POINT ( 'NONE',  ( -17.40999999999999659, 11.09999999999999964, -19.25000000000000000 ) ) ;
#3057 = VERTEX_POINT ( 'NONE', #2120 ) ;
#3058 = VECTOR ( 'NONE', #4209, 1000.000000000000000 ) ;
#3059 = DIRECTION ( 'NONE',  ( 1.000000000000000000, 0.000000000000000000, -0.000000000000000000 ) ) ;
#3060 = DIRECTION ( 'NONE',  ( -1.000000000000000000, -0.000000000000000000, -0.000000000000000000 ) ) ;
#3061 = DIRECTION ( 'NONE',  ( 0.000000000000000000, -0.000000000000000000, -1.000000000000000000 ) ) ;
#3062 = EDGE_LOOP ( 'NONE', ( #149, #425, #1305, #2462 ) ) ;
#3063 = DIRECTION ( 'NONE',  ( 1.000000000000000000, 0.000000000000000000, 0.000000000000000000 ) ) ;
#3064 = CARTESIAN_POINT ( 'NONE',  ( 2.910000000000009912, 1.600000000000000089, -19.25000000000000000 ) ) ;
#3065 = ORIENTED_EDGE ( 'NONE', *, *, #600, .T. ) ;
#3066 = DIRECTION ( 'NONE',  ( 1.000000000000000000, 0.000000000000000000, 0.000000000000000000 ) ) ;
#3067 = AXIS2_PLACEMENT_3D ( 'NONE', #684, #3950, #2306 ) ;
#3068 = VERTEX_POINT ( 'NONE', #3689 ) ;
#3069 = VECTOR ( 'NONE', #1495, 1000.000000000000000 ) ;
#3070 = LINE ( 'NONE', #1483, #2846 ) ;
#3071 = CARTESIAN_POINT ( 'NONE',  ( -24.39999999999999147, 1.600000000000000089, 18.60000000000000142 ) ) ;
#3072 = CARTESIAN_POINT ( 'NONE',  ( -22.48999999999999488, 11.09999999999999964, 19.25000000000000000 ) ) ;
#3073 = ORIENTED_EDGE ( 'NONE', *, *, #3961, .F. ) ;
#3074 = ADVANCED_FACE ( 'NONE', ( #2970 ), #4196, .T. ) ;
#3075 = LINE ( 'NONE', #3101, #3929 ) ;
#3076 = DIRECTION ( 'NONE',  ( -0.000000000000000000, -1.000000000000000000, -0.000000000000000000 ) ) ;
#3077 = CARTESIAN_POINT ( 'NONE',  ( -7.249999999999992895, 11.09999999999999964, -20.25000000000000000 ) ) ;
#3078 = VECTOR ( 'NONE', #746, 1000.000000000000000 ) ;
#3079 = ORIENTED_EDGE ( 'NONE', *, *, #337, .T. ) ;
#3080 = CARTESIAN_POINT ( 'NONE',  ( -0.6299999999999916778, 11.09999999999999964, 20.25000000000000000 ) ) ;
#3081 = EDGE_CURVE ( 'NONE', #390, #2099, #525, .T. ) ;
#3082 = ADVANCED_FACE ( 'NONE', ( #5012 ), #2466, .T. ) ;
#3083 = DIRECTION ( 'NONE',  ( -1.000000000000000000, 7.885106708985486076E-16, 0.000000000000000000 ) ) ;
#3084 = ORIENTED_EDGE ( 'NONE', *, *, #1749, .F. ) ;
#3085 = EDGE_CURVE ( 'NONE', #1370, #943, #806, .T. ) ;
#3086 = CARTESIAN_POINT ( 'NONE',  ( -22.48999999999999488, 11.09999999999999964, -20.25000000000000000 ) ) ;
#3087 = DIRECTION ( 'NONE',  ( 0.000000000000000000, 0.000000000000000000, -1.000000000000000000 ) ) ;
#3088 = CARTESIAN_POINT ( 'NONE',  ( 33.50000000000000000, 1.600000000000000089, -18.50000000000000355 ) ) ;
#3089 = EDGE_CURVE ( 'NONE', #3146, #4862, #3070, .T. ) ;
#3090 = ORIENTED_EDGE ( 'NONE', *, *, #1897, .F. ) ;
#3091 = DIRECTION ( 'NONE',  ( -1.000000000000000000, 0.000000000000000000, -0.000000000000000000 ) ) ;
#3092 = DIRECTION ( 'NONE',  ( 1.000000000000000000, -0.000000000000000000, -0.000000000000000000 ) ) ;
#3093 = ORIENTED_EDGE ( 'NONE', *, *, #741, .F. ) ;
#3094 = CARTESIAN_POINT ( 'NONE',  ( -8.249999999999992895, 11.09999999999999964, 19.25000000000000000 ) ) ;
#3095 = ADVANCED_FACE ( 'NONE', ( #2699 ), #601, .T. ) ;
#3096 = ORIENTED_EDGE ( 'NONE', *, *, #1887, .T. ) ;
#3097 = CARTESIAN_POINT ( 'NONE',  ( 21.75000000000000000, 1.600000000000000089, 10.50000000000000000 ) ) ;
#3098 = CARTESIAN_POINT ( 'NONE',  ( -18.40999999999999659, 11.09999999999999964, 20.25000000000000000 ) ) ;
#3099 = VERTEX_POINT ( 'NONE', #3097 ) ;
#3100 = AXIS2_PLACEMENT_3D ( 'NONE', #1673, #3293, #4909 ) ;
#3101 = CARTESIAN_POINT ( 'NONE',  ( -13.32999999999999474, 11.09999999999999964, -20.25000000000000000 ) ) ;
#3102 = EDGE_CURVE ( 'NONE', #2969, #2126, #2274, .T. ) ;
#3103 = DIRECTION ( 'NONE',  ( 0.000000000000000000, 1.000000000000000000, 0.000000000000000000 ) ) ;
#3104 = DIRECTION ( 'NONE',  ( -0.000000000000000000, -1.000000000000000000, -0.000000000000000000 ) ) ;
#3105 = ORIENTED_EDGE ( 'NONE', *, *, #3353, .F. ) ;
#3106 = CARTESIAN_POINT ( 'NONE',  ( -14.86999999999999389, 11.09999999999999964, -19.25000000000000000 ) ) ;
#3107 = CARTESIAN_POINT ( 'NONE',  ( -24.39999999999999147, 11.09999999999999964, -20.90000000000000213 ) ) ;
#3108 = ORIENTED_EDGE ( 'NONE', *, *, #4968, .T. ) ;
#3109 = EDGE_CURVE ( 'NONE', #2882, #187, #3019, .T. ) ;
#3110 = FACE_OUTER_BOUND ( 'NONE', #4676, .T. ) ;
#3111 = DIRECTION ( 'NONE',  ( 1.000000000000000000, -0.000000000000000000, 0.000000000000000000 ) ) ;
#3112 = CARTESIAN_POINT ( 'NONE',  ( -8.249999999999992895, 11.09999999999999964, -20.25000000000000000 ) ) ;
#3113 = EDGE_LOOP ( 'NONE', ( #162, #3475, #5079, #4047 ) ) ;
#3114 = VECTOR ( 'NONE', #2101, 1000.000000000000000 ) ;
#3115 = EDGE_CURVE ( 'NONE', #1391, #5183, #4322, .T. ) ;
#3116 = AXIS2_PLACEMENT_3D ( 'NONE', #728, #411, #4879 ) ;
#3117 = LINE ( 'NONE', #3226, #370 ) ;
#3118 = LINE ( 'NONE', #3839, #1168 ) ;
#3119 = ORIENTED_EDGE ( 'NONE', *, *, #414, .F. ) ;
#3120 = LINE ( 'NONE', #1505, #1182 ) ;
#3121 = EDGE_LOOP ( 'NONE', ( #5227, #200, #287, #606 ) ) ;
#3122 = DIRECTION ( 'NONE',  ( 0.000000000000000000, 0.000000000000000000, -1.000000000000000000 ) ) ;
#3123 = FACE_BOUND ( 'NONE', #3502, .T. ) ;
#3124 = EDGE_LOOP ( 'NONE', ( #2010, #3995, #3276, #4192, #3947, #2225, #2425, #5103 ) ) ;
#3125 = LINE ( 'NONE', #1159, #872 ) ;
#3126 = FACE_OUTER_BOUND ( 'NONE', #4457, .T. ) ;
#3127 = VECTOR ( 'NONE', #3257, 1000.000000000000000 ) ;
#3128 = LINE ( 'NONE', #4720, #3152 ) ;
#3129 = ORIENTED_EDGE ( 'NONE', *, *, #65, .T. ) ;
#3130 = FACE_OUTER_BOUND ( 'NONE', #5141, .T. ) ;
#3131 = AXIS2_PLACEMENT_3D ( 'NONE', #1891, #4809, #4361 ) ;
#3132 = DIRECTION ( 'NONE',  ( 0.000000000000000000, 0.000000000000000000, -1.000000000000000000 ) ) ;
#3133 = ORIENTED_EDGE ( 'NONE', *, *, #155, .T. ) ;
#3134 = VECTOR ( 'NONE', #5056, 1000.000000000000000 ) ;
#3135 = CARTESIAN_POINT ( 'NONE',  ( -3.169999999999992379, 11.09999999999999964, 19.25000000000000000 ) ) ;
#3136 = LINE ( 'NONE', #3190, #4321 ) ;
#3137 = DIRECTION ( 'NONE',  ( 1.000000000000000000, 0.000000000000000000, 0.000000000000000000 ) ) ;
#3138 = EDGE_CURVE ( 'NONE', #2895, #1780, #1877, .T. ) ;
#3139 = ORIENTED_EDGE ( 'NONE', *, *, #2633, .T. ) ;
#3140 = CIRCLE ( 'NONE', #5181, 2.000000000000001776 ) ;
#3141 = CARTESIAN_POINT ( 'NONE',  ( 4.450000000000009948, 11.09999999999999964, 20.25000000000000000 ) ) ;
#3142 = CARTESIAN_POINT ( 'NONE',  ( -24.39999999999999147, 1.600000000000000089, -18.60000000000000142 ) ) ;
#3143 = VERTEX_POINT ( 'NONE', #1827 ) ;
#3144 = CARTESIAN_POINT ( 'NONE',  ( 29.90000000000000568, -4.400000000000000355, 6.250000000000000000 ) ) ;
#3145 = EDGE_CURVE ( 'NONE', #747, #1908, #1000, .T. ) ;
#3146 = VERTEX_POINT ( 'NONE', #3446 ) ;
#3147 = EDGE_CURVE ( 'NONE', #4090, #3171, #5064, .T. ) ;
#3148 = FACE_OUTER_BOUND ( 'NONE', #2857, .T. ) ;
#3149 = DIRECTION ( 'NONE',  ( 0.000000000000000000, 0.000000000000000000, -1.000000000000000000 ) ) ;
#3150 = ORIENTED_EDGE ( 'NONE', *, *, #2439, .T. ) ;
#3151 = LINE ( 'NONE', #1590, #4269 ) ;
#3152 = VECTOR ( 'NONE', #1957, 1000.000000000000000 ) ;
#3153 = DIRECTION ( 'NONE',  ( 1.000000000000000000, 0.000000000000000000, 0.000000000000000000 ) ) ;
#3154 = DIRECTION ( 'NONE',  ( 0.000000000000000000, -0.000000000000000000, -1.000000000000000000 ) ) ;
#3155 = VERTEX_POINT ( 'NONE', #1430 ) ;
#3156 = CARTESIAN_POINT ( 'NONE',  ( 0.000000000000000000, 1.600000000000000089, 0.000000000000000000 ) ) ;
#3157 = VECTOR ( 'NONE', #1226, 1000.000000000000000 ) ;
#3158 = CARTESIAN_POINT ( 'NONE',  ( -13.32999999999999474, 11.09999999999999964, 19.25000000000000000 ) ) ;
#3159 = EDGE_LOOP ( 'NONE', ( #4595, #2995, #4012, #5189 ) ) ;
#3160 = ADVANCED_FACE ( 'NONE', ( #2246 ), #4640, .T. ) ;
#3161 = VECTOR ( 'NONE', #3180, 1000.000000000000000 ) ;
#3162 = LINE ( 'NONE', #742, #3069 ) ;
#3163 = DIRECTION ( 'NONE',  ( -0.000000000000000000, -1.000000000000000000, -0.000000000000000000 ) ) ;
#3164 = DIRECTION ( 'NONE',  ( -0.000000000000000000, -0.000000000000000000, 1.000000000000000000 ) ) ;
#3165 = VECTOR ( 'NONE', #1063, 1000.000000000000000 ) ;
#3166 = DIRECTION ( 'NONE',  ( 0.000000000000000000, 0.000000000000000000, 1.000000000000000000 ) ) ;
#3167 = ORIENTED_EDGE ( 'NONE', *, *, #1875, .F. ) ;
#3168 = VECTOR ( 'NONE', #1635, 1000.000000000000000 ) ;
#3169 = CARTESIAN_POINT ( 'NONE',  ( -33.49999999999998579, 0.000000000000000000, -16.50000000000000000 ) ) ;
#3170 = FACE_OUTER_BOUND ( 'NONE', #3754, .T. ) ;
#3171 = VERTEX_POINT ( 'NONE', #177 ) ;
#3172 = CARTESIAN_POINT ( 'NONE',  ( 33.50000000000000000, 1.600000000000000089, 18.49999999999999289 ) ) ;
#3173 = EDGE_LOOP ( 'NONE', ( #24, #3830, #419, #3642 ) ) ;
#3174 = ORIENTED_EDGE ( 'NONE', *, *, #1035, .F. ) ;
#3175 = ADVANCED_FACE ( 'NONE', ( #4690 ), #1025, .T. ) ;
#3176 = CARTESIAN_POINT ( 'NONE',  ( 0.000000000000000000, -4.400000000000000355, -6.250000000000000000 ) ) ;
#3177 = CARTESIAN_POINT ( 'NONE',  ( 21.75000000000000000, 0.000000000000000000, -10.50000000000000000 ) ) ;
#3178 = EDGE_LOOP ( 'NONE', ( #3167, #4769, #813, #1541 ) ) ;
#3179 = EDGE_CURVE ( 'NONE', #688, #3350, #1054, .T. ) ;
#3180 = DIRECTION ( 'NONE',  ( -1.000000000000000000, -0.000000000000000000, -0.000000000000000000 ) ) ;
#3181 = LINE ( 'NONE', #4745, #697 ) ;
#3182 = EDGE_CURVE ( 'NONE', #2780, #1282, #5040, .T. ) ;
#3183 = DIRECTION ( 'NONE',  ( 0.000000000000000000, 0.000000000000000000, 1.000000000000000000 ) ) ;
#3184 = EDGE_LOOP ( 'NONE', ( #2012, #4087, #1707, #395 ) ) ;
#3185 = AXIS2_PLACEMENT_3D ( 'NONE', #4408, #764, #1859 ) ;
#3186 = DIRECTION ( 'NONE',  ( 0.000000000000000000, -0.000000000000000000, -1.000000000000000000 ) ) ;
#3187 = DIRECTION ( 'NONE',  ( -0.000000000000000000, -1.000000000000000000, -0.000000000000000000 ) ) ;
#3188 = ORIENTED_EDGE ( 'NONE', *, *, #3179, .T. ) ;
#3189 = DIRECTION ( 'NONE',  ( -0.000000000000000000, -1.000000000000000000, -0.000000000000000000 ) ) ;
#3190 = CARTESIAN_POINT ( 'NONE',  ( -18.40999999999999659, 11.09999999999999964, -20.25000000000000000 ) ) ;
#3191 = LINE ( 'NONE', #692, #4223 ) ;
#3192 = FACE_OUTER_BOUND ( 'NONE', #4193, .T. ) ;
#3193 = EDGE_LOOP ( 'NONE', ( #1369, #1607, #1583, #1680 ) ) ;
#3194 = DIRECTION ( 'NONE',  ( -1.000000000000000000, 0.000000000000000000, 0.000000000000000000 ) ) ;
#3195 = DIRECTION ( 'NONE',  ( 1.000000000000000000, 0.000000000000000000, 0.000000000000000000 ) ) ;
#3196 = EDGE_CURVE ( 'NONE', #1700, #187, #229, .T. ) ;
#3197 = DIRECTION ( 'NONE',  ( 0.000000000000000000, 1.000000000000000000, 0.000000000000000000 ) ) ;
#3198 = VECTOR ( 'NONE', #1465, 1000.000000000000000 ) ;
#3199 = ORIENTED_EDGE ( 'NONE', *, *, #4318, .T. ) ;
#3200 = EDGE_LOOP ( 'NONE', ( #3808, #3108, #3236, #3363 ) ) ;
#3201 = PLANE ( 'NONE',  #247 ) ;
#3202 = DIRECTION ( 'NONE',  ( -1.000000000000000000, 0.000000000000000000, -0.000000000000000000 ) ) ;
#3203 = VERTEX_POINT ( 'NONE', #3420 ) ;
#3204 = AXIS2_PLACEMENT_3D ( 'NONE', #41, #69, #1317 ) ;
#3205 = AXIS2_PLACEMENT_3D ( 'NONE', #3461, #5028, #4336 ) ;
#3206 = ORIENTED_EDGE ( 'NONE', *, *, #3312, .F. ) ;
#3207 = DIRECTION ( 'NONE',  ( -0.000000000000000000, -0.000000000000000000, 1.000000000000000000 ) ) ;
#3208 = EDGE_CURVE ( 'NONE', #1697, #655, #2671, .T. ) ;
#3209 = ORIENTED_EDGE ( 'NONE', *, *, #1116, .T. ) ;
#3210 = CARTESIAN_POINT ( 'NONE',  ( -20.94999999999999574, 11.09999999999999964, 19.25000000000000000 ) ) ;
#3211 = ORIENTED_EDGE ( 'NONE', *, *, #479, .F. ) ;
#3212 = CARTESIAN_POINT ( 'NONE',  ( 32.40000000000000568, -5.200000000000001066, 5.549999999999998934 ) ) ;
#3213 = DIRECTION ( 'NONE',  ( 0.000000000000000000, 0.000000000000000000, -1.000000000000000000 ) ) ;
#3214 = EDGE_CURVE ( 'NONE', #2390, #2456, #652, .T. ) ;
#3215 = ORIENTED_EDGE ( 'NONE', *, *, #1192, .T. ) ;
#3216 = VERTEX_POINT ( 'NONE', #1403 ) ;
#3217 = CARTESIAN_POINT ( 'NONE',  ( -17.40999999999999659, 11.09999999999999964, 20.25000000000000000 ) ) ;
#3218 = ADVANCED_FACE ( 'NONE', ( #973 ), #2596, .T. ) ;
#3219 = CARTESIAN_POINT ( 'NONE',  ( -24.39999999999999147, 11.09999999999999964, 18.60000000000000142 ) ) ;
#3220 = CIRCLE ( 'NONE', #925, 2.000000000000001776 ) ;
#3221 = DIRECTION ( 'NONE',  ( 0.000000000000000000, -1.000000000000000000, 0.000000000000000000 ) ) ;
#3222 = AXIS2_PLACEMENT_3D ( 'NONE', #3040, #4713, #1874 ) ;
#3223 = AXIS2_PLACEMENT_3D ( 'NONE', #4849, #387, #4821 ) ;
#3224 = CARTESIAN_POINT ( 'NONE',  ( -23.48999999999999844, 11.09999999999999964, -19.25000000000000000 ) ) ;
#3225 = VERTEX_POINT ( 'NONE', #1156 ) ;
#3226 = CARTESIAN_POINT ( 'NONE',  ( 8.900000000000005684, 11.09999999999999964, 18.60000000000000142 ) ) ;
#3227 = PLANE ( 'NONE',  #1951 ) ;
#3228 = DIRECTION ( 'NONE',  ( -1.000000000000000000, -0.000000000000000000, -0.000000000000000000 ) ) ;
#3229 = EDGE_LOOP ( 'NONE', ( #1321, #3691, #4717, #1344 ) ) ;
#3230 = ORIENTED_EDGE ( 'NONE', *, *, #2078, .T. ) ;
#3231 = ADVANCED_FACE ( 'NONE', ( #4397 ), #2326, .F. ) ;
#3232 = VECTOR ( 'NONE', #2211, 1000.000000000000000 ) ;
#3233 = LINE ( 'NONE', #3603, #2545 ) ;
#3234 = FACE_OUTER_BOUND ( 'NONE', #1944, .T. ) ;
#3235 = ORIENTED_EDGE ( 'NONE', *, *, #1460, .F. ) ;
#3236 = ORIENTED_EDGE ( 'NONE', *, *, #2858, .F. ) ;
#3237 = ORIENTED_EDGE ( 'NONE', *, *, #1690, .F. ) ;
#3238 = LINE ( 'NONE', #4801, #3918 ) ;
#3239 = ORIENTED_EDGE ( 'NONE', *, *, #2078, .F. ) ;
#3240 = LINE ( 'NONE', #2838, #1407 ) ;
#3241 = LINE ( 'NONE', #318, #2994 ) ;
#3242 = VERTEX_POINT ( 'NONE', #703 ) ;
#3243 = ORIENTED_EDGE ( 'NONE', *, *, #4385, .F. ) ;
#3244 = VECTOR ( 'NONE', #4089, 1000.000000000000000 ) ;
#3245 = LINE ( 'NONE', #822, #4682 ) ;
#3246 = EDGE_CURVE ( 'NONE', #2378, #816, #3233, .T. ) ;
#3247 = VECTOR ( 'NONE', #689, 1000.000000000000000 ) ;
#3248 = CARTESIAN_POINT ( 'NONE',  ( -8.249999999999992895, 1.600000000000000089, 20.25000000000000000 ) ) ;
#3249 = DIRECTION ( 'NONE',  ( -1.000000000000000000, 0.000000000000000000, -0.000000000000000000 ) ) ;
#3250 = ORIENTED_EDGE ( 'NONE', *, *, #3214, .F. ) ;
#3251 = EDGE_CURVE ( 'NONE', #706, #3650, #4794, .T. ) ;
#3252 = VECTOR ( 'NONE', #1679, 1000.000000000000000 ) ;
#3253 = EDGE_CURVE ( 'NONE', #5220, #1666, #809, .T. ) ;
#3254 = FACE_OUTER_BOUND ( 'NONE', #3970, .T. ) ;
#3255 = DIRECTION ( 'NONE',  ( -0.000000000000000000, -1.000000000000000000, -0.000000000000000000 ) ) ;
#3256 = VECTOR ( 'NONE', #1121, 1000.000000000000000 ) ;
#3257 = DIRECTION ( 'NONE',  ( 1.000000000000000000, 0.000000000000000000, 0.000000000000000000 ) ) ;
#3258 = ORIENTED_EDGE ( 'NONE', *, *, #1698, .T. ) ;
#3259 = VECTOR ( 'NONE', #1472, 1000.000000000000000 ) ;
#3260 = ORIENTED_EDGE ( 'NONE', *, *, #4024, .F. ) ;
#3261 = DIRECTION ( 'NONE',  ( -0.000000000000000000, -1.000000000000000000, -0.000000000000000000 ) ) ;
#3262 = CARTESIAN_POINT ( 'NONE',  ( 6.990000000000009983, 1.600000000000000089, 19.25000000000000000 ) ) ;
#3263 = ORIENTED_EDGE ( 'NONE', *, *, #115, .F. ) ;
#3264 = ORIENTED_EDGE ( 'NONE', *, *, #2930, .T. ) ;
#3265 = ORIENTED_EDGE ( 'NONE', *, *, #2366, .T. ) ;
#3266 = CARTESIAN_POINT ( 'NONE',  ( -4.709999999999991971, 1.600000000000000089, 20.25000000000000000 ) ) ;
#3267 = VERTEX_POINT ( 'NONE', #782 ) ;
#3268 = CARTESIAN_POINT ( 'NONE',  ( -13.32999999999999474, 11.09999999999999964, -20.25000000000000000 ) ) ;
#3269 = EDGE_CURVE ( 'NONE', #4343, #1784, #1185, .T. ) ;
#3270 = DIRECTION ( 'NONE',  ( -0.000000000000000000, -0.000000000000000000, 1.000000000000000000 ) ) ;
#3271 = ORIENTED_EDGE ( 'NONE', *, *, #2141, .T. ) ;
#3272 = ORIENTED_EDGE ( 'NONE', *, *, #1446, .T. ) ;
#3273 = CARTESIAN_POINT ( 'NONE',  ( 1.910000000000009024, 1.600000000000000089, 19.25000000000000000 ) ) ;
#3274 = DIRECTION ( 'NONE',  ( -1.734723475976805517E-15, 0.000000000000000000, 1.000000000000000000 ) ) ;
#3275 = CARTESIAN_POINT ( 'NONE',  ( -22.48999999999999488, 11.09999999999999964, 19.25000000000000000 ) ) ;
#3276 = ORIENTED_EDGE ( 'NONE', *, *, #3956, .T. ) ;
#3277 = EDGE_CURVE ( 'NONE', #2390, #3146, #727, .T. ) ;
#3278 = CARTESIAN_POINT ( 'NONE',  ( -0.6299999999999916778, 11.09999999999999964, -19.25000000000000000 ) ) ;
#3279 = VECTOR ( 'NONE', #1609, 1000.000000000000000 ) ;
#3280 = LINE ( 'NONE', #2133, #1872 ) ;
#3281 = DIRECTION ( 'NONE',  ( -0.000000000000000000, -0.000000000000000000, -1.000000000000000000 ) ) ;
#3282 = ORIENTED_EDGE ( 'NONE', *, *, #1094, .F. ) ;
#3283 = ADVANCED_FACE ( 'NONE', ( #4371 ), #3201, .T. ) ;
#3284 = EDGE_LOOP ( 'NONE', ( #767, #926, #4206, #4402 ) ) ;
#3285 = VECTOR ( 'NONE', #575, 1000.000000000000000 ) ;
#3286 = CARTESIAN_POINT ( 'NONE',  ( -10.78999999999999382, 1.600000000000000089, -20.25000000000000000 ) ) ;
#3287 = CARTESIAN_POINT ( 'NONE',  ( 4.450000000000009948, 11.09999999999999964, -20.25000000000000000 ) ) ;
#3288 = ADVANCED_FACE ( 'NONE', ( #4346 ), #4454, .T. ) ;
#3289 = ORIENTED_EDGE ( 'NONE', *, *, #327, .T. ) ;
#3290 = ORIENTED_EDGE ( 'NONE', *, *, #4920, .T. ) ;
#3291 = AXIS2_PLACEMENT_3D ( 'NONE', #3088, #4705, #2341 ) ;
#3292 = ORIENTED_EDGE ( 'NONE', *, *, #1601, .F. ) ;
#3293 = DIRECTION ( 'NONE',  ( -1.000000000000000000, 0.000000000000000000, 0.000000000000000000 ) ) ;
#3294 = VECTOR ( 'NONE', #3092, 1000.000000000000000 ) ;
#3295 = CARTESIAN_POINT ( 'NONE',  ( -0.6299999999999916778, 11.09999999999999964, -20.25000000000000000 ) ) ;
#3296 = ORIENTED_EDGE ( 'NONE', *, *, #3818, .F. ) ;
#3297 = CARTESIAN_POINT ( 'NONE',  ( -23.48999999999999844, 1.600000000000000089, 20.25000000000000000 ) ) ;
#3298 = LINE ( 'NONE', #2949, #3671 ) ;
#3299 = ORIENTED_EDGE ( 'NONE', *, *, #1468, .T. ) ;
#3300 = CARTESIAN_POINT ( 'NONE',  ( -20.94999999999999574, 11.09999999999999964, -20.25000000000000000 ) ) ;
#3301 = FACE_OUTER_BOUND ( 'NONE', #3367, .T. ) ;
#3302 = DIRECTION ( 'NONE',  ( -0.000000000000000000, -1.000000000000000000, -0.000000000000000000 ) ) ;
#3303 = ORIENTED_EDGE ( 'NONE', *, *, #4148, .T. ) ;
#3304 = LINE ( 'NONE', #2905, #623 ) ;
#3305 = DIRECTION ( 'NONE',  ( 1.000000000000000000, 0.000000000000000000, 0.000000000000000000 ) ) ;
#3306 = VECTOR ( 'NONE', #565, 1000.000000000000000 ) ;
#3307 = EDGE_CURVE ( 'NONE', #4373, #1758, #2802, .T. ) ;
#3308 = DIRECTION ( 'NONE',  ( 0.000000000000000000, 0.000000000000000000, 1.000000000000000000 ) ) ;
#3309 = VERTEX_POINT ( 'NONE', #1561 ) ;
#3310 = FACE_OUTER_BOUND ( 'NONE', #125, .T. ) ;
#3311 = FACE_OUTER_BOUND ( 'NONE', #2065, .T. ) ;
#3312 = EDGE_CURVE ( 'NONE', #87, #4626, #2007, .T. ) ;
#3313 = CARTESIAN_POINT ( 'NONE',  ( -15.86999999999999567, 1.600000000000000089, -20.25000000000000000 ) ) ;
#3314 = ADVANCED_FACE ( 'NONE', ( #4056 ), #2750, .T. ) ;
#3315 = ORIENTED_EDGE ( 'NONE', *, *, #3353, .T. ) ;
#3316 = ORIENTED_EDGE ( 'NONE', *, *, #674, .T. ) ;
#3317 = AXIS2_PLACEMENT_3D ( 'NONE', #4691, #1151, #1851 ) ;
#3318 = ADVANCED_FACE ( 'NONE', ( #1616 ), #1535, .T. ) ;
#3319 = VERTEX_POINT ( 'NONE', #3657 ) ;
#3320 = LINE ( 'NONE', #1348, #2250 ) ;
#3321 = DIRECTION ( 'NONE',  ( 0.000000000000000000, 0.000000000000000000, 1.000000000000000000 ) ) ;
#3322 = FACE_OUTER_BOUND ( 'NONE', #2799, .T. ) ;
#3323 = EDGE_CURVE ( 'NONE', #1854, #2117, #334, .T. ) ;
#3324 = ORIENTED_EDGE ( 'NONE', *, *, #1384, .T. ) ;
#3325 = CARTESIAN_POINT ( 'NONE',  ( 37.50000000000000711, 1.600000000000000089, 22.49999999999999645 ) ) ;
#3326 = LINE ( 'NONE', #1653, #278 ) ;
#3327 = ORIENTED_EDGE ( 'NONE', *, *, #4191, .T. ) ;
#3328 = SURFACE_STYLE_FILL_AREA ( #2100 ) ;
#3329 = DIRECTION ( 'NONE',  ( 0.000000000000000000, -1.000000000000000000, 0.000000000000000000 ) ) ;
#3330 = DIRECTION ( 'NONE',  ( -1.000000000000000000, 0.000000000000000000, 0.000000000000000000 ) ) ;
#3331 = EDGE_LOOP ( 'NONE', ( #1232, #800, #350, #3584 ) ) ;
#3332 = EDGE_CURVE ( 'NONE', #3650, #11, #3577, .T. ) ;
#3333 = VECTOR ( 'NONE', #4333, 1000.000000000000000 ) ;
#3334 = LINE ( 'NONE', #4578, #2234 ) ;
#3335 = DIRECTION ( 'NONE',  ( -0.000000000000000000, 0.000000000000000000, -1.000000000000000000 ) ) ;
#3336 = DIRECTION ( 'NONE',  ( 0.000000000000000000, 0.000000000000000000, -1.000000000000000000 ) ) ;
#3337 = VECTOR ( 'NONE', #4940, 1000.000000000000000 ) ;
#3338 = ORIENTED_EDGE ( 'NONE', *, *, #1167, .T. ) ;
#3339 = VECTOR ( 'NONE', #4046, 1000.000000000000000 ) ;
#3340 = FACE_OUTER_BOUND ( 'NONE', #2409, .T. ) ;
#3341 = LINE ( 'NONE', #4904, #2778 ) ;
#3342 = ORIENTED_EDGE ( 'NONE', *, *, #1034, .F. ) ;
#3343 = ORIENTED_EDGE ( 'NONE', *, *, #2160, .T. ) ;
#3344 = ADVANCED_FACE ( 'NONE', ( #3148 ), #4766, .T. ) ;
#3345 = VERTEX_POINT ( 'NONE', #889 ) ;
#3346 = VECTOR ( 'NONE', #5007, 1000.000000000000000 ) ;
#3347 = LINE ( 'NONE', #4511, #3361 ) ;
#3348 = DIRECTION ( 'NONE',  ( 0.000000000000000000, 1.000000000000000000, 0.000000000000000000 ) ) ;
#3349 = FACE_BOUND ( 'NONE', #296, .T. ) ;
#3350 = VERTEX_POINT ( 'NONE', #3286 ) ;
#3351 = CARTESIAN_POINT ( 'NONE',  ( -22.48999999999999488, 1.600000000000000089, 20.25000000000000000 ) ) ;
#3352 = LINE ( 'NONE', #23, #189 ) ;
#3353 = EDGE_CURVE ( 'NONE', #788, #4222, #2513, .T. ) ;
#3354 = ORIENTED_EDGE ( 'NONE', *, *, #723, .T. ) ;
#3355 = PLANE ( 'NONE',  #4763 ) ;
#3356 = DIRECTION ( 'NONE',  ( 1.000000000000000000, 0.000000000000000000, 0.000000000000000000 ) ) ;
#3357 = CARTESIAN_POINT ( 'NONE',  ( 5.450000000000009948, 11.09999999999999964, -19.25000000000000000 ) ) ;
#3358 = ORIENTED_EDGE ( 'NONE', *, *, #228, .F. ) ;
#3359 = LINE ( 'NONE', #1258, #880 ) ;
#3360 = DIRECTION ( 'NONE',  ( 0.000000000000000000, 0.000000000000000000, 1.000000000000000000 ) ) ;
#3361 = VECTOR ( 'NONE', #4142, 1000.000000000000000 ) ;
#3362 = CARTESIAN_POINT ( 'NONE',  ( 33.50000000000000000, 1.600000000000000089, -20.50000000000000355 ) ) ;
#3363 = ORIENTED_EDGE ( 'NONE', *, *, #3036, .F. ) ;
#3364 = DIRECTION ( 'NONE',  ( -0.000000000000000000, -1.000000000000000000, -0.000000000000000000 ) ) ;
#3365 = EDGE_CURVE ( 'NONE', #932, #4373, #1289, .T. ) ;
#3366 = DIRECTION ( 'NONE',  ( 0.000000000000000000, -0.000000000000000000, -1.000000000000000000 ) ) ;
#3367 = EDGE_LOOP ( 'NONE', ( #2442, #3790, #1799, #3096 ) ) ;
#3368 = EDGE_LOOP ( 'NONE', ( #2940, #81, #4980, #5260 ) ) ;
#3369 = ORIENTED_EDGE ( 'NONE', *, *, #1656, .T. ) ;
#3370 = DIRECTION ( 'NONE',  ( 0.000000000000000000, 0.000000000000000000, 1.000000000000000000 ) ) ;
#3371 = CARTESIAN_POINT ( 'NONE',  ( -14.86999999999999389, 1.600000000000000089, 20.25000000000000000 ) ) ;
#3372 = CARTESIAN_POINT ( 'NONE',  ( -37.49999999999999289, 4.750000000000000000, -4.400000000000000355 ) ) ;
#3373 = ORIENTED_EDGE ( 'NONE', *, *, #3801, .T. ) ;
#3374 = EDGE_CURVE ( 'NONE', #2835, #1551, #4164, .T. ) ;
#3375 = AXIS2_PLACEMENT_3D ( 'NONE', #662, #3510, #712 ) ;
#3376 = CARTESIAN_POINT ( 'NONE',  ( -0.6299999999999916778, 11.09999999999999964, 20.25000000000000000 ) ) ;
#3377 = CARTESIAN_POINT ( 'NONE',  ( -22.48999999999999488, 11.09999999999999964, -20.25000000000000000 ) ) ;
#3378 = CARTESIAN_POINT ( 'NONE',  ( -20.94999999999999574, 11.09999999999999964, -19.25000000000000000 ) ) ;
#3379 = CARTESIAN_POINT ( 'NONE',  ( 0.000000000000000000, 1.600000000000000089, 0.000000000000000000 ) ) ;
#3380 = EDGE_CURVE ( 'NONE', #5196, #3872, #494, .T. ) ;
#3381 = DIRECTION ( 'NONE',  ( -1.000000000000000000, 0.000000000000000000, 1.734723475976805517E-15 ) ) ;
#3382 = ORIENTED_EDGE ( 'NONE', *, *, #1592, .F. ) ;
#3383 = EDGE_CURVE ( 'NONE', #423, #2698, #3737, .T. ) ;
#3384 = LINE ( 'NONE', #2259, #285 ) ;
#3385 = LINE ( 'NONE', #217, #4590 ) ;
#3386 = DIRECTION ( 'NONE',  ( 1.000000000000000000, 0.000000000000000000, 0.000000000000000000 ) ) ;
#3387 = ORIENTED_EDGE ( 'NONE', *, *, #3512, .F. ) ;
#3388 = PLANE ( 'NONE',  #2711 ) ;
#3389 = CARTESIAN_POINT ( 'NONE',  ( -17.40999999999999659, 1.600000000000000089, -20.25000000000000000 ) ) ;
#3390 = ORIENTED_EDGE ( 'NONE', *, *, #1757, .F. ) ;
#3391 = VECTOR ( 'NONE', #4414, 1000.000000000000000 ) ;
#3392 = VERTEX_POINT ( 'NONE', #2486 ) ;
#3393 = VECTOR ( 'NONE', #5224, 1000.000000000000000 ) ;
#3394 = VERTEX_POINT ( 'NONE', #940 ) ;
#3395 = CARTESIAN_POINT ( 'NONE',  ( 1.483314276559880199E-15, -5.900000000000005684, -6.250000000000000000 ) ) ;
#3396 = CARTESIAN_POINT ( 'NONE',  ( -24.39999999999999147, 1.600000000000000089, 18.60000000000000142 ) ) ;
#3397 = DIRECTION ( 'NONE',  ( 0.000000000000000000, 0.000000000000000000, 1.000000000000000000 ) ) ;
#3398 = VERTEX_POINT ( 'NONE', #40 ) ;
#3399 = LINE ( 'NONE', #5016, #617 ) ;
#3400 = ORIENTED_EDGE ( 'NONE', *, *, #163, .F. ) ;
#3401 =( NAMED_UNIT ( * ) PLANE_ANGLE_UNIT ( ) SI_UNIT ( $, .RADIAN. ) );
#3402 = CARTESIAN_POINT ( 'NONE',  ( -10.78999999999999382, 11.09999999999999964, -19.25000000000000000 ) ) ;
#3403 = CARTESIAN_POINT ( 'NONE',  ( 5.450000000000009948, 11.09999999999999964, -20.25000000000000000 ) ) ;
#3404 = EDGE_LOOP ( 'NONE', ( #916, #4481, #5137, #98 ) ) ;
#3405 = EDGE_CURVE ( 'NONE', #3892, #4382, #4112, .T. ) ;
#3406 = LINE ( 'NONE', #1041, #1353 ) ;
#3407 = CARTESIAN_POINT ( 'NONE',  ( 8.900000000000005684, 1.600000000000000089, 18.60000000000000142 ) ) ;
#3408 = CARTESIAN_POINT ( 'NONE',  ( -2.169999999999991491, 11.09999999999999964, -19.25000000000000000 ) ) ;
#3409 = EDGE_CURVE ( 'NONE', #4671, #56, #519, .T. ) ;
#3410 = VERTEX_POINT ( 'NONE', #144 ) ;
#3411 = VECTOR ( 'NONE', #1088, 1000.000000000000000 ) ;
#3412 = ADVANCED_FACE ( 'NONE', ( #2166 ), #2060, .T. ) ;
#3413 = CARTESIAN_POINT ( 'NONE',  ( 37.50000000000000711, -2.699999999999999289, -6.250000000000000000 ) ) ;
#3414 = PLANE ( 'NONE',  #4226 ) ;
#3415 = AXIS2_PLACEMENT_3D ( 'NONE', #3506, #1513, #5204 ) ;
#3416 = ORIENTED_EDGE ( 'NONE', *, *, #1039, .F. ) ;
#3417 = ORIENTED_EDGE ( 'NONE', *, *, #4927, .T. ) ;
#3418 = VECTOR ( 'NONE', #4651, 1000.000000000000000 ) ;
#3419 = ORIENTED_EDGE ( 'NONE', *, *, #665, .T. ) ;
#3420 = CARTESIAN_POINT ( 'NONE',  ( 34.30000000000000426, -2.699999999999999289, -7.450000000000001066 ) ) ;
#3421 = CARTESIAN_POINT ( 'NONE',  ( 5.450000000000009948, 11.09999999999999964, -20.25000000000000000 ) ) ;
#3422 = DIRECTION ( 'NONE',  ( 1.000000000000000000, 0.000000000000000000, 0.000000000000000000 ) ) ;
#3423 = VERTEX_POINT ( 'NONE', #4189 ) ;
#3424 = VECTOR ( 'NONE', #2256, 1000.000000000000000 ) ;
#3425 = LINE ( 'NONE', #3900, #2229 ) ;
#3426 = VECTOR ( 'NONE', #1608, 1000.000000000000000 ) ;
#3427 = PLANE ( 'NONE',  #2399 ) ;
#3428 = CARTESIAN_POINT ( 'NONE',  ( -37.49999999999999289, 1.600000000000000089, 22.49999999999999645 ) ) ;
#3429 = CARTESIAN_POINT ( 'NONE',  ( -10.78999999999999382, 11.09999999999999964, 19.25000000000000000 ) ) ;
#3430 = EDGE_CURVE ( 'NONE', #4451, #2322, #1720, .T. ) ;
#3431 = FACE_OUTER_BOUND ( 'NONE', #1602, .T. ) ;
#3432 = VERTEX_POINT ( 'NONE', #68 ) ;
#3433 = LINE ( 'NONE', #2636, #2789 ) ;
#3434 = LINE ( 'NONE', #4579, #596 ) ;
#3435 = FACE_OUTER_BOUND ( 'NONE', #1506, .T. ) ;
#3436 = ADVANCED_FACE ( 'NONE', ( #3340 ), #545, .T. ) ;
#3437 = ORIENTED_EDGE ( 'NONE', *, *, #4549, .F. ) ;
#3438 = PLANE ( 'NONE',  #1132 ) ;
#3439 = VECTOR ( 'NONE', #107, 1000.000000000000000 ) ;
#3440 = LINE ( 'NONE', #5057, #2610 ) ;
#3441 = ORIENTED_EDGE ( 'NONE', *, *, #3701, .T. ) ;
#3442 = LINE ( 'NONE', #1480, #2453 ) ;
#3443 = EDGE_CURVE ( 'NONE', #543, #3683, #2912, .T. ) ;
#3444 = ORIENTED_EDGE ( 'NONE', *, *, #3818, .T. ) ;
#3445 = EDGE_CURVE ( 'NONE', #5253, #1744, #3684, .T. ) ;
#3446 = CARTESIAN_POINT ( 'NONE',  ( -7.249999999999992895, 1.600000000000000089, 20.25000000000000000 ) ) ;
#3447 = CARTESIAN_POINT ( 'NONE',  ( -0.6299999999999916778, 11.09999999999999964, 20.25000000000000000 ) ) ;
#3448 = DIRECTION ( 'NONE',  ( -0.000000000000000000, 1.000000000000000000, -0.000000000000000000 ) ) ;
#3449 = ORIENTED_EDGE ( 'NONE', *, *, #4975, .F. ) ;
#3450 = FACE_BOUND ( 'NONE', #2440, .T. ) ;
#3451 = ORIENTED_EDGE ( 'NONE', *, *, #322, .F. ) ;
#3452 = CARTESIAN_POINT ( 'NONE',  ( -3.169999999999992379, 11.09999999999999964, -20.25000000000000000 ) ) ;
#3453 = VECTOR ( 'NONE', #1349, 1000.000000000000000 ) ;
#3454 = PLANE ( 'NONE',  #2689 ) ;
#3455 = DIRECTION ( 'NONE',  ( -0.000000000000000000, -1.000000000000000000, -0.000000000000000000 ) ) ;
#3456 = ORIENTED_EDGE ( 'NONE', *, *, #1009, .F. ) ;
#3457 = VECTOR ( 'NONE', #4449, 1000.000000000000000 ) ;
#3458 = FACE_OUTER_BOUND ( 'NONE', #5210, .T. ) ;
#3459 = VECTOR ( 'NONE', #3013, 1000.000000000000000 ) ;
#3460 = LINE ( 'NONE', #3833, #3232 ) ;
#3461 = CARTESIAN_POINT ( 'NONE',  ( 5.450000000000009948, 11.09999999999999964, -20.25000000000000000 ) ) ;
#3462 = ORIENTED_EDGE ( 'NONE', *, *, #5035, .T. ) ;
#3463 = EDGE_CURVE ( 'NONE', #4503, #4090, #4878, .T. ) ;
#3464 = FACE_OUTER_BOUND ( 'NONE', #4232, .T. ) ;
#3465 = PLANE ( 'NONE',  #4647 ) ;
#3466 = ORIENTED_EDGE ( 'NONE', *, *, #804, .F. ) ;
#3467 = FACE_OUTER_BOUND ( 'NONE', #1773, .T. ) ;
#3468 = VERTEX_POINT ( 'NONE', #1695 ) ;
#3469 = EDGE_CURVE ( 'NONE', #3392, #399, #4586, .T. ) ;
#3470 = ADVANCED_FACE ( 'NONE', ( #3311 ), #4557, .T. ) ;
#3471 = VECTOR ( 'NONE', #654, 1000.000000000000000 ) ;
#3472 = CARTESIAN_POINT ( 'NONE',  ( -10.78999999999999382, 11.09999999999999964, -20.25000000000000000 ) ) ;
#3473 = LINE ( 'NONE', #4816, #305 ) ;
#3474 = DIRECTION ( 'NONE',  ( -0.000000000000000000, -1.000000000000000000, -0.000000000000000000 ) ) ;
#3475 = ORIENTED_EDGE ( 'NONE', *, *, #2058, .F. ) ;
#3476 = AXIS2_PLACEMENT_3D ( 'NONE', #1453, #2218, #2244 ) ;
#3477 = AXIS2_PLACEMENT_3D ( 'NONE', #3945, #5251, #3549 ) ;
#3478 = EDGE_CURVE ( 'NONE', #788, #373, #122, .T. ) ;
#3479 = CARTESIAN_POINT ( 'NONE',  ( 0.000000000000000000, 1.600000000000000089, 0.000000000000000000 ) ) ;
#3480 = PLANE ( 'NONE',  #3415 ) ;
#3481 = ADVANCED_FACE ( 'NONE', ( #4981 ), #3388, .T. ) ;
#3482 = CARTESIAN_POINT ( 'NONE',  ( 33.50000000000000000, 1.600000000000000089, -18.50000000000000355 ) ) ;
#3483 = VERTEX_POINT ( 'NONE', #3413 ) ;
#3484 = DIRECTION ( 'NONE',  ( -1.000000000000000000, -0.000000000000000000, -0.000000000000000000 ) ) ;
#3485 = FACE_OUTER_BOUND ( 'NONE', #4847, .T. ) ;
#3486 = ORIENTED_EDGE ( 'NONE', *, *, #713, .F. ) ;
#3487 = AXIS2_PLACEMENT_3D ( 'NONE', #1742, #461, #2906 ) ;
#3488 = CARTESIAN_POINT ( 'NONE',  ( -33.49999999999998579, 1.600000000000000089, -18.50000000000000355 ) ) ;
#3489 = DIRECTION ( 'NONE',  ( 1.000000000000000000, 0.000000000000000000, 0.000000000000000000 ) ) ;
#3490 = CARTESIAN_POINT ( 'NONE',  ( 32.40000000000000568, -5.200000000000001066, 5.549999999999998934 ) ) ;
#3491 = ADVANCED_FACE ( 'NONE', ( #992 ), #2666, .F. ) ;
#3492 = VERTEX_POINT ( 'NONE', #1421 ) ;
#3493 = CARTESIAN_POINT ( 'NONE',  ( 12.59999999999999964, 1.600000000000000089, -10.50000000000000000 ) ) ;
#3494 = LINE ( 'NONE', #568, #3459 ) ;
#3495 = VERTEX_POINT ( 'NONE', #1771 ) ;
#3496 = FACE_OUTER_BOUND ( 'NONE', #3661, .T. ) ;
#3497 = AXIS2_PLACEMENT_3D ( 'NONE', #4485, #2039, #4434 ) ;
#3498 = ORIENTED_EDGE ( 'NONE', *, *, #4509, .F. ) ;
#3499 = VECTOR ( 'NONE', #1630, 1000.000000000000000 ) ;
#3500 = DIRECTION ( 'NONE',  ( 0.000000000000000000, 0.000000000000000000, 1.000000000000000000 ) ) ;
#3501 = CARTESIAN_POINT ( 'NONE',  ( 7.990000000000009095, 11.09999999999999964, 20.25000000000000000 ) ) ;
#3502 = EDGE_LOOP ( 'NONE', ( #1228, #969 ) ) ;
#3503 = FACE_BOUND ( 'NONE', #721, .T. ) ;
#3504 = EDGE_CURVE ( 'NONE', #3392, #629, #170, .T. ) ;
#3505 = VECTOR ( 'NONE', #261, 1000.000000000000000 ) ;
#3506 = CARTESIAN_POINT ( 'NONE',  ( 0.000000000000000000, 1.600000000000000089, 0.000000000000000000 ) ) ;
#3507 = CARTESIAN_POINT ( 'NONE',  ( -24.39999999999999147, 11.09999999999999964, -18.60000000000000142 ) ) ;
#3508 = VECTOR ( 'NONE', #2342, 1000.000000000000000 ) ;
#3509 = EDGE_LOOP ( 'NONE', ( #1448, #945, #1901, #1154 ) ) ;
#3510 = DIRECTION ( 'NONE',  ( 1.000000000000000000, 0.000000000000000000, 0.000000000000000000 ) ) ;
#3511 = LINE ( 'NONE', #1492, #3411 ) ;
#3512 = EDGE_CURVE ( 'NONE', #2903, #2477, #4683, .T. ) ;
#3513 = ORIENTED_EDGE ( 'NONE', *, *, #1052, .T. ) ;
#3514 = CARTESIAN_POINT ( 'NONE',  ( 8.900000000000005684, 11.09999999999999964, 20.90000000000000213 ) ) ;
#3515 = CARTESIAN_POINT ( 'NONE',  ( -5.709999999999992859, 1.600000000000000089, 19.25000000000000000 ) ) ;
#3516 = DIRECTION ( 'NONE',  ( 0.000000000000000000, -1.000000000000000000, 0.000000000000000000 ) ) ;
#3517 = VERTEX_POINT ( 'NONE', #620 ) ;
#3518 = FACE_OUTER_BOUND ( 'NONE', #1899, .T. ) ;
#3519 = DIRECTION ( 'NONE',  ( -0.000000000000000000, -1.000000000000000000, -0.000000000000000000 ) ) ;
#3520 = ORIENTED_EDGE ( 'NONE', *, *, #2198, .F. ) ;
#3521 = PLANE ( 'NONE',  #3476 ) ;
#3522 = ORIENTED_EDGE ( 'NONE', *, *, #778, .T. ) ;
#3523 = CARTESIAN_POINT ( 'NONE',  ( -23.48999999999999844, 11.09999999999999964, -20.25000000000000000 ) ) ;
#3524 = CARTESIAN_POINT ( 'NONE',  ( 0.3700000000000092104, 1.600000000000000089, 20.25000000000000000 ) ) ;
#3525 = ORIENTED_EDGE ( 'NONE', *, *, #1135, .T. ) ;
#3526 = VECTOR ( 'NONE', #4885, 1000.000000000000000 ) ;
#3527 = CARTESIAN_POINT ( 'NONE',  ( -3.169999999999992379, 1.600000000000000089, 19.25000000000000000 ) ) ;
#3528 = CARTESIAN_POINT ( 'NONE',  ( 6.990000000000009983, 1.600000000000000089, -19.25000000000000000 ) ) ;
#3529 = DIRECTION ( 'NONE',  ( -0.000000000000000000, -1.000000000000000000, -0.000000000000000000 ) ) ;
#3530 = EDGE_CURVE ( 'NONE', #3930, #465, #1843, .T. ) ;
#3531 = ORIENTED_EDGE ( 'NONE', *, *, #351, .T. ) ;
#3532 = CARTESIAN_POINT ( 'NONE',  ( 2.910000000000009912, 11.09999999999999964, -19.25000000000000000 ) ) ;
#3533 = CARTESIAN_POINT ( 'NONE',  ( -10.78999999999999382, 1.600000000000000089, 20.25000000000000000 ) ) ;
#3534 = EDGE_LOOP ( 'NONE', ( #5130, #315, #4395, #3963 ) ) ;
#3535 = DIRECTION ( 'NONE',  ( 1.000000000000000000, 0.000000000000000000, 0.000000000000000000 ) ) ;
#3536 = EDGE_CURVE ( 'NONE', #3155, #3007, #5033, .T. ) ;
#3537 = DIRECTION ( 'NONE',  ( -0.000000000000000000, -1.000000000000000000, -0.000000000000000000 ) ) ;
#3538 = LINE ( 'NONE', #1174, #4559 ) ;
#3539 = ORIENTED_EDGE ( 'NONE', *, *, #4048, .T. ) ;
#3540 = VECTOR ( 'NONE', #4152, 1000.000000000000000 ) ;
#3541 = ADVANCED_FACE ( 'NONE', ( #594 ), #3811, .F. ) ;
#3542 = AXIS2_PLACEMENT_3D ( 'NONE', #4427, #1241, #4455 ) ;
#3543 = DIRECTION ( 'NONE',  ( -1.000000000000000000, 0.000000000000000000, -0.000000000000000000 ) ) ;
#3544 = DIRECTION ( 'NONE',  ( 1.734723475976805517E-15, 0.000000000000000000, -1.000000000000000000 ) ) ;
#3545 = VERTEX_POINT ( 'NONE', #1395 ) ;
#3546 = DIRECTION ( 'NONE',  ( -0.000000000000000000, -0.000000000000000000, 1.000000000000000000 ) ) ;
#3547 =( GEOMETRIC_REPRESENTATION_CONTEXT ( 3 ) GLOBAL_UNCERTAINTY_ASSIGNED_CONTEXT ( ( #1013 ) ) GLOBAL_UNIT_ASSIGNED_CONTEXT ( ( #2261, #1417, #3911 ) ) REPRESENTATION_CONTEXT ( 'NONE', 'WORKASPACE' ) );
#3548 = EDGE_LOOP ( 'NONE', ( #4110, #681, #5235, #2245 ) ) ;
#3549 = DIRECTION ( 'NONE',  ( 1.000000000000000000, 0.000000000000000000, -0.000000000000000000 ) ) ;
#3550 = DIRECTION ( 'NONE',  ( 1.000000000000000000, 0.000000000000000000, -1.196361017915039486E-16 ) ) ;
#3551 = ORIENTED_EDGE ( 'NONE', *, *, #2655, .F. ) ;
#3552 = EDGE_CURVE ( 'NONE', #2196, #5264, #3037, .T. ) ;
#3553 = LINE ( 'NONE', #1189, #1302 ) ;
#3554 = DIRECTION ( 'NONE',  ( 0.000000000000000000, 0.000000000000000000, 1.000000000000000000 ) ) ;
#3555 = VECTOR ( 'NONE', #3546, 1000.000000000000000 ) ;
#3556 = CARTESIAN_POINT ( 'NONE',  ( -5.709999999999992859, 11.09999999999999964, -20.25000000000000000 ) ) ;
#3557 = VERTEX_POINT ( 'NONE', #4659 ) ;
#3558 = DIRECTION ( 'NONE',  ( -0.000000000000000000, -1.000000000000000000, -0.000000000000000000 ) ) ;
#3559 = VECTOR ( 'NONE', #2598, 1000.000000000000000 ) ;
#3560 = PLANE ( 'NONE',  #1295 ) ;
#3561 = ORIENTED_EDGE ( 'NONE', *, *, #4320, .F. ) ;
#3562 = VECTOR ( 'NONE', #3819, 1000.000000000000000 ) ;
#3563 = DIRECTION ( 'NONE',  ( 0.000000000000000000, 0.000000000000000000, 1.000000000000000000 ) ) ;
#3564 = DIRECTION ( 'NONE',  ( 0.000000000000000000, 0.000000000000000000, -1.000000000000000000 ) ) ;
#3565 = CARTESIAN_POINT ( 'NONE',  ( 0.000000000000000000, 1.600000000000000089, 0.000000000000000000 ) ) ;
#3566 = DIRECTION ( 'NONE',  ( 0.000000000000000000, 0.000000000000000000, -1.000000000000000000 ) ) ;
#3567 = ORIENTED_EDGE ( 'NONE', *, *, #3735, .F. ) ;
#3568 = VECTOR ( 'NONE', #4895, 1000.000000000000000 ) ;
#3569 = EDGE_CURVE ( 'NONE', #1918, #3432, #3838, .T. ) ;
#3570 = CARTESIAN_POINT ( 'NONE',  ( 6.990000000000009983, 1.600000000000000089, -20.25000000000000000 ) ) ;
#3571 = DIRECTION ( 'NONE',  ( 1.000000000000000000, 0.000000000000000000, -0.000000000000000000 ) ) ;
#3572 = EDGE_CURVE ( 'NONE', #1370, #4026, #3011, .T. ) ;
#3573 = ORIENTED_EDGE ( 'NONE', *, *, #3763, .T. ) ;
#3574 = DIRECTION ( 'NONE',  ( 0.000000000000000000, 0.000000000000000000, -1.000000000000000000 ) ) ;
#3575 = EDGE_CURVE ( 'NONE', #99, #2830, #4213, .T. ) ;
#3576 = ORIENTED_EDGE ( 'NONE', *, *, #3374, .T. ) ;
#3577 = LINE ( 'NONE', #307, #1526 ) ;
#3578 = CARTESIAN_POINT ( 'NONE',  ( 34.30000000000000426, 0.000000000000000000, 6.249999999999998224 ) ) ;
#3579 = ORIENTED_EDGE ( 'NONE', *, *, #4533, .T. ) ;
#3580 = CARTESIAN_POINT ( 'NONE',  ( 37.50000000000000711, -5.200000000000001066, 5.549999999999998934 ) ) ;
#3581 = VECTOR ( 'NONE', #4726, 1000.000000000000000 ) ;
#3582 = PLANE ( 'NONE',  #2312 ) ;
#3583 = DIRECTION ( 'NONE',  ( 0.000000000000000000, 0.000000000000000000, 1.000000000000000000 ) ) ;
#3584 = ORIENTED_EDGE ( 'NONE', *, *, #5088, .T. ) ;
#3585 = CARTESIAN_POINT ( 'NONE',  ( -37.49999999999999289, 1.600000000000000089, 4.400000000000008349 ) ) ;
#3586 = VECTOR ( 'NONE', #5124, 1000.000000000000000 ) ;
#3587 = LINE ( 'NONE', #4834, #3761 ) ;
#3588 = VERTEX_POINT ( 'NONE', #3914 ) ;
#3589 = VECTOR ( 'NONE', #1288, 1000.000000000000000 ) ;
#3590 = ADVANCED_FACE ( 'NONE', ( #198 ), #1821, .T. ) ;
#3591 = PLANE ( 'NONE',  #3837 ) ;
#3592 = CARTESIAN_POINT ( 'NONE',  ( 33.50000000000000000, 1.600000000000000089, 16.49999999999998579 ) ) ;
#3593 = LINE ( 'NONE', #5214, #2183 ) ;
#3594 = CARTESIAN_POINT ( 'NONE',  ( -0.6299999999999916778, 11.09999999999999964, 20.25000000000000000 ) ) ;
#3595 = EDGE_LOOP ( 'NONE', ( #1691, #4911, #573, #1413 ) ) ;
#3596 = AXIS2_PLACEMENT_3D ( 'NONE', #2507, #460, #4526 ) ;
#3597 = DIRECTION ( 'NONE',  ( -0.000000000000000000, -0.000000000000000000, -1.000000000000000000 ) ) ;
#3598 = LINE ( 'NONE', #2769, #3957 ) ;
#3599 = ADVANCED_FACE ( 'NONE', ( #3464 ), #3438, .T. ) ;
#3600 = CARTESIAN_POINT ( 'NONE',  ( -5.709999999999992859, 11.09999999999999964, -19.25000000000000000 ) ) ;
#3601 = ORIENTED_EDGE ( 'NONE', *, *, #4799, .T. ) ;
#3602 = EDGE_LOOP ( 'NONE', ( #2721, #4793, #2104, #4899 ) ) ;
#3603 = CARTESIAN_POINT ( 'NONE',  ( 7.990000000000009095, 1.600000000000000089, 20.25000000000000000 ) ) ;
#3604 = DIRECTION ( 'NONE',  ( -1.000000000000000000, -0.000000000000000000, -0.000000000000000000 ) ) ;
#3605 = EDGE_CURVE ( 'NONE', #597, #3216, #221, .T. ) ;
#3606 = ORIENTED_EDGE ( 'NONE', *, *, #1428, .F. ) ;
#3607 = ORIENTED_EDGE ( 'NONE', *, *, #3014, .F. ) ;
#3608 = LINE ( 'NONE', #2329, #3000 ) ;
#3609 = EDGE_CURVE ( 'NONE', #3636, #1983, #3887, .T. ) ;
#3610 = ORIENTED_EDGE ( 'NONE', *, *, #1270, .F. ) ;
#3611 = DIRECTION ( 'NONE',  ( -0.000000000000000000, -0.000000000000000000, -1.000000000000000000 ) ) ;
#3612 = ORIENTED_EDGE ( 'NONE', *, *, #888, .F. ) ;
#3613 = VECTOR ( 'NONE', #4171, 1000.000000000000000 ) ;
#3614 = DIRECTION ( 'NONE',  ( -0.000000000000000000, -1.000000000000000000, -0.000000000000000000 ) ) ;
#3615 = DIRECTION ( 'NONE',  ( -0.000000000000000000, -1.000000000000000000, -0.000000000000000000 ) ) ;
#3616 = ORIENTED_EDGE ( 'NONE', *, *, #4655, .F. ) ;
#3617 = VERTEX_POINT ( 'NONE', #249 ) ;
#3618 = CARTESIAN_POINT ( 'NONE',  ( -18.40999999999999659, 11.09999999999999964, 20.25000000000000000 ) ) ;
#3619 = DIRECTION ( 'NONE',  ( -0.000000000000000000, -0.000000000000000000, -1.000000000000000000 ) ) ;
#3620 = DIRECTION ( 'NONE',  ( -1.000000000000000000, 0.000000000000000000, -0.000000000000000000 ) ) ;
#3621 = FACE_OUTER_BOUND ( 'NONE', #1046, .T. ) ;
#3622 = ORIENTED_EDGE ( 'NONE', *, *, #2027, .T. ) ;
#3623 = CARTESIAN_POINT ( 'NONE',  ( -30.24999999999999289, 4.750000000000000000, 4.400000000000001243 ) ) ;
#3624 = CARTESIAN_POINT ( 'NONE',  ( 12.59999999999999964, 1.600000000000000089, 10.50000000000000000 ) ) ;
#3625 = DIRECTION ( 'NONE',  ( 1.000000000000000000, 0.000000000000000000, -0.000000000000000000 ) ) ;
#3626 = AXIS2_PLACEMENT_3D ( 'NONE', #2422, #4839, #4917 ) ;
#3627 = EDGE_LOOP ( 'NONE', ( #3073, #4084, #4882, #2020 ) ) ;
#3628 = EDGE_CURVE ( 'NONE', #1666, #3865, #1870, .T. ) ;
#3629 = ORIENTED_EDGE ( 'NONE', *, *, #133, .F. ) ;
#3630 = DIRECTION ( 'NONE',  ( 1.734723475976805517E-15, 0.000000000000000000, -1.000000000000000000 ) ) ;
#3631 = DIRECTION ( 'NONE',  ( 1.000000000000000000, 0.000000000000000000, 0.000000000000000000 ) ) ;
#3632 = VERTEX_POINT ( 'NONE', #3169 ) ;
#3633 = VECTOR ( 'NONE', #1871, 1000.000000000000000 ) ;
#3634 = ORIENTED_EDGE ( 'NONE', *, *, #421, .F. ) ;
#3635 = EDGE_CURVE ( 'NONE', #1924, #423, #2344, .T. ) ;
#3636 = VERTEX_POINT ( 'NONE', #4365 ) ;
#3637 = DIRECTION ( 'NONE',  ( -0.000000000000000000, -0.000000000000000000, 1.000000000000000000 ) ) ;
#3638 = ORIENTED_EDGE ( 'NONE', *, *, #1130, .F. ) ;
#3639 = PLANE ( 'NONE',  #3783 ) ;
#3640 = ADVANCED_FACE ( 'NONE', ( #5164 ), #1553, .T. ) ;
#3641 = PLANE ( 'NONE',  #1382 ) ;
#3642 = ORIENTED_EDGE ( 'NONE', *, *, #160, .T. ) ;
#3643 = ADVANCED_FACE ( 'NONE', ( #2426 ), #4731, .T. ) ;
#3644 = ORIENTED_EDGE ( 'NONE', *, *, #1760, .F. ) ;
#3645 = FACE_OUTER_BOUND ( 'NONE', #2168, .T. ) ;
#3646 = AXIS2_PLACEMENT_3D ( 'NONE', #269, #3937, #3959 ) ;
#3647 = CARTESIAN_POINT ( 'NONE',  ( -7.249999999999992895, 11.09999999999999964, 20.25000000000000000 ) ) ;
#3648 = AXIS2_PLACEMENT_3D ( 'NONE', #1802, #2647, #678 ) ;
#3649 = DIRECTION ( 'NONE',  ( 0.000000000000000000, -0.000000000000000000, -1.000000000000000000 ) ) ;
#3650 = VERTEX_POINT ( 'NONE', #1150 ) ;
#3651 = DIRECTION ( 'NONE',  ( 1.000000000000000000, 0.000000000000000000, 0.000000000000000000 ) ) ;
#3652 = CARTESIAN_POINT ( 'NONE',  ( 7.990000000000009095, 11.09999999999999964, -20.25000000000000000 ) ) ;
#3653 = ADVANCED_FACE ( 'NONE', ( #3991 ), #4815, .T. ) ;
#3654 = CARTESIAN_POINT ( 'NONE',  ( -15.86999999999999567, 11.09999999999999964, -20.25000000000000000 ) ) ;
#3655 = VERTEX_POINT ( 'NONE', #4758 ) ;
#3656 = VERTEX_POINT ( 'NONE', #3623 ) ;
#3657 = CARTESIAN_POINT ( 'NONE',  ( -33.49999999999998579, 1.600000000000000089, 20.49999999999998934 ) ) ;
#3658 = EDGE_CURVE ( 'NONE', #1629, #4101, #2768, .T. ) ;
#3659 = CARTESIAN_POINT ( 'NONE',  ( 0.000000000000000000, 0.000000000000000000, 6.250000000000000000 ) ) ;
#3660 = ORIENTED_EDGE ( 'NONE', *, *, #1592, .T. ) ;
#3661 = EDGE_LOOP ( 'NONE', ( #3616, #4340, #4800, #4041 ) ) ;
#3662 = ORIENTED_EDGE ( 'NONE', *, *, #3, .T. ) ;
#3663 = DIRECTION ( 'NONE',  ( -1.000000000000000000, 0.000000000000000000, 0.000000000000000000 ) ) ;
#3664 = EDGE_LOOP ( 'NONE', ( #3774, #599, #523, #1858, #4985, #811, #264, #3018 ) ) ;
#3665 = CARTESIAN_POINT ( 'NONE',  ( 7.990000000000010871, 1.600000000000000089, -19.25000000000000000 ) ) ;
#3666 = EDGE_CURVE ( 'NONE', #4621, #4503, #352, .T. ) ;
#3667 = FACE_BOUND ( 'NONE', #1061, .T. ) ;
#3668 = ORIENTED_EDGE ( 'NONE', *, *, #3277, .T. ) ;
#3669 = ORIENTED_EDGE ( 'NONE', *, *, #34, .F. ) ;
#3670 = CARTESIAN_POINT ( 'NONE',  ( -30.24999999999999289, 4.750000000000000000, -4.400000000000001243 ) ) ;
#3671 = VECTOR ( 'NONE', #79, 1000.000000000000000 ) ;
#3672 = LINE ( 'NONE', #4, #2860 ) ;
#3673 = ADVANCED_FACE ( 'NONE', ( #3518 ), #2400, .F. ) ;
#3674 = CARTESIAN_POINT ( 'NONE',  ( -9.789999999999993818, 11.09999999999999964, 19.25000000000000000 ) ) ;
#3675 = VERTEX_POINT ( 'NONE', #3570 ) ;
#3676 = VECTOR ( 'NONE', #5234, 1000.000000000000000 ) ;
#3677 = DIRECTION ( 'NONE',  ( -1.000000000000000000, 0.000000000000000000, 0.000000000000000000 ) ) ;
#3678 = CARTESIAN_POINT ( 'NONE',  ( -0.6299999999999916778, 1.600000000000000089, 20.25000000000000000 ) ) ;
#3679 = AXIS2_PLACEMENT_3D ( 'NONE', #4811, #1550, #3649 ) ;
#3680 = DIRECTION ( 'NONE',  ( 1.000000000000000000, 0.000000000000000000, 0.000000000000000000 ) ) ;
#3681 = ORIENTED_EDGE ( 'NONE', *, *, #1052, .F. ) ;
#3682 = VECTOR ( 'NONE', #4208, 1000.000000000000000 ) ;
#3683 = VERTEX_POINT ( 'NONE', #5190 ) ;
#3684 = LINE ( 'NONE', #2886, #1614 ) ;
#3685 = FACE_OUTER_BOUND ( 'NONE', #2915, .T. ) ;
#3686 = ORIENTED_EDGE ( 'NONE', *, *, #5149, .T. ) ;
#3687 = ORIENTED_EDGE ( 'NONE', *, *, #212, .F. ) ;
#3688 = VERTEX_POINT ( 'NONE', #5245 ) ;
#3689 = CARTESIAN_POINT ( 'NONE',  ( -2.169999999999991491, 11.09999999999999964, -20.25000000000000000 ) ) ;
#3690 = LINE ( 'NONE', #3266, #1463 ) ;
#3691 = ORIENTED_EDGE ( 'NONE', *, *, #4086, .F. ) ;
#3692 = CARTESIAN_POINT ( 'NONE',  ( 6.990000000000009983, 1.600000000000000089, 20.25000000000000000 ) ) ;
#3693 = LINE ( 'NONE', #2552, #3252 ) ;
#3694 = VERTEX_POINT ( 'NONE', #2796 ) ;
#3695 = EDGE_CURVE ( 'NONE', #943, #3632, #3966, .T. ) ;
#3696 = AXIS2_PLACEMENT_3D ( 'NONE', #1275, #396, #1624 ) ;
#3697 = FACE_OUTER_BOUND ( 'NONE', #4721, .T. ) ;
#3698 = PLANE ( 'NONE',  #4474 ) ;
#3699 = CARTESIAN_POINT ( 'NONE',  ( 7.990000000000010871, 1.600000000000000089, 19.25000000000000000 ) ) ;
#3700 = EDGE_LOOP ( 'NONE', ( #4851, #4301, #2057, #2576 ) ) ;
#3701 = EDGE_CURVE ( 'NONE', #2126, #4824, #328, .T. ) ;
#3702 = CARTESIAN_POINT ( 'NONE',  ( 0.3700000000000092104, 11.09999999999999964, -20.25000000000000000 ) ) ;
#3703 = CARTESIAN_POINT ( 'NONE',  ( 2.910000000000009912, 1.600000000000000089, -20.25000000000000000 ) ) ;
#3704 = CARTESIAN_POINT ( 'NONE',  ( -24.39999999999999147, 11.09999999999999964, 20.90000000000000213 ) ) ;
#3705 = EDGE_CURVE ( 'NONE', #1629, #2147, #3117, .T. ) ;
#3706 = ORIENTED_EDGE ( 'NONE', *, *, #2595, .F. ) ;
#3707 = DIRECTION ( 'NONE',  ( -2.514091994169285716E-16, 1.000000000000000000, 0.000000000000000000 ) ) ;
#3708 = ORIENTED_EDGE ( 'NONE', *, *, #3605, .T. ) ;
#3709 = VECTOR ( 'NONE', #947, 1000.000000000000000 ) ;
#3710 = CARTESIAN_POINT ( 'NONE',  ( 4.450000000000009948, 11.09999999999999964, 20.25000000000000000 ) ) ;
#3711 = CARTESIAN_POINT ( 'NONE',  ( -3.169999999999992379, 11.09999999999999964, 19.25000000000000000 ) ) ;
#3712 = VERTEX_POINT ( 'NONE', #2745 ) ;
#3713 = EDGE_LOOP ( 'NONE', ( #1904, #1876, #912, #2123 ) ) ;
#3714 = AXIS2_PLACEMENT_3D ( 'NONE', #3054, #2978, #1383 ) ;
#3715 = ORIENTED_EDGE ( 'NONE', *, *, #2828, .F. ) ;
#3716 = CARTESIAN_POINT ( 'NONE',  ( -10.78999999999999382, 1.600000000000000089, 19.25000000000000000 ) ) ;
#3717 = AXIS2_PLACEMENT_3D ( 'NONE', #1878, #4347, #2623 ) ;
#3718 = LINE ( 'NONE', #1828, #989 ) ;
#3719 = CARTESIAN_POINT ( 'NONE',  ( -24.39999999999999147, 11.09999999999999964, 18.60000000000000142 ) ) ;
#3720 = ORIENTED_EDGE ( 'NONE', *, *, #4447, .F. ) ;
#3721 = PLANE ( 'NONE',  #2675 ) ;
#3722 = ADVANCED_FACE ( 'NONE', ( #1098 ), #3940, .T. ) ;
#3723 = CARTESIAN_POINT ( 'NONE',  ( 7.990000000000010871, 11.09999999999999964, -19.25000000000000000 ) ) ;
#3724 = ORIENTED_EDGE ( 'NONE', *, *, #1206, .F. ) ;
#3725 = CARTESIAN_POINT ( 'NONE',  ( -13.32999999999999474, 1.600000000000000089, 20.25000000000000000 ) ) ;
#3726 = LINE ( 'NONE', #2527, #3540 ) ;
#3727 = PLANE ( 'NONE',  #1475 ) ;
#3728 = EDGE_LOOP ( 'NONE', ( #3955, #3720, #1628, #2701 ) ) ;
#3729 = AXIS2_PLACEMENT_3D ( 'NONE', #2585, #3489, #2661 ) ;
#3730 = CARTESIAN_POINT ( 'NONE',  ( -20.94999999999999574, 1.600000000000000089, 19.25000000000000000 ) ) ;
#3731 = CARTESIAN_POINT ( 'NONE',  ( -12.32999999999999297, 1.600000000000000089, 20.25000000000000000 ) ) ;
#3732 = AXIS2_PLACEMENT_3D ( 'NONE', #9, #331, #2798 ) ;
#3733 = VECTOR ( 'NONE', #3063, 1000.000000000000000 ) ;
#3734 = LINE ( 'NONE', #1339, #3809 ) ;
#3735 = EDGE_CURVE ( 'NONE', #1221, #3683, #801, .T. ) ;
#3736 = EDGE_LOOP ( 'NONE', ( #729, #3387, #4068, #2852 ) ) ;
#3737 = LINE ( 'NONE', #835, #1864 ) ;
#3738 = PLANE ( 'NONE',  #3204 ) ;
#3739 = ORIENTED_EDGE ( 'NONE', *, *, #3102, .T. ) ;
#3740 = EDGE_CURVE ( 'NONE', #2909, #4513, #2718, .T. ) ;
#3741 = ORIENTED_EDGE ( 'NONE', *, *, #1489, .F. ) ;
#3742 = VECTOR ( 'NONE', #5003, 1000.000000000000000 ) ;
#3743 = ORIENTED_EDGE ( 'NONE', *, *, #4871, .T. ) ;
#3744 = LINE ( 'NONE', #1297, #4546 ) ;
#3745 = CARTESIAN_POINT ( 'NONE',  ( -22.48999999999999488, 1.600000000000000089, 20.25000000000000000 ) ) ;
#3746 = FACE_BOUND ( 'NONE', #3047, .T. ) ;
#3747 = EDGE_LOOP ( 'NONE', ( #4085, #3850, #3686, #1345 ) ) ;
#3748 = LINE ( 'NONE', #946, #135 ) ;
#3749 = LINE ( 'NONE', #2098, #359 ) ;
#3750 = ORIENTED_EDGE ( 'NONE', *, *, #3145, .F. ) ;
#3751 = CARTESIAN_POINT ( 'NONE',  ( 37.50000000000000711, -1.100000000000000311, 5.549999999999998934 ) ) ;
#3752 = CARTESIAN_POINT ( 'NONE',  ( -15.86999999999999567, 11.09999999999999964, -19.25000000000000000 ) ) ;
#3753 = DIRECTION ( 'NONE',  ( -1.000000000000000000, 0.000000000000000000, 0.000000000000000000 ) ) ;
#3754 = EDGE_LOOP ( 'NONE', ( #1589, #4490, #562, #972 ) ) ;
#3755 = AXIS2_PLACEMENT_3D ( 'NONE', #2863, #3663, #5231 ) ;
#3756 = ADVANCED_FACE ( 'NONE', ( #695 ), #1527, .T. ) ;
#3757 = VECTOR ( 'NONE', #4466, 1000.000000000000000 ) ;
#3758 = CARTESIAN_POINT ( 'NONE',  ( 1.910000000000009024, 11.09999999999999964, 20.25000000000000000 ) ) ;
#3759 = CARTESIAN_POINT ( 'NONE',  ( -8.249999999999992895, 1.600000000000000089, 19.25000000000000000 ) ) ;
#3760 = LINE ( 'NONE', #119, #5244 ) ;
#3761 = VECTOR ( 'NONE', #1991, 1000.000000000000000 ) ;
#3762 = EDGE_LOOP ( 'NONE', ( #3150, #2899, #2267, #4141 ) ) ;
#3763 = EDGE_CURVE ( 'NONE', #251, #2969, #2080, .T. ) ;
#3764 = VECTOR ( 'NONE', #556, 1000.000000000000000 ) ;
#3765 = DIRECTION ( 'NONE',  ( 1.000000000000000000, 0.000000000000000000, 0.000000000000000000 ) ) ;
#3766 = CARTESIAN_POINT ( 'NONE',  ( 0.3700000000000092104, 11.09999999999999964, -20.25000000000000000 ) ) ;
#3767 = EDGE_LOOP ( 'NONE', ( #2870, #6, #4631, #3271 ) ) ;
#3768 = ORIENTED_EDGE ( 'NONE', *, *, #4217, .F. ) ;
#3769 = ORIENTED_EDGE ( 'NONE', *, *, #1399, .F. ) ;
#3770 = EDGE_CURVE ( 'NONE', #3822, #4000, #88, .T. ) ;
#3771 = DIRECTION ( 'NONE',  ( -0.000000000000000000, -1.000000000000000000, -0.000000000000000000 ) ) ;
#3772 = CARTESIAN_POINT ( 'NONE',  ( -23.48999999999999844, 11.09999999999999964, 20.25000000000000000 ) ) ;
#3773 = DIRECTION ( 'NONE',  ( -0.000000000000000000, 1.000000000000000000, 0.000000000000000000 ) ) ;
#3774 = ORIENTED_EDGE ( 'NONE', *, *, #2350, .T. ) ;
#3775 = EDGE_CURVE ( 'NONE', #465, #2322, #3359, .T. ) ;
#3776 = CARTESIAN_POINT ( 'NONE',  ( -0.6299999999999916778, 11.09999999999999964, 19.25000000000000000 ) ) ;
#3777 = VERTEX_POINT ( 'NONE', #3758 ) ;
#3778 = DIRECTION ( 'NONE',  ( -0.000000000000000000, -1.000000000000000000, -0.000000000000000000 ) ) ;
#3779 = PLANE ( 'NONE',  #1220 ) ;
#3780 = ORIENTED_EDGE ( 'NONE', *, *, #3277, .F. ) ;
#3781 = CARTESIAN_POINT ( 'NONE',  ( -24.39999999999999147, 11.09999999999999964, 20.90000000000000213 ) ) ;
#3782 = CARTESIAN_POINT ( 'NONE',  ( -10.78999999999999382, 11.09999999999999964, 19.25000000000000000 ) ) ;
#3783 = AXIS2_PLACEMENT_3D ( 'NONE', #2865, #4065, #369 ) ;
#3784 = DIRECTION ( 'NONE',  ( 1.000000000000000000, 0.000000000000000000, -0.000000000000000000 ) ) ;
#3785 = ORIENTED_EDGE ( 'NONE', *, *, #5168, .T. ) ;
#3786 = DIRECTION ( 'NONE',  ( -1.000000000000000000, -0.000000000000000000, -0.000000000000000000 ) ) ;
#3787 = CARTESIAN_POINT ( 'NONE',  ( 4.450000000000009948, 11.09999999999999964, 19.25000000000000000 ) ) ;
#3788 = VERTEX_POINT ( 'NONE', #1714 ) ;
#3789 = ORIENTED_EDGE ( 'NONE', *, *, #382, .T. ) ;
#3790 = ORIENTED_EDGE ( 'NONE', *, *, #2141, .F. ) ;
#3791 = DIRECTION ( 'NONE',  ( 0.000000000000000000, 0.000000000000000000, -1.000000000000000000 ) ) ;
#3792 = CARTESIAN_POINT ( 'NONE',  ( -17.40999999999999659, 1.600000000000000089, 20.25000000000000000 ) ) ;
#3793 = CARTESIAN_POINT ( 'NONE',  ( -24.39999999999999147, 1.600000000000000089, 20.90000000000000213 ) ) ;
#3794 = EDGE_LOOP ( 'NONE', ( #2774, #502, #3979, #1292 ) ) ;
#3795 = AXIS2_PLACEMENT_3D ( 'NONE', #3402, #4650, #582 ) ;
#3796 = CARTESIAN_POINT ( 'NONE',  ( -12.32999999999999297, 11.09999999999999964, -20.25000000000000000 ) ) ;
#3797 = EDGE_CURVE ( 'NONE', #2780, #4805, #513, .T. ) ;
#3798 = VECTOR ( 'NONE', #4506, 1000.000000000000000 ) ;
#3799 = PLANE ( 'NONE',  #5024 ) ;
#3800 = FACE_OUTER_BOUND ( 'NONE', #1193, .T. ) ;
#3801 = EDGE_CURVE ( 'NONE', #56, #1908, #430, .T. ) ;
#3802 = DIRECTION ( 'NONE',  ( 0.000000000000000000, 0.000000000000000000, 1.000000000000000000 ) ) ;
#3803 = DIRECTION ( 'NONE',  ( 0.000000000000000000, 0.000000000000000000, 1.000000000000000000 ) ) ;
#3804 = EDGE_CURVE ( 'NONE', #4174, #1693, #4894, .T. ) ;
#3805 = ORIENTED_EDGE ( 'NONE', *, *, #271, .F. ) ;
#3806 = DIRECTION ( 'NONE',  ( 0.000000000000000000, 0.000000000000000000, -1.000000000000000000 ) ) ;
#3807 = DIRECTION ( 'NONE',  ( 1.000000000000000000, 0.000000000000000000, -0.000000000000000000 ) ) ;
#3808 = ORIENTED_EDGE ( 'NONE', *, *, #4097, .T. ) ;
#3809 = VECTOR ( 'NONE', #3308, 1000.000000000000000 ) ;
#3810 = ADVANCED_FACE ( 'NONE', ( #4977 ), #35, .T. ) ;
#3811 = PLANE ( 'NONE',  #704 ) ;
#3812 = CARTESIAN_POINT ( 'NONE',  ( -14.86999999999999389, 11.09999999999999964, 20.25000000000000000 ) ) ;
#3813 = ORIENTED_EDGE ( 'NONE', *, *, #2498, .T. ) ;
#3814 = VECTOR ( 'NONE', #921, 1000.000000000000000 ) ;
#3815 = ORIENTED_EDGE ( 'NONE', *, *, #4375, .F. ) ;
#3816 = AXIS2_PLACEMENT_3D ( 'NONE', #2406, #756, #1980 ) ;
#3817 = ORIENTED_EDGE ( 'NONE', *, *, #4129, .F. ) ;
#3818 = EDGE_CURVE ( 'NONE', #3007, #1697, #3334, .T. ) ;
#3819 = DIRECTION ( 'NONE',  ( -1.000000000000000000, -0.000000000000000000, -0.000000000000000000 ) ) ;
#3820 = CARTESIAN_POINT ( 'NONE',  ( 5.450000000000009948, 1.600000000000000089, 20.25000000000000000 ) ) ;
#3821 = LINE ( 'NONE', #2921, #1783 ) ;
#3822 = VERTEX_POINT ( 'NONE', #1311 ) ;
#3823 = VECTOR ( 'NONE', #3938, 1000.000000000000000 ) ;
#3824 = DIRECTION ( 'NONE',  ( 0.000000000000000000, -1.000000000000000000, 0.000000000000000000 ) ) ;
#3825 = EDGE_LOOP ( 'NONE', ( #2515, #1346, #5206, #5192 ) ) ;
#3826 = DIRECTION ( 'NONE',  ( 0.000000000000000000, 1.000000000000000000, 0.000000000000000000 ) ) ;
#3827 = EDGE_CURVE ( 'NONE', #1983, #3099, #934, .T. ) ;
#3828 = PLANE ( 'NONE',  #3714 ) ;
#3829 = LINE ( 'NONE', #3056, #3165 ) ;
#3830 = ORIENTED_EDGE ( 'NONE', *, *, #1524, .F. ) ;
#3831 = ADVANCED_FACE ( 'NONE', ( #3254 ), #4872, .T. ) ;
#3832 = DIRECTION ( 'NONE',  ( -1.000000000000000000, 0.000000000000000000, 0.000000000000000000 ) ) ;
#3833 = CARTESIAN_POINT ( 'NONE',  ( -22.48999999999999488, 11.09999999999999964, 20.25000000000000000 ) ) ;
#3834 = CARTESIAN_POINT ( 'NONE',  ( -2.169999999999991491, 1.600000000000000089, -19.25000000000000000 ) ) ;
#3835 = ORIENTED_EDGE ( 'NONE', *, *, #1429, .T. ) ;
#3836 = ADVANCED_FACE ( 'NONE', ( #2848 ), #2451, .F. ) ;
#3837 = AXIS2_PLACEMENT_3D ( 'NONE', #3958, #5212, #1574 ) ;
#3838 = LINE ( 'NONE', #4709, #1050 ) ;
#3839 = CARTESIAN_POINT ( 'NONE',  ( -10.78999999999999382, 11.09999999999999964, -19.25000000000000000 ) ) ;
#3840 = ORIENTED_EDGE ( 'NONE', *, *, #3138, .F. ) ;
#3841 = DIRECTION ( 'NONE',  ( -1.000000000000000000, -0.000000000000000000, -0.000000000000000000 ) ) ;
#3842 = VECTOR ( 'NONE', #4869, 1000.000000000000000 ) ;
#3843 = EDGE_LOOP ( 'NONE', ( #3230, #2688, #5170, #2030 ) ) ;
#3844 = DIRECTION ( 'NONE',  ( 1.000000000000000000, 0.000000000000000000, -0.000000000000000000 ) ) ;
#3845 = CARTESIAN_POINT ( 'NONE',  ( -3.169999999999992379, 11.09999999999999964, 20.25000000000000000 ) ) ;
#3846 = DIRECTION ( 'NONE',  ( -0.000000000000000000, -1.000000000000000000, -0.000000000000000000 ) ) ;
#3847 = ORIENTED_EDGE ( 'NONE', *, *, #4583, .F. ) ;
#3848 = CARTESIAN_POINT ( 'NONE',  ( -23.48999999999999844, 1.600000000000000089, 20.25000000000000000 ) ) ;
#3849 = VECTOR ( 'NONE', #59, 1000.000000000000000 ) ;
#3850 = ORIENTED_EDGE ( 'NONE', *, *, #3628, .T. ) ;
#3851 = FACE_OUTER_BOUND ( 'NONE', #3858, .T. ) ;
#3852 = CARTESIAN_POINT ( 'NONE',  ( -12.32999999999999297, 1.600000000000000089, -20.25000000000000000 ) ) ;
#3853 = ORIENTED_EDGE ( 'NONE', *, *, #4791, .T. ) ;
#3854 = EDGE_CURVE ( 'NONE', #3656, #4019, #4076, .T. ) ;
#3855 = FACE_OUTER_BOUND ( 'NONE', #4932, .T. ) ;
#3856 = DIRECTION ( 'NONE',  ( 0.000000000000000000, 0.000000000000000000, -1.000000000000000000 ) ) ;
#3857 = CARTESIAN_POINT ( 'NONE',  ( 0.000000000000000000, 1.600000000000000089, 0.000000000000000000 ) ) ;
#3858 = EDGE_LOOP ( 'NONE', ( #1775, #3456, #3272, #1621 ) ) ;
#3859 = EDGE_CURVE ( 'NONE', #2119, #4881, #1662, .T. ) ;
#3860 = EDGE_CURVE ( 'NONE', #2594, #4584, #3304, .T. ) ;
#3861 = DIRECTION ( 'NONE',  ( 0.000000000000000000, 0.000000000000000000, -1.000000000000000000 ) ) ;
#3862 = VECTOR ( 'NONE', #1990, 1000.000000000000000 ) ;
#3863 = LINE ( 'NONE', #222, #5243 ) ;
#3864 = ADVANCED_FACE ( 'NONE', ( #2479 ), #4103, .T. ) ;
#3865 = VERTEX_POINT ( 'NONE', #883 ) ;
#3866 = CARTESIAN_POINT ( 'NONE',  ( -0.6299999999999916778, 1.600000000000000089, -20.25000000000000000 ) ) ;
#3867 = EDGE_CURVE ( 'NONE', #4905, #1481, #4131, .T. ) ;
#3868 = ORIENTED_EDGE ( 'NONE', *, *, #713, .T. ) ;
#3869 = DIRECTION ( 'NONE',  ( -0.000000000000000000, -1.000000000000000000, -0.000000000000000000 ) ) ;
#3870 = CARTESIAN_POINT ( 'NONE',  ( -0.6299999999999916778, 1.600000000000000089, 20.25000000000000000 ) ) ;
#3871 = PLANE ( 'NONE',  #3717 ) ;
#3872 = VERTEX_POINT ( 'NONE', #3730 ) ;
#3873 = DIRECTION ( 'NONE',  ( 0.000000000000000000, 1.000000000000000000, 0.000000000000000000 ) ) ;
#3874 = DIRECTION ( 'NONE',  ( -0.000000000000000000, -1.000000000000000000, -0.000000000000000000 ) ) ;
#3875 = EDGE_CURVE ( 'NONE', #1243, #3617, #4949, .T. ) ;
#3876 = CARTESIAN_POINT ( 'NONE',  ( -15.86999999999999567, 11.09999999999999964, -19.25000000000000000 ) ) ;
#3877 = CARTESIAN_POINT ( 'NONE',  ( -10.78999999999999382, 11.09999999999999964, 20.25000000000000000 ) ) ;
#3878 = AXIS2_PLACEMENT_3D ( 'NONE', #5153, #2281, #3931 ) ;
#3879 = DIRECTION ( 'NONE',  ( -0.000000000000000000, -0.000000000000000000, 1.000000000000000000 ) ) ;
#3880 = ORIENTED_EDGE ( 'NONE', *, *, #2238, .T. ) ;
#3881 = DIRECTION ( 'NONE',  ( 1.000000000000000000, 0.000000000000000000, -0.000000000000000000 ) ) ;
#3882 = LINE ( 'NONE', #2609, #30 ) ;
#3883 = VECTOR ( 'NONE', #705, 1000.000000000000000 ) ;
#3884 = FACE_OUTER_BOUND ( 'NONE', #2354, .T. ) ;
#3885 = FACE_OUTER_BOUND ( 'NONE', #1731, .T. ) ;
#3886 = EDGE_LOOP ( 'NONE', ( #898, #345, #2914, #2884 ) ) ;
#3887 = LINE ( 'NONE', #3493, #5037 ) ;
#3888 = FACE_OUTER_BOUND ( 'NONE', #983, .T. ) ;
#3889 = EDGE_CURVE ( 'NONE', #2814, #5253, #4183, .T. ) ;
#3890 = ORIENTED_EDGE ( 'NONE', *, *, #2930, .F. ) ;
#3891 = LINE ( 'NONE', #598, #4915 ) ;
#3892 = VERTEX_POINT ( 'NONE', #1014 ) ;
#3893 = AXIS2_PLACEMENT_3D ( 'NONE', #5120, #628, #4642 ) ;
#3894 = CARTESIAN_POINT ( 'NONE',  ( 8.900000000000005684, 1.600000000000000089, -20.90000000000000213 ) ) ;
#3895 = LINE ( 'NONE', #4741, #1341 ) ;
#3896 = EDGE_CURVE ( 'NONE', #4222, #274, #190, .T. ) ;
#3897 = ORIENTED_EDGE ( 'NONE', *, *, #1610, .F. ) ;
#3898 = VECTOR ( 'NONE', #3680, 1000.000000000000000 ) ;
#3899 = VECTOR ( 'NONE', #4137, 1000.000000000000000 ) ;
#3900 = CARTESIAN_POINT ( 'NONE',  ( -2.169999999999991491, 11.09999999999999964, 20.25000000000000000 ) ) ;
#3901 = DIRECTION ( 'NONE',  ( -1.000000000000000000, -0.000000000000000000, -0.000000000000000000 ) ) ;
#3902 = CARTESIAN_POINT ( 'NONE',  ( 6.990000000000009983, 1.600000000000000089, 20.25000000000000000 ) ) ;
#3903 = ORIENTED_EDGE ( 'NONE', *, *, #3740, .T. ) ;
#3904 = CARTESIAN_POINT ( 'NONE',  ( -33.49999999999998579, 0.000000000000000000, 18.49999999999999645 ) ) ;
#3905 = DIRECTION ( 'NONE',  ( 0.000000000000000000, 1.000000000000000000, 0.000000000000000000 ) ) ;
#3906 = ORIENTED_EDGE ( 'NONE', *, *, #2506, .F. ) ;
#3907 = VECTOR ( 'NONE', #4628, 1000.000000000000000 ) ;
#3908 = CARTESIAN_POINT ( 'NONE',  ( 0.000000000000000000, 1.600000000000000089, 0.000000000000000000 ) ) ;
#3909 = LINE ( 'NONE', #1940, #164 ) ;
#3910 = CARTESIAN_POINT ( 'NONE',  ( 0.000000000000000000, 1.600000000000000089, 0.000000000000000000 ) ) ;
#3911 =( NAMED_UNIT ( * ) SI_UNIT ( $, .STERADIAN. ) SOLID_ANGLE_UNIT ( ) );
#3912 = ORIENTED_EDGE ( 'NONE', *, *, #3575, .T. ) ;
#3913 = EDGE_CURVE ( 'NONE', #688, #641, #3384, .T. ) ;
#3914 = CARTESIAN_POINT ( 'NONE',  ( 1.910000000000009024, 11.09999999999999964, -19.25000000000000000 ) ) ;
#3915 = DIRECTION ( 'NONE',  ( -1.000000000000000000, 0.000000000000000000, -0.000000000000000000 ) ) ;
#3916 = ORIENTED_EDGE ( 'NONE', *, *, #3530, .F. ) ;
#3917 = DIRECTION ( 'NONE',  ( -0.000000000000000000, 1.000000000000000000, -0.000000000000000000 ) ) ;
#3918 = VECTOR ( 'NONE', #4857, 1000.000000000000000 ) ;
#3919 = EDGE_CURVE ( 'NONE', #4119, #1481, #1817, .T. ) ;
#3920 = ORIENTED_EDGE ( 'NONE', *, *, #2589, .F. ) ;
#3921 = AXIS2_PLACEMENT_3D ( 'NONE', #1546, #4703, #5132 ) ;
#3922 = CARTESIAN_POINT ( 'NONE',  ( -17.40999999999999659, 11.09999999999999964, 19.25000000000000000 ) ) ;
#3923 = CARTESIAN_POINT ( 'NONE',  ( -19.94999999999999574, 11.09999999999999964, 19.25000000000000000 ) ) ;
#3924 = ORIENTED_EDGE ( 'NONE', *, *, #3115, .T. ) ;
#3925 = DIRECTION ( 'NONE',  ( -0.000000000000000000, -1.000000000000000000, -0.000000000000000000 ) ) ;
#3926 = ADVANCED_FACE ( 'NONE', ( #3855 ), #1415, .T. ) ;
#3927 = CARTESIAN_POINT ( 'NONE',  ( 33.50000000000000000, 1.600000000000000089, 20.49999999999999645 ) ) ;
#3928 = LINE ( 'NONE', #3556, #2137 ) ;
#3929 = VECTOR ( 'NONE', #4694, 1000.000000000000000 ) ;
#3930 = VERTEX_POINT ( 'NONE', #2235 ) ;
#3931 = DIRECTION ( 'NONE',  ( 1.000000000000000000, 0.000000000000000000, -0.000000000000000000 ) ) ;
#3932 = ADVANCED_FACE ( 'NONE', ( #140 ), #5002, .T. ) ;
#3933 = VECTOR ( 'NONE', #3651, 1000.000000000000000 ) ;
#3934 = DIRECTION ( 'NONE',  ( -0.000000000000000000, -1.000000000000000000, -0.000000000000000000 ) ) ;
#3935 = EDGE_LOOP ( 'NONE', ( #2992, #1992, #67, #1419 ) ) ;
#3936 = CARTESIAN_POINT ( 'NONE',  ( 4.450000000000009948, 11.09999999999999964, -20.25000000000000000 ) ) ;
#3937 = DIRECTION ( 'NONE',  ( -0.000000000000000000, -1.000000000000000000, -0.000000000000000000 ) ) ;
#3938 = DIRECTION ( 'NONE',  ( -0.000000000000000000, -1.000000000000000000, -0.000000000000000000 ) ) ;
#3939 = ORIENTED_EDGE ( 'NONE', *, *, #3569, .T. ) ;
#3940 = PLANE ( 'NONE',  #3002 ) ;
#3941 = DIRECTION ( 'NONE',  ( 1.000000000000000000, 0.000000000000000000, 0.000000000000000000 ) ) ;
#3942 = ORIENTED_EDGE ( 'NONE', *, *, #1066, .F. ) ;
#3943 = LINE ( 'NONE', #3866, #3048 ) ;
#3944 = ORIENTED_EDGE ( 'NONE', *, *, #1677, .F. ) ;
#3945 = CARTESIAN_POINT ( 'NONE',  ( 4.450000000000009948, 11.09999999999999964, 19.25000000000000000 ) ) ;
#3946 = DIRECTION ( 'NONE',  ( 1.000000000000000000, -0.000000000000000000, 0.000000000000000000 ) ) ;
#3947 = ORIENTED_EDGE ( 'NONE', *, *, #4753, .T. ) ;
#3948 = DIRECTION ( 'NONE',  ( 0.000000000000000000, 0.000000000000000000, -1.000000000000000000 ) ) ;
#3949 = LINE ( 'NONE', #731, #5198 ) ;
#3950 = DIRECTION ( 'NONE',  ( 0.000000000000000000, 0.000000000000000000, 1.000000000000000000 ) ) ;
#3951 = ORIENTED_EDGE ( 'NONE', *, *, #4207, .F. ) ;
#3952 = CARTESIAN_POINT ( 'NONE',  ( -3.169999999999992379, 1.600000000000000089, -20.25000000000000000 ) ) ;
#3953 = EDGE_CURVE ( 'NONE', #139, #1615, #241, .T. ) ;
#3954 = DIRECTION ( 'NONE',  ( -0.000000000000000000, -1.000000000000000000, -0.000000000000000000 ) ) ;
#3955 = ORIENTED_EDGE ( 'NONE', *, *, #942, .F. ) ;
#3956 = EDGE_CURVE ( 'NONE', #483, #2813, #4259, .T. ) ;
#3957 = VECTOR ( 'NONE', #5246, 1000.000000000000000 ) ;
#3958 = CARTESIAN_POINT ( 'NONE',  ( -14.86999999999999389, 11.09999999999999964, -20.25000000000000000 ) ) ;
#3959 = DIRECTION ( 'NONE',  ( 0.000000000000000000, 0.000000000000000000, -1.000000000000000000 ) ) ;
#3960 = FACE_OUTER_BOUND ( 'NONE', #702, .T. ) ;
#3961 = EDGE_CURVE ( 'NONE', #4329, #1221, #3882, .T. ) ;
#3962 = CARTESIAN_POINT ( 'NONE',  ( -23.48999999999999844, 11.09999999999999964, 20.25000000000000000 ) ) ;
#3963 = ORIENTED_EDGE ( 'NONE', *, *, #2551, .T. ) ;
#3964 = AXIS2_PLACEMENT_3D ( 'NONE', #3910, #1892, #3986 ) ;
#3965 = AXIS2_PLACEMENT_3D ( 'NONE', #3711, #4956, #2913 ) ;
#3966 = LINE ( 'NONE', #4421, #1738 ) ;
#3967 = CARTESIAN_POINT ( 'NONE',  ( -7.249999999999992895, 1.600000000000000089, -20.25000000000000000 ) ) ;
#3968 = VERTEX_POINT ( 'NONE', #985 ) ;
#3969 = FACE_OUTER_BOUND ( 'NONE', #819, .T. ) ;
#3970 = EDGE_LOOP ( 'NONE', ( #1251, #180, #3835, #532 ) ) ;
#3971 = DIRECTION ( 'NONE',  ( -1.000000000000000000, 0.000000000000000000, 0.000000000000000000 ) ) ;
#3972 = CARTESIAN_POINT ( 'NONE',  ( 33.50000000000000000, 1.600000000000000089, -16.50000000000000000 ) ) ;
#3973 = ORIENTED_EDGE ( 'NONE', *, *, #3975, .T. ) ;
#3974 = CARTESIAN_POINT ( 'NONE',  ( -10.78999999999999382, 11.09999999999999964, -19.25000000000000000 ) ) ;
#3975 = EDGE_CURVE ( 'NONE', #2570, #2664, #3433, .T. ) ;
#3976 = CARTESIAN_POINT ( 'NONE',  ( -3.169999999999992379, 1.600000000000000089, -20.25000000000000000 ) ) ;
#3977 = VECTOR ( 'NONE', #4759, 1000.000000000000000 ) ;
#3978 = CARTESIAN_POINT ( 'NONE',  ( 34.30000000000000426, 0.000000000000000000, -7.450000000000001066 ) ) ;
#3979 = ORIENTED_EDGE ( 'NONE', *, *, #888, .T. ) ;
#3980 = LINE ( 'NONE', #342, #558 ) ;
#3981 = CARTESIAN_POINT ( 'NONE',  ( 32.40000000000000568, -5.200000000000001066, 5.549999999999998934 ) ) ;
#3982 = ORIENTED_EDGE ( 'NONE', *, *, #2434, .F. ) ;
#3983 = EDGE_CURVE ( 'NONE', #4286, #3203, #3406, .T. ) ;
#3984 = DIRECTION ( 'NONE',  ( -0.000000000000000000, -1.000000000000000000, -0.000000000000000000 ) ) ;
#3985 = LINE ( 'NONE', #717, #2029 ) ;
#3986 = DIRECTION ( 'NONE',  ( 0.000000000000000000, -0.000000000000000000, -1.000000000000000000 ) ) ;
#3987 = CARTESIAN_POINT ( 'NONE',  ( -10.78999999999999382, 11.09999999999999964, 20.25000000000000000 ) ) ;
#3988 = ORIENTED_EDGE ( 'NONE', *, *, #2660, .F. ) ;
#3989 = VECTOR ( 'NONE', #3305, 1000.000000000000000 ) ;
#3990 = ADVANCED_FACE ( 'NONE', ( #1866 ), #216, .F. ) ;
#3991 = FACE_OUTER_BOUND ( 'NONE', #4176, .T. ) ;
#3992 = DIRECTION ( 'NONE',  ( -1.000000000000000000, 0.000000000000000000, -0.000000000000000000 ) ) ;
#3993 = CYLINDRICAL_SURFACE ( 'NONE', #753, 1.999999999999994893 ) ;
#3994 = ADVANCED_FACE ( 'NONE', ( #3458 ), #962, .T. ) ;
#3995 = ORIENTED_EDGE ( 'NONE', *, *, #1402, .T. ) ;
#3996 = VERTEX_POINT ( 'NONE', #2210 ) ;
#3997 = DIRECTION ( 'NONE',  ( 0.000000000000000000, -0.000000000000000000, -1.000000000000000000 ) ) ;
#3998 = CARTESIAN_POINT ( 'NONE',  ( 2.910000000000009912, 1.600000000000000089, 19.25000000000000000 ) ) ;
#3999 = ORIENTED_EDGE ( 'NONE', *, *, #1460, .T. ) ;
#4000 = VERTEX_POINT ( 'NONE', #5105 ) ;
#4001 = VECTOR ( 'NONE', #19, 1000.000000000000000 ) ;
#4002 = CARTESIAN_POINT ( 'NONE',  ( -23.48999999999999844, 11.09999999999999964, -20.25000000000000000 ) ) ;
#4003 = AXIS2_PLACEMENT_3D ( 'NONE', #5237, #4043, #4124 ) ;
#4004 = ORIENTED_EDGE ( 'NONE', *, *, #736, .T. ) ;
#4005 = CARTESIAN_POINT ( 'NONE',  ( -10.78999999999999382, 1.600000000000000089, -19.25000000000000000 ) ) ;
#4006 = ORIENTED_EDGE ( 'NONE', *, *, #4042, .F. ) ;
#4007 = FACE_OUTER_BOUND ( 'NONE', #1227, .T. ) ;
#4008 = ADVANCED_FACE ( 'NONE', ( #4704 ), #563, .T. ) ;
#4009 = AXIS2_PLACEMENT_3D ( 'NONE', #4409, #4779, #4380 ) ;
#4010 = CARTESIAN_POINT ( 'NONE',  ( 37.50000000000000711, -5.899999999999996803, -6.250000000000000000 ) ) ;
#4011 = ORIENTED_EDGE ( 'NONE', *, *, #4772, .F. ) ;
#4012 = ORIENTED_EDGE ( 'NONE', *, *, #4125, .F. ) ;
#4013 = VECTOR ( 'NONE', #403, 1000.000000000000000 ) ;
#4014 = CARTESIAN_POINT ( 'NONE',  ( -8.249999999999992895, 11.09999999999999964, 20.25000000000000000 ) ) ;
#4015 = CARTESIAN_POINT ( 'NONE',  ( -24.39999999999999147, 1.600000000000000089, -20.90000000000000213 ) ) ;
#4016 = LINE ( 'NONE', #4387, #3823 ) ;
#4017 = ADVANCED_FACE ( 'NONE', ( #5025 ), #615, .T. ) ;
#4018 = LINE ( 'NONE', #5188, #3256 ) ;
#4019 = VERTEX_POINT ( 'NONE', #4677 ) ;
#4020 = VECTOR ( 'NONE', #4233, 1000.000000000000000 ) ;
#4021 = CARTESIAN_POINT ( 'NONE',  ( -3.169999999999992379, 11.09999999999999964, -20.25000000000000000 ) ) ;
#4022 = DIRECTION ( 'NONE',  ( 0.000000000000000000, 0.000000000000000000, 1.000000000000000000 ) ) ;
#4023 = CARTESIAN_POINT ( 'NONE',  ( -13.32999999999999474, 11.09999999999999964, -20.25000000000000000 ) ) ;
#4024 = EDGE_CURVE ( 'NONE', #4458, #2147, #3985, .T. ) ;
#4025 = ADVANCED_FACE ( 'NONE', ( #4309 ), #2367, .F. ) ;
#4026 = VERTEX_POINT ( 'NONE', #298 ) ;
#4027 = EDGE_LOOP ( 'NONE', ( #3382, #1921, #1164, #1053 ) ) ;
#4028 = EDGE_CURVE ( 'NONE', #4000, #4621, #4386, .T. ) ;
#4029 = DIRECTION ( 'NONE',  ( 0.000000000000000000, 0.000000000000000000, 1.000000000000000000 ) ) ;
#4030 = FACE_OUTER_BOUND ( 'NONE', #4699, .T. ) ;
#4031 = ORIENTED_EDGE ( 'NONE', *, *, #193, .T. ) ;
#4032 = EDGE_CURVE ( 'NONE', #3617, #2114, #2714, .T. ) ;
#4033 = ORIENTED_EDGE ( 'NONE', *, *, #4042, .T. ) ;
#4034 = VERTEX_POINT ( 'NONE', #2340 ) ;
#4035 = CARTESIAN_POINT ( 'NONE',  ( -0.6299999999999916778, 1.600000000000000089, 20.25000000000000000 ) ) ;
#4036 = ORIENTED_EDGE ( 'NONE', *, *, #1316, .F. ) ;
#4037 = VECTOR ( 'NONE', #2947, 1000.000000000000000 ) ;
#4038 = DIRECTION ( 'NONE',  ( -0.000000000000000000, -1.000000000000000000, -0.000000000000000000 ) ) ;
#4039 = PLANE ( 'NONE',  #4009 ) ;
#4040 = ORIENTED_EDGE ( 'NONE', *, *, #2916, .T. ) ;
#4041 = ORIENTED_EDGE ( 'NONE', *, *, #50, .T. ) ;
#4042 = EDGE_CURVE ( 'NONE', #2615, #3030, #1964, .T. ) ;
#4043 = DIRECTION ( 'NONE',  ( 0.000000000000000000, 0.000000000000000000, 1.000000000000000000 ) ) ;
#4044 = CARTESIAN_POINT ( 'NONE',  ( -3.169999999999992379, 11.09999999999999964, -20.25000000000000000 ) ) ;
#4045 = FACE_OUTER_BOUND ( 'NONE', #5038, .T. ) ;
#4046 = DIRECTION ( 'NONE',  ( -1.000000000000000000, -0.000000000000000000, -0.000000000000000000 ) ) ;
#4047 = ORIENTED_EDGE ( 'NONE', *, *, #459, .F. ) ;
#4048 = EDGE_CURVE ( 'NONE', #2099, #1801, #3909, .T. ) ;
#4049 = CARTESIAN_POINT ( 'NONE',  ( 12.59999999999999964, 1.600000000000000089, 10.50000000000000000 ) ) ;
#4050 = LINE ( 'NONE', #2480, #4843 ) ;
#4051 = DIRECTION ( 'NONE',  ( 1.000000000000000000, 0.000000000000000000, 0.000000000000000000 ) ) ;
#4052 = VECTOR ( 'NONE', #4302, 1000.000000000000000 ) ;
#4053 = ORIENTED_EDGE ( 'NONE', *, *, #3307, .F. ) ;
#4054 = EDGE_LOOP ( 'NONE', ( #341, #875, #4428, #1213 ) ) ;
#4055 = EDGE_CURVE ( 'NONE', #1758, #2889, #5160, .T. ) ;
#4056 = FACE_OUTER_BOUND ( 'NONE', #2000, .T. ) ;
#4057 = CARTESIAN_POINT ( 'NONE',  ( 37.50000000000000711, -5.200000000000001066, 5.549999999999998934 ) ) ;
#4058 = ORIENTED_EDGE ( 'NONE', *, *, #1975, .T. ) ;
#4059 = AXIS2_PLACEMENT_3D ( 'NONE', #885, #4161, #515 ) ;
#4060 = ORIENTED_EDGE ( 'NONE', *, *, #600, .F. ) ;
#4061 = ORIENTED_EDGE ( 'NONE', *, *, #57, .T. ) ;
#4062 = EDGE_CURVE ( 'NONE', #3517, #2430, #4755, .T. ) ;
#4063 = LINE ( 'NONE', #47, #4001 ) ;
#4064 = ORIENTED_EDGE ( 'NONE', *, *, #2350, .F. ) ;
#4065 = DIRECTION ( 'NONE',  ( -1.000000000000000000, 0.000000000000000000, 0.000000000000000000 ) ) ;
#4066 = LINE ( 'NONE', #3533, #2571 ) ;
#4067 = ORIENTED_EDGE ( 'NONE', *, *, #4349, .T. ) ;
#4068 = ORIENTED_EDGE ( 'NONE', *, *, #4130, .F. ) ;
#4069 = VECTOR ( 'NONE', #3941, 1000.000000000000000 ) ;
#4070 = LINE ( 'NONE', #1681, #2991 ) ;
#4071 = VECTOR ( 'NONE', #4594, 1000.000000000000000 ) ;
#4072 = FACE_OUTER_BOUND ( 'NONE', #3747, .T. ) ;
#4073 = VECTOR ( 'NONE', #1106, 1000.000000000000000 ) ;
#4074 = LINE ( 'NONE', #3275, #4525 ) ;
#4075 = ORIENTED_EDGE ( 'NONE', *, *, #2926, .F. ) ;
#4076 = LINE ( 'NONE', #2052, #4868 ) ;
#4077 = LINE ( 'NONE', #2960, #2555 ) ;
#4078 = DIRECTION ( 'NONE',  ( -0.000000000000000000, -1.000000000000000000, -0.000000000000000000 ) ) ;
#4079 = VECTOR ( 'NONE', #1092, 1000.000000000000000 ) ;
#4080 = ORIENTED_EDGE ( 'NONE', *, *, #456, .F. ) ;
#4081 = VERTEX_POINT ( 'NONE', #5213 ) ;
#4082 = DIRECTION ( 'NONE',  ( -1.000000000000000000, 0.000000000000000000, -0.000000000000000000 ) ) ;
#4083 = LINE ( 'NONE', #3578, #825 ) ;
#4084 = ORIENTED_EDGE ( 'NONE', *, *, #1694, .F. ) ;
#4085 = ORIENTED_EDGE ( 'NONE', *, *, #5101, .T. ) ;
#4086 = EDGE_CURVE ( 'NONE', #187, #5089, #1575, .T. ) ;
#4087 = ORIENTED_EDGE ( 'NONE', *, *, #1665, .T. ) ;
#4088 = DIRECTION ( 'NONE',  ( 1.000000000000000000, 0.000000000000000000, 0.000000000000000000 ) ) ;
#4089 = DIRECTION ( 'NONE',  ( -1.000000000000000000, -0.000000000000000000, -0.000000000000000000 ) ) ;
#4090 = VERTEX_POINT ( 'NONE', #3515 ) ;
#4091 = DIRECTION ( 'NONE',  ( 1.000000000000000000, 0.000000000000000000, 0.000000000000000000 ) ) ;
#4092 = CARTESIAN_POINT ( 'NONE',  ( 37.50000000000000711, -2.699999999999999289, -7.450000000000001066 ) ) ;
#4093 = EDGE_CURVE ( 'NONE', #4424, #837, #3136, .T. ) ;
#4094 = VECTOR ( 'NONE', #3189, 1000.000000000000000 ) ;
#4095 = ORIENTED_EDGE ( 'NONE', *, *, #2013, .F. ) ;
#4096 = DIRECTION ( 'NONE',  ( 0.000000000000000000, 0.000000000000000000, -1.000000000000000000 ) ) ;
#4097 = EDGE_CURVE ( 'NONE', #4685, #3319, #4401, .T. ) ;
#4098 = CIRCLE ( 'NONE', #4765, 2.000000000000005329 ) ;
#4099 = CARTESIAN_POINT ( 'NONE',  ( 0.000000000000000000, 1.600000000000000089, 0.000000000000000000 ) ) ;
#4100 = DIRECTION ( 'NONE',  ( 1.000000000000000000, 0.000000000000000000, 0.000000000000000000 ) ) ;
#4101 = VERTEX_POINT ( 'NONE', #3219 ) ;
#4102 = AXIS2_PLACEMENT_3D ( 'NONE', #881, #55, #2529 ) ;
#4103 = PLANE ( 'NONE',  #3596 ) ;
#4104 = FACE_OUTER_BOUND ( 'NONE', #4617, .T. ) ;
#4105 = VECTOR ( 'NONE', #3455, 1000.000000000000000 ) ;
#4106 = DIRECTION ( 'NONE',  ( 1.000000000000000000, 0.000000000000000000, 0.000000000000000000 ) ) ;
#4107 = ORIENTED_EDGE ( 'NONE', *, *, #2897, .F. ) ;
#4108 = VECTOR ( 'NONE', #2374, 1000.000000000000000 ) ;
#4109 = DIRECTION ( 'NONE',  ( -0.000000000000000000, -1.000000000000000000, -0.000000000000000000 ) ) ;
#4110 = ORIENTED_EDGE ( 'NONE', *, *, #4385, .T. ) ;
#4111 = EDGE_CURVE ( 'NONE', #1310, #1100, #4782, .T. ) ;
#4112 = LINE ( 'NONE', #94, #508 ) ;
#4113 = CARTESIAN_POINT ( 'NONE',  ( 32.40000000000000568, -5.200000000000001066, -5.549999999999998934 ) ) ;
#4114 = EDGE_LOOP ( 'NONE', ( #4115, #2005, #2024, #1894 ) ) ;
#4115 = ORIENTED_EDGE ( 'NONE', *, *, #4518, .T. ) ;
#4116 = VERTEX_POINT ( 'NONE', #2764 ) ;
#4117 = CARTESIAN_POINT ( 'NONE',  ( -15.86999999999999567, 11.09999999999999964, 19.25000000000000000 ) ) ;
#4118 = LINE ( 'NONE', #473, #58 ) ;
#4119 = VERTEX_POINT ( 'NONE', #5133 ) ;
#4120 = CARTESIAN_POINT ( 'NONE',  ( -3.169999999999992379, 11.09999999999999964, 20.25000000000000000 ) ) ;
#4121 = LINE ( 'NONE', #1706, #4521 ) ;
#4122 = ORIENTED_EDGE ( 'NONE', *, *, #3635, .F. ) ;
#4123 = VECTOR ( 'NONE', #4934, 1000.000000000000000 ) ;
#4124 = DIRECTION ( 'NONE',  ( 1.000000000000000000, 0.000000000000000000, -0.000000000000000000 ) ) ;
#4125 = EDGE_CURVE ( 'NONE', #2483, #1493, #743, .T. ) ;
#4126 = LINE ( 'NONE', #2820, #2264 ) ;
#4127 = FACE_OUTER_BOUND ( 'NONE', #4355, .T. ) ;
#4128 = ORIENTED_EDGE ( 'NONE', *, *, #5058, .F. ) ;
#4129 = EDGE_CURVE ( 'NONE', #4119, #593, #1118, .T. ) ;
#4130 = EDGE_CURVE ( 'NONE', #2227, #2903, #376, .T. ) ;
#4131 = LINE ( 'NONE', #487, #2579 ) ;
#4132 = DIRECTION ( 'NONE',  ( -1.000000000000000000, -0.000000000000000000, -0.000000000000000000 ) ) ;
#4133 = CARTESIAN_POINT ( 'NONE',  ( -15.86999999999999567, 11.09999999999999964, -20.25000000000000000 ) ) ;
#4134 = ORIENTED_EDGE ( 'NONE', *, *, #1719, .F. ) ;
#4135 = CARTESIAN_POINT ( 'NONE',  ( 30.60000000000000497, -5.899999999999997691, 6.250000000000000000 ) ) ;
#4136 = CIRCLE ( 'NONE', #1841, 2.000000000000005329 ) ;
#4137 = DIRECTION ( 'NONE',  ( -1.000000000000000000, -0.000000000000000000, -0.000000000000000000 ) ) ;
#4138 = DIRECTION ( 'NONE',  ( 0.000000000000000000, 0.000000000000000000, -1.000000000000000000 ) ) ;
#4139 = EDGE_LOOP ( 'NONE', ( #3400, #1646, #2530, #2607 ) ) ;
#4140 = ORIENTED_EDGE ( 'NONE', *, *, #1597, .T. ) ;
#4141 = ORIENTED_EDGE ( 'NONE', *, *, #3854, .T. ) ;
#4142 = DIRECTION ( 'NONE',  ( 1.000000000000000000, 0.000000000000000000, 0.000000000000000000 ) ) ;
#4143 = AXIS2_PLACEMENT_3D ( 'NONE', #2776, #3149, #3202 ) ;
#4144 = DIRECTION ( 'NONE',  ( 1.000000000000000000, 0.000000000000000000, 0.000000000000000000 ) ) ;
#4145 = DIRECTION ( 'NONE',  ( -1.000000000000000000, -0.000000000000000000, -0.000000000000000000 ) ) ;
#4146 = VERTEX_POINT ( 'NONE', #5239 ) ;
#4147 = CARTESIAN_POINT ( 'NONE',  ( -3.169999999999992379, 1.600000000000000089, 20.25000000000000000 ) ) ;
#4148 = EDGE_CURVE ( 'NONE', #2541, #1406, #1604, .T. ) ;
#4149 = DIRECTION ( 'NONE',  ( -1.000000000000000000, -0.000000000000000000, -0.000000000000000000 ) ) ;
#4150 = EDGE_LOOP ( 'NONE', ( #4852, #1140, #1064, #2458 ) ) ;
#4151 = FACE_BOUND ( 'NONE', #363, .T. ) ;
#4152 = DIRECTION ( 'NONE',  ( -0.000000000000000000, -0.000000000000000000, 1.000000000000000000 ) ) ;
#4153 = CARTESIAN_POINT ( 'NONE',  ( -12.32999999999999297, 11.09999999999999964, -20.25000000000000000 ) ) ;
#4154 = ORIENTED_EDGE ( 'NONE', *, *, #1834, .T. ) ;
#4155 = ADVANCED_FACE ( 'NONE', ( #1068 ), #2685, .T. ) ;
#4156 = VECTOR ( 'NONE', #4273, 1000.000000000000000 ) ;
#4157 = DIRECTION ( 'NONE',  ( -1.000000000000000000, -0.000000000000000000, -0.000000000000000000 ) ) ;
#4158 = LINE ( 'NONE', #4500, #1195 ) ;
#4159 = AXIS2_PLACEMENT_3D ( 'NONE', #281, #648, #252 ) ;
#4160 = AXIS2_PLACEMENT_3D ( 'NONE', #2352, #3971, #1952 ) ;
#4161 = DIRECTION ( 'NONE',  ( 0.000000000000000000, -1.000000000000000000, 0.000000000000000000 ) ) ;
#4162 = ORIENTED_EDGE ( 'NONE', *, *, #2990, .T. ) ;
#4163 = EDGE_CURVE ( 'NONE', #3892, #2664, #2739, .T. ) ;
#4164 = LINE ( 'NONE', #2111, #418 ) ;
#4165 = CARTESIAN_POINT ( 'NONE',  ( 4.450000000000009948, 1.600000000000000089, 19.25000000000000000 ) ) ;
#4166 = ADVANCED_FACE ( 'NONE', ( #4173 ), #796, .F. ) ;
#4167 = ORIENTED_EDGE ( 'NONE', *, *, #1429, .F. ) ;
#4168 = ORIENTED_EDGE ( 'NONE', *, *, #1138, .T. ) ;
#4169 = AXIS2_PLACEMENT_3D ( 'NONE', #2375, #2401, #3992 ) ;
#4170 = ORIENTED_EDGE ( 'NONE', *, *, #3269, .F. ) ;
#4171 = DIRECTION ( 'NONE',  ( -1.000000000000000000, -0.000000000000000000, -0.000000000000000000 ) ) ;
#4172 = LINE ( 'NONE', #1803, #311 ) ;
#4173 = FACE_OUTER_BOUND ( 'NONE', #2980, .T. ) ;
#4174 = VERTEX_POINT ( 'NONE', #3372 ) ;
#4175 = FACE_OUTER_BOUND ( 'NONE', #1937, .T. ) ;
#4176 = EDGE_LOOP ( 'NONE', ( #4589, #577, #3924, #4243 ) ) ;
#4177 = CARTESIAN_POINT ( 'NONE',  ( 32.40000000000000568, -1.100000000000000311, 5.549999999999998934 ) ) ;
#4178 = LINE ( 'NONE', #4330, #1507 ) ;
#4179 = LINE ( 'NONE', #4602, #5117 ) ;
#4180 = ORIENTED_EDGE ( 'NONE', *, *, #2255, .T. ) ;
#4181 = VECTOR ( 'NONE', #417, 1000.000000000000000 ) ;
#4182 = AXIS2_PLACEMENT_3D ( 'NONE', #3300, #4916, #4520 ) ;
#4183 = LINE ( 'NONE', #3008, #2407 ) ;
#4184 = DIRECTION ( 'NONE',  ( 0.000000000000000000, 0.000000000000000000, 1.000000000000000000 ) ) ;
#4185 = DIRECTION ( 'NONE',  ( 1.000000000000000000, 0.000000000000000000, 0.000000000000000000 ) ) ;
#4186 = VECTOR ( 'NONE', #344, 1000.000000000000000 ) ;
#4187 = ORIENTED_EDGE ( 'NONE', *, *, #2538, .F. ) ;
#4188 = VECTOR ( 'NONE', #1486, 1000.000000000000000 ) ;
#4189 = CARTESIAN_POINT ( 'NONE',  ( -23.48999999999999844, 1.600000000000000089, -20.25000000000000000 ) ) ;
#4190 = LINE ( 'NONE', #3766, #5070 ) ;
#4191 = EDGE_CURVE ( 'NONE', #2333, #1100, #2421, .T. ) ;
#4192 = ORIENTED_EDGE ( 'NONE', *, *, #2784, .T. ) ;
#4193 = EDGE_LOOP ( 'NONE', ( #739, #4999, #2176, #1237 ) ) ;
#4194 = EDGE_CURVE ( 'NONE', #1391, #537, #4221, .T. ) ;
#4195 = ORIENTED_EDGE ( 'NONE', *, *, #4670, .F. ) ;
#4196 = PLANE ( 'NONE',  #2934 ) ;
#4197 = DIRECTION ( 'NONE',  ( 0.000000000000000000, 0.000000000000000000, -1.000000000000000000 ) ) ;
#4198 = FACE_BOUND ( 'NONE', #3178, .T. ) ;
#4199 = EDGE_CURVE ( 'NONE', #4513, #837, #3821, .T. ) ;
#4200 = EDGE_LOOP ( 'NONE', ( #4742, #2875, #2468, #441 ) ) ;
#4201 = PLANE ( 'NONE',  #1733 ) ;
#4202 = ORIENTED_EDGE ( 'NONE', *, *, #2178, .F. ) ;
#4203 = DIRECTION ( 'NONE',  ( -0.000000000000000000, -1.000000000000000000, -0.000000000000000000 ) ) ;
#4204 = PLANE ( 'NONE',  #401 ) ;
#4205 = DIRECTION ( 'NONE',  ( -1.000000000000000000, 0.000000000000000000, -0.000000000000000000 ) ) ;
#4206 = ORIENTED_EDGE ( 'NONE', *, *, #4447, .T. ) ;
#4207 = EDGE_CURVE ( 'NONE', #1740, #1670, #948, .T. ) ;
#4208 = DIRECTION ( 'NONE',  ( -0.000000000000000000, -0.000000000000000000, 1.000000000000000000 ) ) ;
#4209 = DIRECTION ( 'NONE',  ( -0.000000000000000000, -0.000000000000000000, 1.000000000000000000 ) ) ;
#4210 = LINE ( 'NONE', #5005, #246 ) ;
#4211 = ORIENTED_EDGE ( 'NONE', *, *, #2233, .T. ) ;
#4212 = ADVANCED_FACE ( 'NONE', ( #3322, #3746, #4567, #4838, #4198, #501, #4620, #1324, #553, #3349, #1375, #2945, #2998, #2122 ), #1299, .T. ) ;
#4213 = LINE ( 'NONE', #2988, #3346 ) ;
#4214 = DIRECTION ( 'NONE',  ( 0.000000000000000000, 0.000000000000000000, -1.000000000000000000 ) ) ;
#4215 = ORIENTED_EDGE ( 'NONE', *, *, #2595, .T. ) ;
#4216 = EDGE_LOOP ( 'NONE', ( #4348, #1262, #3612, #1873 ) ) ;
#4217 = EDGE_CURVE ( 'NONE', #4174, #1615, #4443, .T. ) ;
#4218 = ORIENTED_EDGE ( 'NONE', *, *, #3253, .T. ) ;
#4219 = CARTESIAN_POINT ( 'NONE',  ( 0.000000000000000000, -4.400000000000000355, -6.250000000000000000 ) ) ;
#4220 = DIRECTION ( 'NONE',  ( -1.000000000000000000, 0.000000000000000000, -0.000000000000000000 ) ) ;
#4221 = LINE ( 'NONE', #4044, #3559 ) ;
#4222 = VERTEX_POINT ( 'NONE', #130 ) ;
#4223 = VECTOR ( 'NONE', #1069, 1000.000000000000000 ) ;
#4224 = FACE_BOUND ( 'NONE', #3113, .T. ) ;
#4225 = ADVANCED_FACE ( 'NONE', ( #1730 ), #975, .F. ) ;
#4226 = AXIS2_PLACEMENT_3D ( 'NONE', #5034, #3038, #3915 ) ;
#4227 = ORIENTED_EDGE ( 'NONE', *, *, #4125, .T. ) ;
#4228 = PRESENTATION_STYLE_ASSIGNMENT (( #1330 ) ) ;
#4229 = CARTESIAN_POINT ( 'NONE',  ( -33.49999999999998579, 0.000000000000000000, 16.50000000000000000 ) ) ;
#4230 = EDGE_CURVE ( 'NONE', #4101, #1740, #474, .T. ) ;
#4231 = CARTESIAN_POINT ( 'NONE',  ( -13.32999999999999474, 11.09999999999999964, -20.25000000000000000 ) ) ;
#4232 = EDGE_LOOP ( 'NONE', ( #1686, #882, #4195, #4060 ) ) ;
#4233 = DIRECTION ( 'NONE',  ( 1.000000000000000000, 0.000000000000000000, 0.000000000000000000 ) ) ;
#4234 = DIRECTION ( 'NONE',  ( 0.000000000000000000, 0.000000000000000000, 1.000000000000000000 ) ) ;
#4235 = ORIENTED_EDGE ( 'NONE', *, *, #1529, .F. ) ;
#4236 = EDGE_LOOP ( 'NONE', ( #1849, #3805, #3982, #1126 ) ) ;
#4237 = AXIS2_PLACEMENT_3D ( 'NONE', #2376, #354, #1948 ) ;
#4238 = CARTESIAN_POINT ( 'NONE',  ( -8.249999999999992895, 11.09999999999999964, -19.25000000000000000 ) ) ;
#4239 = ADVANCED_FACE ( 'NONE', ( #1754 ), #1350, .F. ) ;
#4240 = DIRECTION ( 'NONE',  ( -1.000000000000000000, -0.000000000000000000, -0.000000000000000000 ) ) ;
#4241 = VERTEX_POINT ( 'NONE', #153 ) ;
#4242 = CARTESIAN_POINT ( 'NONE',  ( 37.50000000000000711, -2.700000000000000622, 7.449999999999999289 ) ) ;
#4243 = ORIENTED_EDGE ( 'NONE', *, *, #680, .T. ) ;
#4244 = DIRECTION ( 'NONE',  ( 0.000000000000000000, 0.000000000000000000, -1.000000000000000000 ) ) ;
#4245 = LINE ( 'NONE', #1404, #1678 ) ;
#4246 = LINE ( 'NONE', #603, #1425 ) ;
#4247 = EDGE_LOOP ( 'NONE', ( #1978, #5179, #3973, #3743 ) ) ;
#4248 = EDGE_CURVE ( 'NONE', #87, #3996, #5014, .T. ) ;
#4249 = VECTOR ( 'NONE', #3856, 1000.000000000000000 ) ;
#4250 = CARTESIAN_POINT ( 'NONE',  ( 37.50000000000000711, 0.000000000000000000, 7.449999999999999289 ) ) ;
#4251 = EDGE_LOOP ( 'NONE', ( #1747, #3847, #2620, #207 ) ) ;
#4252 = CARTESIAN_POINT ( 'NONE',  ( -13.32999999999999474, 1.600000000000000089, 19.25000000000000000 ) ) ;
#4253 = FACE_OUTER_BOUND ( 'NONE', #2190, .T. ) ;
#4254 = EDGE_CURVE ( 'NONE', #4842, #497, #1201, .T. ) ;
#4255 = ADVANCED_FACE ( 'NONE', ( #1703 ), #2520, .T. ) ;
#4256 = PLANE ( 'NONE',  #4775 ) ;
#4257 = VERTEX_POINT ( 'NONE', #5066 ) ;
#4258 = EDGE_CURVE ( 'NONE', #2674, #4616, #308, .T. ) ;
#4259 = LINE ( 'NONE', #1793, #3259 ) ;
#4260 = DIRECTION ( 'NONE',  ( -0.000000000000000000, -1.000000000000000000, -0.000000000000000000 ) ) ;
#4261 = EDGE_LOOP ( 'NONE', ( #2465, #4510, #859, #1667 ) ) ;
#4262 = VECTOR ( 'NONE', #236, 1000.000000000000000 ) ;
#4263 = CARTESIAN_POINT ( 'NONE',  ( 0.000000000000000000, 1.600000000000000089, 0.000000000000000000 ) ) ;
#4264 = CARTESIAN_POINT ( 'NONE',  ( 4.450000000000009948, 11.09999999999999964, 20.25000000000000000 ) ) ;
#4265 = AXIS2_PLACEMENT_3D ( 'NONE', #3981, #1961, #3132 ) ;
#4266 = ORIENTED_EDGE ( 'NONE', *, *, #3246, .T. ) ;
#4267 = CARTESIAN_POINT ( 'NONE',  ( -9.789999999999993818, 11.09999999999999964, 19.25000000000000000 ) ) ;
#4268 = EDGE_CURVE ( 'NONE', #4635, #3968, #679, .T. ) ;
#4269 = VECTOR ( 'NONE', #786, 1000.000000000000000 ) ;
#4270 = VERTEX_POINT ( 'NONE', #3072 ) ;
#4271 = DIRECTION ( 'NONE',  ( 0.000000000000000000, 1.000000000000000000, 0.000000000000000000 ) ) ;
#4272 = LINE ( 'NONE', #1554, #491 ) ;
#4273 = DIRECTION ( 'NONE',  ( -0.000000000000000000, -0.000000000000000000, -1.000000000000000000 ) ) ;
#4274 = ORIENTED_EDGE ( 'NONE', *, *, #1814, .T. ) ;
#4275 = PLANE ( 'NONE',  #4771 ) ;
#4276 = AXIS2_PLACEMENT_3D ( 'NONE', #4448, #4392, #1124 ) ;
#4277 = DIRECTION ( 'NONE',  ( 0.000000000000000000, 0.000000000000000000, 1.000000000000000000 ) ) ;
#4278 = DIRECTION ( 'NONE',  ( 1.000000000000000000, 0.000000000000000000, 0.000000000000000000 ) ) ;
#4279 = PLANE ( 'NONE',  #3795 ) ;
#4280 = LINE ( 'NONE', #1861, #876 ) ;
#4281 = VERTEX_POINT ( 'NONE', #2673 ) ;
#4282 = EDGE_CURVE ( 'NONE', #3225, #4281, #231, .T. ) ;
#4283 = DIRECTION ( 'NONE',  ( -0.000000000000000000, -1.000000000000000000, -0.000000000000000000 ) ) ;
#4284 = CARTESIAN_POINT ( 'NONE',  ( -23.48999999999999844, 1.600000000000000089, -20.25000000000000000 ) ) ;
#4285 = DIRECTION ( 'NONE',  ( 1.000000000000000000, 0.000000000000000000, 0.000000000000000000 ) ) ;
#4286 = VERTEX_POINT ( 'NONE', #5092 ) ;
#4287 = EDGE_CURVE ( 'NONE', #390, #2830, #2700, .T. ) ;
#4288 = DIRECTION ( 'NONE',  ( 1.000000000000000000, 0.000000000000000000, 0.000000000000000000 ) ) ;
#4289 = VECTOR ( 'NONE', #4542, 1000.000000000000000 ) ;
#4290 = DIRECTION ( 'NONE',  ( -1.000000000000000000, -0.000000000000000000, -0.000000000000000000 ) ) ;
#4291 = ORIENTED_EDGE ( 'NONE', *, *, #3572, .T. ) ;
#4292 = FACE_OUTER_BOUND ( 'NONE', #1726, .T. ) ;
#4293 = ORIENTED_EDGE ( 'NONE', *, *, #3860, .F. ) ;
#4294 = DIRECTION ( 'NONE',  ( -1.000000000000000000, -2.514091994169285716E-16, 0.000000000000000000 ) ) ;
#4295 = DIRECTION ( 'NONE',  ( 0.000000000000000000, -1.000000000000000000, 0.000000000000000000 ) ) ;
#4296 = CARTESIAN_POINT ( 'NONE',  ( -10.78999999999999382, 1.600000000000000089, -20.25000000000000000 ) ) ;
#4297 = ORIENTED_EDGE ( 'NONE', *, *, #3, .F. ) ;
#4298 = CARTESIAN_POINT ( 'NONE',  ( 1.910000000000009024, 11.09999999999999964, -20.25000000000000000 ) ) ;
#4299 = FACE_OUTER_BOUND ( 'NONE', #2599, .T. ) ;
#4300 = LINE ( 'NONE', #1488, #5195 ) ;
#4301 = ORIENTED_EDGE ( 'NONE', *, *, #4959, .T. ) ;
#4302 = DIRECTION ( 'NONE',  ( -0.000000000000000000, -1.000000000000000000, -0.000000000000000000 ) ) ;
#4303 = EDGE_CURVE ( 'NONE', #2814, #3345, #1852, .T. ) ;
#4304 = VECTOR ( 'NONE', #2157, 1000.000000000000000 ) ;
#4305 = DIRECTION ( 'NONE',  ( 0.000000000000000000, 0.000000000000000000, 1.000000000000000000 ) ) ;
#4306 = ORIENTED_EDGE ( 'NONE', *, *, #4282, .F. ) ;
#4307 = PRODUCT_DEFINITION_CONTEXT ( 'detailed design', #1250, 'design' ) ;
#4308 = CARTESIAN_POINT ( 'NONE',  ( -18.40999999999999659, 1.600000000000000089, -20.25000000000000000 ) ) ;
#4309 = FACE_OUTER_BOUND ( 'NONE', #711, .T. ) ;
#4310 = CARTESIAN_POINT ( 'NONE',  ( 33.50000000000000000, 1.600000000000000089, -20.50000000000000355 ) ) ;
#4311 = CARTESIAN_POINT ( 'NONE',  ( 37.50000000000000711, 0.000000000000000000, 22.49999999999999645 ) ) ;
#4312 = EDGE_CURVE ( 'NONE', #497, #3655, #4716, .T. ) ;
#4313 = ORIENTED_EDGE ( 'NONE', *, *, #262, .T. ) ;
#4314 = DIRECTION ( 'NONE',  ( -1.000000000000000000, 0.000000000000000000, -0.000000000000000000 ) ) ;
#4315 = CARTESIAN_POINT ( 'NONE',  ( 37.50000000000000711, 0.000000000000000000, 7.449999999999999289 ) ) ;
#4316 = ORIENTED_EDGE ( 'NONE', *, *, #1066, .T. ) ;
#4317 = PLANE ( 'NONE',  #4159 ) ;
#4318 = EDGE_CURVE ( 'NONE', #3545, #3694, #4692, .T. ) ;
#4319 = ORIENTED_EDGE ( 'NONE', *, *, #4287, .T. ) ;
#4320 = EDGE_CURVE ( 'NONE', #724, #3267, #3220, .T. ) ;
#4321 = VECTOR ( 'NONE', #3163, 1000.000000000000000 ) ;
#4322 = LINE ( 'NONE', #4715, #1097 ) ;
#4323 = CARTESIAN_POINT ( 'NONE',  ( -9.789999999999993818, 11.09999999999999964, -19.25000000000000000 ) ) ;
#4324 = ORIENTED_EDGE ( 'NONE', *, *, #5255, .T. ) ;
#4325 = VECTOR ( 'NONE', #4294, 1000.000000000000000 ) ;
#4326 = CARTESIAN_POINT ( 'NONE',  ( 6.990000000000009983, 11.09999999999999964, -19.25000000000000000 ) ) ;
#4327 = DIRECTION ( 'NONE',  ( 1.196361017915039486E-16, 0.000000000000000000, -1.000000000000000000 ) ) ;
#4328 = CARTESIAN_POINT ( 'NONE',  ( -24.39999999999999147, 1.600000000000000089, -18.60000000000000142 ) ) ;
#4329 = VERTEX_POINT ( 'NONE', #3524 ) ;
#4330 = CARTESIAN_POINT ( 'NONE',  ( -15.86999999999999567, 1.600000000000000089, 19.25000000000000000 ) ) ;
#4331 = DIRECTION ( 'NONE',  ( -1.000000000000000000, 0.000000000000000000, 0.000000000000000000 ) ) ;
#4332 = EDGE_LOOP ( 'NONE', ( #2446, #761, #3999, #2602 ) ) ;
#4333 = DIRECTION ( 'NONE',  ( -1.000000000000000000, -0.000000000000000000, -0.000000000000000000 ) ) ;
#4334 = DIRECTION ( 'NONE',  ( 0.000000000000000000, 0.000000000000000000, -1.000000000000000000 ) ) ;
#4335 = LINE ( 'NONE', #4728, #4418 ) ;
#4336 = DIRECTION ( 'NONE',  ( 0.000000000000000000, 0.000000000000000000, 1.000000000000000000 ) ) ;
#4337 = ORIENTED_EDGE ( 'NONE', *, *, #3323, .F. ) ;
#4338 = CARTESIAN_POINT ( 'NONE',  ( -3.169999999999992379, 11.09999999999999964, -19.25000000000000000 ) ) ;
#4339 = LINE ( 'NONE', #1528, #2954 ) ;
#4340 = ORIENTED_EDGE ( 'NONE', *, *, #4608, .F. ) ;
#4341 = CARTESIAN_POINT ( 'NONE',  ( -18.40999999999999659, 11.09999999999999964, 20.25000000000000000 ) ) ;
#4342 = VECTOR ( 'NONE', #3934, 1000.000000000000000 ) ;
#4343 = VERTEX_POINT ( 'NONE', #5146 ) ;
#4344 = ADVANCED_FACE ( 'NONE', ( #1056 ), #1509, .T. ) ;
#4345 = AXIS2_PLACEMENT_3D ( 'NONE', #3776, #4993, #1352 ) ;
#4346 = FACE_OUTER_BOUND ( 'NONE', #4714, .T. ) ;
#4347 = DIRECTION ( 'NONE',  ( 0.000000000000000000, -1.000000000000000000, 0.000000000000000000 ) ) ;
#4348 = ORIENTED_EDGE ( 'NONE', *, *, #939, .F. ) ;
#4349 = EDGE_CURVE ( 'NONE', #1908, #3350, #3046, .T. ) ;
#4350 = CARTESIAN_POINT ( 'NONE',  ( -15.86999999999999567, 1.600000000000000089, 20.25000000000000000 ) ) ;
#4351 = DIRECTION ( 'NONE',  ( 1.000000000000000000, 0.000000000000000000, 0.000000000000000000 ) ) ;
#4352 = EDGE_CURVE ( 'NONE', #251, #3216, #3895, .T. ) ;
#4353 = CARTESIAN_POINT ( 'NONE',  ( -17.40999999999999659, 11.09999999999999964, -20.25000000000000000 ) ) ;
#4354 = AXIS2_PLACEMENT_3D ( 'NONE', #3962, #325, #3566 ) ;
#4355 = EDGE_LOOP ( 'NONE', ( #2837, #2804, #2325, #4154 ) ) ;
#4356 = PLANE ( 'NONE',  #3375 ) ;
#4357 = VECTOR ( 'NONE', #722, 1000.000000000000000 ) ;
#4358 = PLANE ( 'NONE',  #1470 ) ;
#4359 = ORIENTED_EDGE ( 'NONE', *, *, #1994, .T. ) ;
#4360 = LINE ( 'NONE', #716, #1211 ) ;
#4361 = DIRECTION ( 'NONE',  ( 0.000000000000000000, 0.000000000000000000, 1.000000000000000000 ) ) ;
#4362 = PLANE ( 'NONE',  #3964 ) ;
#4363 = PLANE ( 'NONE',  #4354 ) ;
#4364 = ORIENTED_EDGE ( 'NONE', *, *, #2287, .T. ) ;
#4365 = CARTESIAN_POINT ( 'NONE',  ( 12.59999999999999964, 1.600000000000000089, -10.50000000000000000 ) ) ;
#4366 = ORIENTED_EDGE ( 'NONE', *, *, #2526, .T. ) ;
#4367 = ADVANCED_FACE ( 'NONE', ( #3021, #1903, #3123, #286, #206, #256 ), #3871, .T. ) ;
#4368 = CARTESIAN_POINT ( 'NONE',  ( -19.94999999999999574, 11.09999999999999964, -20.25000000000000000 ) ) ;
#4369 = AXIS2_PLACEMENT_3D ( 'NONE', #503, #1732, #1326 ) ;
#4370 = VERTEX_POINT ( 'NONE', #3501 ) ;
#4371 = FACE_OUTER_BOUND ( 'NONE', #2405, .T. ) ;
#4372 = DIRECTION ( 'NONE',  ( 1.000000000000000000, 0.000000000000000000, 0.000000000000000000 ) ) ;
#4373 = VERTEX_POINT ( 'NONE', #1484 ) ;
#4374 = LINE ( 'NONE', #4350, #2577 ) ;
#4375 = EDGE_CURVE ( 'NONE', #4671, #747, #2725, .T. ) ;
#4376 = LINE ( 'NONE', #1568, #1123 ) ;
#4377 = LINE ( 'NONE', #710, #2391 ) ;
#4378 = ORIENTED_EDGE ( 'NONE', *, *, #4920, .F. ) ;
#4379 = CARTESIAN_POINT ( 'NONE',  ( 0.000000000000000000, 1.600000000000000089, 0.000000000000000000 ) ) ;
#4380 = DIRECTION ( 'NONE',  ( 0.000000000000000000, 0.000000000000000000, 1.000000000000000000 ) ) ;
#4381 = EDGE_CURVE ( 'NONE', #3968, #3636, #4246, .T. ) ;
#4382 = VERTEX_POINT ( 'NONE', #3923 ) ;
#4383 = VECTOR ( 'NONE', #1001, 1000.000000000000000 ) ;
#4384 = DIRECTION ( 'NONE',  ( 0.000000000000000000, -0.000000000000000000, -1.000000000000000000 ) ) ;
#4385 = EDGE_CURVE ( 'NONE', #3057, #490, #4666, .T. ) ;
#4386 = LINE ( 'NONE', #347, #506 ) ;
#4387 = CARTESIAN_POINT ( 'NONE',  ( -19.94999999999999574, 11.09999999999999964, 19.25000000000000000 ) ) ;
#4388 = LINE ( 'NONE', #2370, #538 ) ;
#4389 = VERTEX_POINT ( 'NONE', #3177 ) ;
#4390 = AXIS2_PLACEMENT_3D ( 'NONE', #3659, #1982, #3631 ) ;
#4391 = VECTOR ( 'NONE', #936, 1000.000000000000000 ) ;
#4392 = DIRECTION ( 'NONE',  ( 0.000000000000000000, -1.000000000000000000, 0.000000000000000000 ) ) ;
#4393 = PLANE ( 'NONE',  #4169 ) ;
#4394 = LINE ( 'NONE', #3600, #1942 ) ;
#4395 = ORIENTED_EDGE ( 'NONE', *, *, #4772, .T. ) ;
#4396 = ORIENTED_EDGE ( 'NONE', *, *, #1005, .T. ) ;
#4397 = FACE_OUTER_BOUND ( 'NONE', #2207, .T. ) ;
#4398 = LINE ( 'NONE', #1644, #4564 ) ;
#4399 = ORIENTED_EDGE ( 'NONE', *, *, #5122, .T. ) ;
#4400 = CARTESIAN_POINT ( 'NONE',  ( 32.40000000000000568, -1.100000000000000311, 5.549999999999998934 ) ) ;
#4401 = CIRCLE ( 'NONE', #3131, 1.999999999999994893 ) ;
#4402 = ORIENTED_EDGE ( 'NONE', *, *, #2145, .T. ) ;
#4403 = VECTOR ( 'NONE', #4078, 1000.000000000000000 ) ;
#4404 = FACE_OUTER_BOUND ( 'NONE', #2492, .T. ) ;
#4405 = VECTOR ( 'NONE', #3765, 1000.000000000000000 ) ;
#4406 = EDGE_CURVE ( 'NONE', #816, #1397, #2460, .T. ) ;
#4407 = EDGE_LOOP ( 'NONE', ( #3750, #3815, #362, #3373 ) ) ;
#4408 = CARTESIAN_POINT ( 'NONE',  ( 0.000000000000000000, 1.600000000000000089, 0.000000000000000000 ) ) ;
#4409 = CARTESIAN_POINT ( 'NONE',  ( -17.40999999999999659, 11.09999999999999964, -20.25000000000000000 ) ) ;
#4410 = ORIENTED_EDGE ( 'NONE', *, *, #544, .T. ) ;
#4411 = PLANE ( 'NONE',  #1036 ) ;
#4412 = ADVANCED_FACE ( 'NONE', ( #2008 ), #1186, .T. ) ;
#4413 = ADVANCED_FACE ( 'NONE', ( #4795 ), #1157, .T. ) ;
#4414 = DIRECTION ( 'NONE',  ( 0.000000000000000000, 0.000000000000000000, 1.000000000000000000 ) ) ;
#4415 = DIRECTION ( 'NONE',  ( -1.000000000000000000, -0.000000000000000000, -0.000000000000000000 ) ) ;
#4416 = CARTESIAN_POINT ( 'NONE',  ( -30.24999999999999289, 4.750000000000000000, 4.400000000000001243 ) ) ;
#4417 = EDGE_LOOP ( 'NONE', ( #1319, #4061, #2212, #4964 ) ) ;
#4418 = VECTOR ( 'NONE', #3137, 1000.000000000000000 ) ;
#4419 = EDGE_CURVE ( 'NONE', #2593, #5071, #2381, .T. ) ;
#4420 = ADVANCED_FACE ( 'NONE', ( #836 ), #2034, .T. ) ;
#4421 = CARTESIAN_POINT ( 'NONE',  ( -33.49999999999998579, 1.600000000000000089, -16.50000000000000000 ) ) ;
#4422 = CARTESIAN_POINT ( 'NONE',  ( 33.50000000000000000, 1.600000000000000089, -18.50000000000000355 ) ) ;
#4423 = PLANE ( 'NONE',  #3732 ) ;
#4424 = VERTEX_POINT ( 'NONE', #1587 ) ;
#4425 = EDGE_LOOP ( 'NONE', ( #1579, #2927, #4075, #4460 ) ) ;
#4426 = DIRECTION ( 'NONE',  ( -1.000000000000000000, 0.000000000000000000, 0.000000000000000000 ) ) ;
#4427 = CARTESIAN_POINT ( 'NONE',  ( 4.450000000000009948, 11.09999999999999964, -20.25000000000000000 ) ) ;
#4428 = ORIENTED_EDGE ( 'NONE', *, *, #3405, .T. ) ;
#4429 = ADVANCED_FACE ( 'NONE', ( #2803 ), #14, .T. ) ;
#4430 = ORIENTED_EDGE ( 'NONE', *, *, #1853, .T. ) ;
#4431 = CARTESIAN_POINT ( 'NONE',  ( 34.30000000000000426, 0.000000000000000000, 7.449999999999999289 ) ) ;
#4432 = AXIS2_PLACEMENT_3D ( 'NONE', #321, #2787, #3563 ) ;
#4433 = ORIENTED_EDGE ( 'NONE', *, *, #581, .T. ) ;
#4434 = DIRECTION ( 'NONE',  ( -1.000000000000000000, 0.000000000000000000, -0.000000000000000000 ) ) ;
#4435 = ORIENTED_EDGE ( 'NONE', *, *, #834, .T. ) ;
#4436 = LINE ( 'NONE', #3351, #3439 ) ;
#4437 = VECTOR ( 'NONE', #5209, 1000.000000000000000 ) ;
#4438 = CARTESIAN_POINT ( 'NONE',  ( -5.709999999999992859, 11.09999999999999964, -19.25000000000000000 ) ) ;
#4439 = ORIENTED_EDGE ( 'NONE', *, *, #4596, .T. ) ;
#4440 = EDGE_LOOP ( 'NONE', ( #2220, #3065, #1842, #1340, #4942, #4064, #2437, #755, #2417, #4508, #3629, #3531 ) ) ;
#4441 = VECTOR ( 'NONE', #4797, 1000.000000000000000 ) ;
#4442 = FACE_OUTER_BOUND ( 'NONE', #4475, .T. ) ;
#4443 = LINE ( 'NONE', #104, #4739 ) ;
#4444 = CARTESIAN_POINT ( 'NONE',  ( -7.249999999999992895, 11.09999999999999964, 19.25000000000000000 ) ) ;
#4445 = CARTESIAN_POINT ( 'NONE',  ( -9.789999999999993818, 1.600000000000000089, 19.25000000000000000 ) ) ;
#4446 = ORIENTED_EDGE ( 'NONE', *, *, #555, .F. ) ;
#4447 = EDGE_CURVE ( 'NONE', #3788, #38, #4398, .T. ) ;
#4448 = CARTESIAN_POINT ( 'NONE',  ( 0.000000000000000000, 1.600000000000000089, 0.000000000000000000 ) ) ;
#4449 = DIRECTION ( 'NONE',  ( -0.000000000000000000, -0.000000000000000000, 1.000000000000000000 ) ) ;
#4450 = DIRECTION ( 'NONE',  ( -0.000000000000000000, 0.000000000000000000, 1.000000000000000000 ) ) ;
#4451 = VERTEX_POINT ( 'NONE', #2751 ) ;
#4452 = ADVANCED_FACE ( 'NONE', ( #757 ), #2353, .F. ) ;
#4453 = VERTEX_POINT ( 'NONE', #3998 ) ;
#4454 = PLANE ( 'NONE',  #3223 ) ;
#4455 = DIRECTION ( 'NONE',  ( 0.000000000000000000, 0.000000000000000000, -1.000000000000000000 ) ) ;
#4456 = EDGE_LOOP ( 'NONE', ( #3669, #4095, #3079, #1089 ) ) ;
#4457 = EDGE_LOOP ( 'NONE', ( #1115, #2941, #3813, #2962 ) ) ;
#4458 = VERTEX_POINT ( 'NONE', #361 ) ;
#4459 = FACE_OUTER_BOUND ( 'NONE', #1122, .T. ) ;
#4460 = ORIENTED_EDGE ( 'NONE', *, *, #3572, .F. ) ;
#4461 = AXIS2_PLACEMENT_3D ( 'NONE', #284, #4271, #3500 ) ;
#4462 = PLANE ( 'NONE',  #1148 ) ;
#4463 = DIRECTION ( 'NONE',  ( 0.000000000000000000, 0.000000000000000000, -1.000000000000000000 ) ) ;
#4464 = VERTEX_POINT ( 'NONE', #2856 ) ;
#4465 = EDGE_LOOP ( 'NONE', ( #4324, #4752, #1371, #3444, #618, #232, #4663, #549, #4819, #918, #832, #469 ) ) ;
#4466 = DIRECTION ( 'NONE',  ( -0.000000000000000000, -1.000000000000000000, -0.000000000000000000 ) ) ;
#4467 = DIRECTION ( 'NONE',  ( 0.000000000000000000, 0.000000000000000000, 1.000000000000000000 ) ) ;
#4468 = CARTESIAN_POINT ( 'NONE',  ( -13.32999999999999474, 1.600000000000000089, 20.25000000000000000 ) ) ;
#4469 = ORIENTED_EDGE ( 'NONE', *, *, #271, .T. ) ;
#4470 = CARTESIAN_POINT ( 'NONE',  ( -18.40999999999999659, 11.09999999999999964, 19.25000000000000000 ) ) ;
#4471 = CARTESIAN_POINT ( 'NONE',  ( -2.169999999999991491, 11.09999999999999964, -20.25000000000000000 ) ) ;
#4472 = ADVANCED_FACE ( 'NONE', ( #4030 ), #388, .T. ) ;
#4473 = CARTESIAN_POINT ( 'NONE',  ( -14.86999999999999389, 11.09999999999999964, 20.25000000000000000 ) ) ;
#4474 = AXIS2_PLACEMENT_3D ( 'NONE', #54, #2901, #427 ) ;
#4475 = EDGE_LOOP ( 'NONE', ( #5147, #306, #131, #2727 ) ) ;
#4476 = AXIS2_PLACEMENT_3D ( 'NONE', #4113, #4138, #467 ) ;
#4477 = EDGE_LOOP ( 'NONE', ( #214, #4519 ) ) ;
#4478 = CARTESIAN_POINT ( 'NONE',  ( -5.709999999999992859, 1.600000000000000089, 19.25000000000000000 ) ) ;
#4479 = DIRECTION ( 'NONE',  ( -0.000000000000000000, -1.000000000000000000, -0.000000000000000000 ) ) ;
#4480 = EDGE_CURVE ( 'NONE', #3155, #2973, #4083, .T. ) ;
#4481 = ORIENTED_EDGE ( 'NONE', *, *, #95, .F. ) ;
#4482 = ORIENTED_EDGE ( 'NONE', *, *, #646, .T. ) ;
#4483 = ADVANCED_FACE ( 'NONE', ( #3234 ), #4767, .F. ) ;
#4484 = ORIENTED_EDGE ( 'NONE', *, *, #3374, .F. ) ;
#4485 = CARTESIAN_POINT ( 'NONE',  ( 6.990000000000009983, 11.09999999999999964, -19.25000000000000000 ) ) ;
#4486 = ORIENTED_EDGE ( 'NONE', *, *, #4951, .T. ) ;
#4487 = CARTESIAN_POINT ( 'NONE',  ( -18.40999999999999659, 11.09999999999999964, 20.25000000000000000 ) ) ;
#4488 = DIRECTION ( 'NONE',  ( 0.000000000000000000, 0.000000000000000000, -1.000000000000000000 ) ) ;
#4489 = ORIENTED_EDGE ( 'NONE', *, *, #3085, .F. ) ;
#4490 = ORIENTED_EDGE ( 'NONE', *, *, #2027, .F. ) ;
#4491 = AXIS2_PLACEMENT_3D ( 'NONE', #2510, #4923, #2587 ) ;
#4492 = LINE ( 'NONE', #3725, #610 ) ;
#4493 = VECTOR ( 'NONE', #690, 1000.000000000000000 ) ;
#4494 = CARTESIAN_POINT ( 'NONE',  ( 33.50000000000000000, 0.000000000000000000, 16.49999999999998579 ) ) ;
#4495 = VECTOR ( 'NONE', #2222, 1000.000000000000000 ) ;
#4496 = DIRECTION ( 'NONE',  ( 0.000000000000000000, 0.000000000000000000, 1.000000000000000000 ) ) ;
#4497 = VERTEX_POINT ( 'NONE', #3972 ) ;
#4498 = ADVANCED_FACE ( 'NONE', ( #2832 ), #810, .T. ) ;
#4499 = DIRECTION ( 'NONE',  ( -0.000000000000000000, -1.000000000000000000, -0.000000000000000000 ) ) ;
#4500 = CARTESIAN_POINT ( 'NONE',  ( 1.910000000000009024, 11.09999999999999964, -19.25000000000000000 ) ) ;
#4501 = CARTESIAN_POINT ( 'NONE',  ( -10.78999999999999382, 11.09999999999999964, 20.25000000000000000 ) ) ;
#4502 = VECTOR ( 'NONE', #3195, 1000.000000000000000 ) ;
#4503 = VERTEX_POINT ( 'NONE', #5200 ) ;
#4504 = VERTEX_POINT ( 'NONE', #1133 ) ;
#4505 = DIRECTION ( 'NONE',  ( 1.000000000000000000, 0.000000000000000000, 0.000000000000000000 ) ) ;
#4506 = DIRECTION ( 'NONE',  ( 0.000000000000000000, 0.000000000000000000, 1.000000000000000000 ) ) ;
#4507 = ORIENTED_EDGE ( 'NONE', *, *, #2165, .T. ) ;
#4508 = ORIENTED_EDGE ( 'NONE', *, *, #392, .T. ) ;
#4509 = EDGE_CURVE ( 'NONE', #3712, #412, #1563, .T. ) ;
#4510 = ORIENTED_EDGE ( 'NONE', *, *, #3208, .T. ) ;
#4511 = CARTESIAN_POINT ( 'NONE',  ( -15.86999999999999567, 11.09999999999999964, 20.25000000000000000 ) ) ;
#4512 = LINE ( 'NONE', #869, #2347 ) ;
#4513 = VERTEX_POINT ( 'NONE', #3389 ) ;
#4514 = LINE ( 'NONE', #21, #5139 ) ;
#4515 = ADVANCED_FACE ( 'NONE', ( #1696 ), #1669, .F. ) ;
#4516 = CARTESIAN_POINT ( 'NONE',  ( -15.86999999999999567, 1.600000000000000089, 19.25000000000000000 ) ) ;
#4517 = PRESENTATION_LAYER_ASSIGNMENT (  '', '', ( #952 ) ) ;
#4518 = EDGE_CURVE ( 'NONE', #4389, #143, #967, .T. ) ;
#4519 = ORIENTED_EDGE ( 'NONE', *, *, #2712, .T. ) ;
#4520 = DIRECTION ( 'NONE',  ( 0.000000000000000000, 0.000000000000000000, -1.000000000000000000 ) ) ;
#4521 = VECTOR ( 'NONE', #4544, 1000.000000000000000 ) ;
#4522 = LINE ( 'NONE', #2928, #569 ) ;
#4523 = CARTESIAN_POINT ( 'NONE',  ( -24.39999999999999147, 11.09999999999999964, -18.60000000000000142 ) ) ;
#4524 = ORIENTED_EDGE ( 'NONE', *, *, #485, .T. ) ;
#4525 = VECTOR ( 'NONE', #5215, 1000.000000000000000 ) ;
#4526 = DIRECTION ( 'NONE',  ( 0.000000000000000000, 0.000000000000000000, 1.000000000000000000 ) ) ;
#4527 = CARTESIAN_POINT ( 'NONE',  ( -8.249999999999992895, 11.09999999999999964, -20.25000000000000000 ) ) ;
#4528 = PLANE ( 'NONE',  #4059 ) ;
#4529 = ORIENTED_EDGE ( 'NONE', *, *, #3055, .T. ) ;
#4530 = AXIS2_PLACEMENT_3D ( 'NONE', #3702, #3677, #1234 ) ;
#4531 = DIRECTION ( 'NONE',  ( -0.000000000000000000, -1.000000000000000000, -0.000000000000000000 ) ) ;
#4532 = DIRECTION ( 'NONE',  ( -0.000000000000000000, -1.000000000000000000, -0.000000000000000000 ) ) ;
#4533 = EDGE_CURVE ( 'NONE', #3545, #4984, #1265, .T. ) ;
#4534 = DIRECTION ( 'NONE',  ( -0.000000000000000000, -1.000000000000000000, -0.000000000000000000 ) ) ;
#4535 = VERTEX_POINT ( 'NONE', #4982 ) ;
#4536 = ORIENTED_EDGE ( 'NONE', *, *, #798, .T. ) ;
#4537 = ORIENTED_EDGE ( 'NONE', *, *, #1468, .F. ) ;
#4538 = LINE ( 'NONE', #2148, #893 ) ;
#4539 = DIRECTION ( 'NONE',  ( 0.000000000000000000, 0.000000000000000000, 1.000000000000000000 ) ) ;
#4540 = DIRECTION ( 'NONE',  ( -0.000000000000000000, -1.000000000000000000, -0.000000000000000000 ) ) ;
#4541 = ORIENTED_EDGE ( 'NONE', *, *, #4320, .T. ) ;
#4542 = DIRECTION ( 'NONE',  ( -1.000000000000000000, -0.000000000000000000, -0.000000000000000000 ) ) ;
#4543 = EDGE_CURVE ( 'NONE', #1551, #785, #3341, .T. ) ;
#4544 = DIRECTION ( 'NONE',  ( 0.000000000000000000, 0.000000000000000000, 1.000000000000000000 ) ) ;
#4545 = EDGE_LOOP ( 'NONE', ( #524, #3942, #5059, #3199 ) ) ;
#4546 = VECTOR ( 'NONE', #3771, 1000.000000000000000 ) ;
#4547 = CARTESIAN_POINT ( 'NONE',  ( 37.50000000000000711, 1.600000000000000089, 22.49999999999999645 ) ) ;
#4548 = CARTESIAN_POINT ( 'NONE',  ( -24.39999999999999147, 11.09999999999999964, -20.90000000000000213 ) ) ;
#4549 = EDGE_CURVE ( 'NONE', #3495, #4824, #4190, .T. ) ;
#4550 = FACE_OUTER_BOUND ( 'NONE', #1977, .T. ) ;
#4551 = ORIENTED_EDGE ( 'NONE', *, *, #649, .T. ) ;
#4552 = ADVANCED_FACE ( 'NONE', ( #1343 ), #146, .T. ) ;
#4553 = DIRECTION ( 'NONE',  ( 1.000000000000000000, 0.000000000000000000, 0.000000000000000000 ) ) ;
#4554 = CARTESIAN_POINT ( 'NONE',  ( 7.990000000000010871, 11.09999999999999964, 19.25000000000000000 ) ) ;
#4555 = PLANE ( 'NONE',  #5082 ) ;
#4556 = EDGE_LOOP ( 'NONE', ( #3486, #1879, #1129, #173 ) ) ;
#4557 = PLANE ( 'NONE',  #671 ) ;
#4558 = DIRECTION ( 'NONE',  ( -1.000000000000000000, -0.000000000000000000, -0.000000000000000000 ) ) ;
#4559 = VECTOR ( 'NONE', #348, 1000.000000000000000 ) ;
#4560 = EDGE_LOOP ( 'NONE', ( #3706, #2311, #3235, #5010 ) ) ;
#4561 = VERTEX_POINT ( 'NONE', #438 ) ;
#4562 = ORIENTED_EDGE ( 'NONE', *, *, #1975, .F. ) ;
#4563 = DIRECTION ( 'NONE',  ( -1.000000000000000000, -2.514091994169285716E-16, 0.000000000000000000 ) ) ;
#4564 = VECTOR ( 'NONE', #4372, 1000.000000000000000 ) ;
#4565 = DIRECTION ( 'NONE',  ( -0.000000000000000000, -0.000000000000000000, 1.000000000000000000 ) ) ;
#4566 = VECTOR ( 'NONE', #2213, 1000.000000000000000 ) ;
#4567 = FACE_BOUND ( 'NONE', #3728, .T. ) ;
#4568 = VERTEX_POINT ( 'NONE', #1772 ) ;
#4569 = DIRECTION ( 'NONE',  ( 0.000000000000000000, -1.000000000000000000, 0.000000000000000000 ) ) ;
#4570 = ORIENTED_EDGE ( 'NONE', *, *, #3666, .F. ) ;
#4571 = ADVANCED_FACE ( 'NONE', ( #861 ), #2488, .F. ) ;
#4572 =( NAMED_UNIT ( * ) SI_UNIT ( $, .STERADIAN. ) SOLID_ANGLE_UNIT ( ) );
#4573 = PLANE ( 'NONE',  #994 ) ;
#4574 = CARTESIAN_POINT ( 'NONE',  ( -13.32999999999999474, 11.09999999999999964, 20.25000000000000000 ) ) ;
#4575 = ORIENTED_EDGE ( 'NONE', *, *, #1393, .T. ) ;
#4576 = EDGE_CURVE ( 'NONE', #1287, #655, #941, .T. ) ;
#4577 = VECTOR ( 'NONE', #1145, 1000.000000000000000 ) ;
#4578 = CARTESIAN_POINT ( 'NONE',  ( 37.50000000000000711, 0.000000000000000000, 6.250000000000000000 ) ) ;
#4579 = CARTESIAN_POINT ( 'NONE',  ( 6.990000000000009983, 11.09999999999999964, -20.25000000000000000 ) ) ;
#4580 = VECTOR ( 'NONE', #831, 1000.000000000000000 ) ;
#4581 = AXIS2_PLACEMENT_3D ( 'NONE', #2938, #1745, #914 ) ;
#4582 = CARTESIAN_POINT ( 'NONE',  ( 4.450000000000009948, 11.09999999999999964, 20.25000000000000000 ) ) ;
#4583 = EDGE_CURVE ( 'NONE', #5071, #4892, #2088, .T. ) ;
#4584 = VERTEX_POINT ( 'NONE', #2989 ) ;
#4585 = ADVANCED_FACE ( 'NONE', ( #495 ), #2112, .T. ) ;
#4586 = LINE ( 'NONE', #1315, #2968 ) ;
#4587 = DIRECTION ( 'NONE',  ( -1.000000000000000000, 0.000000000000000000, -0.000000000000000000 ) ) ;
#4588 = ORIENTED_EDGE ( 'NONE', *, *, #3628, .F. ) ;
#4589 = ORIENTED_EDGE ( 'NONE', *, *, #2748, .F. ) ;
#4590 = VECTOR ( 'NONE', #4654, 1000.000000000000000 ) ;
#4591 = EDGE_LOOP ( 'NONE', ( #195, #5126, #2187, #4031 ) ) ;
#4592 = CARTESIAN_POINT ( 'NONE',  ( 6.990000000000009983, 11.09999999999999964, 20.25000000000000000 ) ) ;
#4593 = LINE ( 'NONE', #2944, #3709 ) ;
#4594 = DIRECTION ( 'NONE',  ( -0.000000000000000000, -1.000000000000000000, -0.000000000000000000 ) ) ;
#4595 = ORIENTED_EDGE ( 'NONE', *, *, #3022, .T. ) ;
#4596 = EDGE_CURVE ( 'NONE', #2114, #412, #5008, .T. ) ;
#4597 = FACE_BOUND ( 'NONE', #3229, .T. ) ;
#4598 = DIRECTION ( 'NONE',  ( 0.000000000000000000, 0.000000000000000000, 1.000000000000000000 ) ) ;
#4599 = DIRECTION ( 'NONE',  ( 0.000000000000000000, -0.000000000000000000, 1.000000000000000000 ) ) ;
#4600 = LINE ( 'NONE', #211, #317 ) ;
#4601 = ADVANCED_FACE ( 'NONE', ( #3685 ), #3738, .T. ) ;
#4602 = CARTESIAN_POINT ( 'NONE',  ( 4.450000000000009948, 1.600000000000000089, -20.25000000000000000 ) ) ;
#4603 = VERTEX_POINT ( 'NONE', #3313 ) ;
#4604 = AXIS2_PLACEMENT_3D ( 'NONE', #4547, #929, #2554 ) ;
#4605 = CARTESIAN_POINT ( 'NONE',  ( -22.48999999999999488, 11.09999999999999964, -19.25000000000000000 ) ) ;
#4606 = LINE ( 'NONE', #2186, #3907 ) ;
#4607 = DIRECTION ( 'NONE',  ( 0.000000000000000000, 0.000000000000000000, 1.000000000000000000 ) ) ;
#4608 = EDGE_CURVE ( 'NONE', #635, #451, #2939, .T. ) ;
#4609 = ORIENTED_EDGE ( 'NONE', *, *, #745, .F. ) ;
#4610 = VECTOR ( 'NONE', #4531, 1000.000000000000000 ) ;
#4611 = DIRECTION ( 'NONE',  ( 0.000000000000000000, 0.000000000000000000, 1.000000000000000000 ) ) ;
#4612 = DIRECTION ( 'NONE',  ( 0.000000000000000000, 0.000000000000000000, 1.000000000000000000 ) ) ;
#4613 = ORIENTED_EDGE ( 'NONE', *, *, #3383, .T. ) ;
#4614 = AXIS2_PLACEMENT_3D ( 'NONE', #4627, #3032, #588 ) ;
#4615 = EDGE_CURVE ( 'NONE', #2889, #4892, #890, .T. ) ;
#4616 = VERTEX_POINT ( 'NONE', #915 ) ;
#4617 = EDGE_LOOP ( 'NONE', ( #3292, #2558, #1300, #784 ) ) ;
#4618 = CARTESIAN_POINT ( 'NONE',  ( 7.990000000000009095, 11.09999999999999964, -20.25000000000000000 ) ) ;
#4619 = DIRECTION ( 'NONE',  ( -0.000000000000000000, -0.000000000000000000, -1.000000000000000000 ) ) ;
#4620 = FACE_BOUND ( 'NONE', #2639, .T. ) ;
#4621 = VERTEX_POINT ( 'NONE', #2540 ) ;
#4622 = CARTESIAN_POINT ( 'NONE',  ( 6.990000000000009983, 11.09999999999999964, 19.25000000000000000 ) ) ;
#4623 = FACE_OUTER_BOUND ( 'NONE', #2833, .T. ) ;
#4624 = CARTESIAN_POINT ( 'NONE',  ( -3.169999999999992379, 1.600000000000000089, -19.25000000000000000 ) ) ;
#4625 = CARTESIAN_POINT ( 'NONE',  ( 1.910000000000009024, 1.600000000000000089, 20.25000000000000000 ) ) ;
#4626 = VERTEX_POINT ( 'NONE', #520 ) ;
#4627 = CARTESIAN_POINT ( 'NONE',  ( -20.94999999999999574, 11.09999999999999964, -20.25000000000000000 ) ) ;
#4628 = DIRECTION ( 'NONE',  ( -0.000000000000000000, -1.000000000000000000, -0.000000000000000000 ) ) ;
#4629 = ORIENTED_EDGE ( 'NONE', *, *, #1910, .T. ) ;
#4630 = CARTESIAN_POINT ( 'NONE',  ( -18.40999999999999659, 1.600000000000000089, 20.25000000000000000 ) ) ;
#4631 = ORIENTED_EDGE ( 'NONE', *, *, #1332, .T. ) ;
#4632 = EDGE_CURVE ( 'NONE', #1028, #2594, #2140, .T. ) ;
#4633 = DIRECTION ( 'NONE',  ( -0.000000000000000000, -0.000000000000000000, 1.000000000000000000 ) ) ;
#4634 = LINE ( 'NONE', #4660, #1929 ) ;
#4635 = VERTEX_POINT ( 'NONE', #1396 ) ;
#4636 = DIRECTION ( 'NONE',  ( 0.000000000000000000, 0.000000000000000000, -1.000000000000000000 ) ) ;
#4637 = VECTOR ( 'NONE', #1298, 1000.000000000000000 ) ;
#4638 = ORIENTED_EDGE ( 'NONE', *, *, #2366, .F. ) ;
#4639 = EDGE_CURVE ( 'NONE', #3483, #330, #1822, .T. ) ;
#4640 = PLANE ( 'NONE',  #2202 ) ;
#4641 = DIRECTION ( 'NONE',  ( -0.000000000000000000, -1.000000000000000000, -0.000000000000000000 ) ) ;
#4642 = DIRECTION ( 'NONE',  ( 0.000000000000000000, 0.000000000000000000, -1.000000000000000000 ) ) ;
#4643 = ORIENTED_EDGE ( 'NONE', *, *, #3089, .T. ) ;
#4644 = AXIS2_PLACEMENT_3D ( 'NONE', #1254, #852, #1280 ) ;
#4645 = EDGE_CURVE ( 'NONE', #56, #688, #3440, .T. ) ;
#4646 = FACE_BOUND ( 'NONE', #2343, .T. ) ;
#4647 = AXIS2_PLACEMENT_3D ( 'NONE', #277, #5085, #2266 ) ;
#4648 = ORIENTED_EDGE ( 'NONE', *, *, #3635, .T. ) ;
#4649 = CARTESIAN_POINT ( 'NONE',  ( -15.86999999999999567, 1.600000000000000089, -20.25000000000000000 ) ) ;
#4650 = DIRECTION ( 'NONE',  ( 0.000000000000000000, 0.000000000000000000, -1.000000000000000000 ) ) ;
#4651 = DIRECTION ( 'NONE',  ( 0.000000000000000000, 0.000000000000000000, -1.000000000000000000 ) ) ;
#4652 = ORIENTED_EDGE ( 'NONE', *, *, #3208, .F. ) ;
#4653 = CARTESIAN_POINT ( 'NONE',  ( -13.32999999999999474, 11.09999999999999964, 20.25000000000000000 ) ) ;
#4654 = DIRECTION ( 'NONE',  ( 1.000000000000000000, 0.000000000000000000, 0.000000000000000000 ) ) ;
#4655 = EDGE_CURVE ( 'NONE', #451, #4907, #645, .T. ) ;
#4656 = FACE_OUTER_BOUND ( 'NONE', #2746, .T. ) ;
#4657 = ORIENTED_EDGE ( 'NONE', *, *, #3666, .T. ) ;
#4658 = AXIS2_PLACEMENT_3D ( 'NONE', #3704, #2984, #2163 ) ;
#4659 = CARTESIAN_POINT ( 'NONE',  ( -13.32999999999999474, 1.600000000000000089, 19.25000000000000000 ) ) ;
#4660 = CARTESIAN_POINT ( 'NONE',  ( -13.32999999999999474, 11.09999999999999964, 20.25000000000000000 ) ) ;
#4661 = ORIENTED_EDGE ( 'NONE', *, *, #1869, .T. ) ;
#4662 = CARTESIAN_POINT ( 'NONE',  ( 32.40000000000000568, -5.200000000000001066, 5.549999999999998934 ) ) ;
#4663 = ORIENTED_EDGE ( 'NONE', *, *, #4639, .T. ) ;
#4664 = DIRECTION ( 'NONE',  ( -1.000000000000000000, 0.000000000000000000, -0.000000000000000000 ) ) ;
#4665 = LINE ( 'NONE', #3071, #1709 ) ;
#4666 = LINE ( 'NONE', #4057, #657 ) ;
#4667 = ORIENTED_EDGE ( 'NONE', *, *, #4645, .T. ) ;
#4668 = AXIS2_PLACEMENT_3D ( 'NONE', #1312, #1636, #118 ) ;
#4669 = DIRECTION ( 'NONE',  ( 0.000000000000000000, 0.000000000000000000, -1.000000000000000000 ) ) ;
#4670 = EDGE_CURVE ( 'NONE', #635, #4835, #3494, .T. ) ;
#4671 = VERTEX_POINT ( 'NONE', #1798 ) ;
#4672 = DIRECTION ( 'NONE',  ( 0.000000000000000000, -1.000000000000000000, 0.000000000000000000 ) ) ;
#4673 = CARTESIAN_POINT ( 'NONE',  ( -20.94999999999999574, 1.600000000000000089, 20.25000000000000000 ) ) ;
#4674 = LINE ( 'NONE', #2709, #2491 ) ;
#4675 = ADVANCED_FACE ( 'NONE', ( #3888 ), #3414, .T. ) ;
#4676 = EDGE_LOOP ( 'NONE', ( #2841, #4128, #1188, #2642 ) ) ;
#4677 = CARTESIAN_POINT ( 'NONE',  ( -30.24999999999999289, 1.600000000000000089, 4.400000000000001243 ) ) ;
#4678 = LINE ( 'NONE', #1042, #3742 ) ;
#4679 = LINE ( 'NONE', #243, #4990 ) ;
#4680 = VECTOR ( 'NONE', #1933, 1000.000000000000000 ) ;
#4681 = ORIENTED_EDGE ( 'NONE', *, *, #2693, .F. ) ;
#4682 = VECTOR ( 'NONE', #1603, 1000.000000000000000 ) ;
#4683 = LINE ( 'NONE', #1047, #3134 ) ;
#4684 = DIRECTION ( 'NONE',  ( 0.000000000000000000, 0.000000000000000000, -1.000000000000000000 ) ) ;
#4685 = VERTEX_POINT ( 'NONE', #199 ) ;
#4686 = CARTESIAN_POINT ( 'NONE',  ( 32.40000000000000568, -1.100000000000000311, 5.549999999999998934 ) ) ;
#4687 = AXIS2_PLACEMENT_3D ( 'NONE', #2626, #2251, #1855 ) ;
#4688 = ORIENTED_EDGE ( 'NONE', *, *, #5067, .F. ) ;
#4689 = EDGE_CURVE ( 'NONE', #4257, #1243, #4634, .T. ) ;
#4690 = FACE_OUTER_BOUND ( 'NONE', #223, .T. ) ;
#4691 = CARTESIAN_POINT ( 'NONE',  ( -15.86999999999999567, 11.09999999999999964, -20.25000000000000000 ) ) ;
#4692 = LINE ( 'NONE', #2649, #2542 ) ;
#4693 = ORIENTED_EDGE ( 'NONE', *, *, #3797, .F. ) ;
#4694 = DIRECTION ( 'NONE',  ( -0.000000000000000000, -1.000000000000000000, -0.000000000000000000 ) ) ;
#4695 = VECTOR ( 'NONE', #1766, 1000.000000000000000 ) ;
#4696 = LINE ( 'NONE', #2677, #1970 ) ;
#4697 = CARTESIAN_POINT ( 'NONE',  ( 0.000000000000000000, 1.600000000000000089, 0.000000000000000000 ) ) ;
#4698 = ADVANCED_FACE ( 'NONE', ( #250 ), #3465, .T. ) ;
#4699 = EDGE_LOOP ( 'NONE', ( #368, #773, #5242, #2418, #4469, #726, #4652, #3296 ) ) ;
#4700 = DIRECTION ( 'NONE',  ( 1.000000000000000000, -0.000000000000000000, 0.000000000000000000 ) ) ;
#4701 = DIRECTION ( 'NONE',  ( 0.000000000000000000, 0.000000000000000000, 1.000000000000000000 ) ) ;
#4702 = ORIENTED_EDGE ( 'NONE', *, *, #3859, .T. ) ;
#4703 = DIRECTION ( 'NONE',  ( -1.000000000000000000, 0.000000000000000000, 0.000000000000000000 ) ) ;
#4704 = FACE_OUTER_BOUND ( 'NONE', #5115, .T. ) ;
#4705 = DIRECTION ( 'NONE',  ( -0.000000000000000000, -1.000000000000000000, -0.000000000000000000 ) ) ;
#4706 = LINE ( 'NONE', #4311, #4566 ) ;
#4707 = VERTEX_POINT ( 'NONE', #3064 ) ;
#4708 = ADVANCED_FACE ( 'NONE', ( #1020 ), #1450, .T. ) ;
#4709 = CARTESIAN_POINT ( 'NONE',  ( 5.450000000000009948, 1.600000000000000089, -20.25000000000000000 ) ) ;
#4710 = AXIS2_PLACEMENT_3D ( 'NONE', #3156, #4777, #3186 ) ;
#4711 = PLANE ( 'NONE',  #1684 ) ;
#4712 = ORIENTED_EDGE ( 'NONE', *, *, #4906, .F. ) ;
#4713 = DIRECTION ( 'NONE',  ( 0.000000000000000000, -1.000000000000000000, 0.000000000000000000 ) ) ;
#4714 = EDGE_LOOP ( 'NONE', ( #999, #5030, #4168, #1833 ) ) ;
#4715 = CARTESIAN_POINT ( 'NONE',  ( -3.169999999999992379, 11.09999999999999964, -20.25000000000000000 ) ) ;
#4716 = LINE ( 'NONE', #2275, #4826 ) ;
#4717 = ORIENTED_EDGE ( 'NONE', *, *, #3109, .F. ) ;
#4718 = DIRECTION ( 'NONE',  ( -1.000000000000000000, 0.000000000000000000, -0.000000000000000000 ) ) ;
#4719 = CARTESIAN_POINT ( 'NONE',  ( 32.40000000000000568, -5.200000000000001066, -5.549999999999998934 ) ) ;
#4720 = CARTESIAN_POINT ( 'NONE',  ( -20.94999999999999574, 11.09999999999999964, 20.25000000000000000 ) ) ;
#4721 = EDGE_LOOP ( 'NONE', ( #4880, #2613, #698, #4575 ) ) ;
#4722 = LINE ( 'NONE', #686, #3198 ) ;
#4723 = AXIS2_PLACEMENT_3D ( 'NONE', #5134, #1997, #3620 ) ;
#4724 = LINE ( 'NONE', #2231, #4105 ) ;
#4725 = ORIENTED_EDGE ( 'NONE', *, *, #828, .F. ) ;
#4726 = DIRECTION ( 'NONE',  ( -0.000000000000000000, -1.000000000000000000, -0.000000000000000000 ) ) ;
#4727 = DIRECTION ( 'NONE',  ( 0.000000000000000000, 0.000000000000000000, -1.000000000000000000 ) ) ;
#4728 = CARTESIAN_POINT ( 'NONE',  ( 0.000000000000000000, 0.000000000000000000, -10.50000000000000000 ) ) ;
#4729 = EDGE_LOOP ( 'NONE', ( #5086, #4812, #4725, #1655 ) ) ;
#4730 = EDGE_CURVE ( 'NONE', #3996, #2090, #1478, .T. ) ;
#4731 = PLANE ( 'NONE',  #4954 ) ;
#4732 = DIRECTION ( 'NONE',  ( -0.000000000000000000, -1.000000000000000000, -0.000000000000000000 ) ) ;
#4733 = EDGE_CURVE ( 'NONE', #894, #4561, #2692, .T. ) ;
#4734 = ORIENTED_EDGE ( 'NONE', *, *, #4689, .F. ) ;
#4735 = CARTESIAN_POINT ( 'NONE',  ( -12.32999999999999297, 1.600000000000000089, -19.25000000000000000 ) ) ;
#4736 = ADVANCED_FACE ( 'NONE', ( #1048 ), #4711, .F. ) ;
#4737 = VECTOR ( 'NONE', #1825, 1000.000000000000000 ) ;
#4738 = VERTEX_POINT ( 'NONE', #2294 ) ;
#4739 = VECTOR ( 'NONE', #4540, 1000.000000000000000 ) ;
#4740 = DIRECTION ( 'NONE',  ( 1.000000000000000000, 0.000000000000000000, 0.000000000000000000 ) ) ;
#4741 = CARTESIAN_POINT ( 'NONE',  ( -0.6299999999999916778, 11.09999999999999964, -19.25000000000000000 ) ) ;
#4742 = ORIENTED_EDGE ( 'NONE', *, *, #2892, .T. ) ;
#4743 = AXIS2_PLACEMENT_3D ( 'NONE', #4263, #1797, #2188 ) ;
#4744 = PLANE ( 'NONE',  #194 ) ;
#4745 = CARTESIAN_POINT ( 'NONE',  ( 0.000000000000000000, 0.000000000000000000, -6.250000000000000000 ) ) ;
#4746 = EDGE_CURVE ( 'NONE', #2477, #4603, #1898, .T. ) ;
#4747 = CARTESIAN_POINT ( 'NONE',  ( -5.709999999999992859, 11.09999999999999964, 20.25000000000000000 ) ) ;
#4748 = ORIENTED_EDGE ( 'NONE', *, *, #1591, .T. ) ;
#4749 = CARTESIAN_POINT ( 'NONE',  ( 6.990000000000009983, 11.09999999999999964, -20.25000000000000000 ) ) ;
#4750 = VECTOR ( 'NONE', #4950, 1000.000000000000000 ) ;
#4751 = CARTESIAN_POINT ( 'NONE',  ( -24.39999999999999147, 11.09999999999999964, -20.90000000000000213 ) ) ;
#4752 = ORIENTED_EDGE ( 'NONE', *, *, #4655, .T. ) ;
#4753 = EDGE_CURVE ( 'NONE', #3492, #139, #1503, .T. ) ;
#4754 = CARTESIAN_POINT ( 'NONE',  ( -22.48999999999999488, 1.600000000000000089, -20.25000000000000000 ) ) ;
#4755 = LINE ( 'NONE', #3592, #4493 ) ;
#4756 = CARTESIAN_POINT ( 'NONE',  ( 0.3700000000000092104, 11.09999999999999964, 20.25000000000000000 ) ) ;
#4757 = ORIENTED_EDGE ( 'NONE', *, *, #1917, .T. ) ;
#4758 = CARTESIAN_POINT ( 'NONE',  ( -8.249999999999992895, 1.600000000000000089, 20.25000000000000000 ) ) ;
#4759 = DIRECTION ( 'NONE',  ( 1.000000000000000000, 0.000000000000000000, 0.000000000000000000 ) ) ;
#4760 = EDGE_CURVE ( 'NONE', #641, #1672, #3118, .T. ) ;
#4761 = EDGE_LOOP ( 'NONE', ( #2307, #443, #4291, #2773 ) ) ;
#4762 = CARTESIAN_POINT ( 'NONE',  ( -30.24999999999999289, 4.750000000000000000, -4.400000000000001243 ) ) ;
#4763 = AXIS2_PLACEMENT_3D ( 'NONE', #4177, #3826, #4599 ) ;
#4764 = ORIENTED_EDGE ( 'NONE', *, *, #3182, .T. ) ;
#4765 = AXIS2_PLACEMENT_3D ( 'NONE', #312, #3103, #3554 ) ;
#4766 = PLANE ( 'NONE',  #4160 ) ;
#4767 = PLANE ( 'NONE',  #2102 ) ;
#4768 = ADVANCED_FACE ( 'NONE', ( #2641 ), #1099, .T. ) ;
#4769 = ORIENTED_EDGE ( 'NONE', *, *, #5187, .F. ) ;
#4770 = LINE ( 'NONE', #2779, #2064 ) ;
#4771 = AXIS2_PLACEMENT_3D ( 'NONE', #3479, #3824, #1832 ) ;
#4772 = EDGE_CURVE ( 'NONE', #4370, #2035, #3863, .T. ) ;
#4773 = CARTESIAN_POINT ( 'NONE',  ( 6.990000000000009983, 11.09999999999999964, -20.25000000000000000 ) ) ;
#4774 = DIRECTION ( 'NONE',  ( -0.000000000000000000, 1.000000000000000000, -0.000000000000000000 ) ) ;
#4775 = AXIS2_PLACEMENT_3D ( 'NONE', #634, #4331, #213 ) ;
#4776 = VERTEX_POINT ( 'NONE', #696 ) ;
#4777 = DIRECTION ( 'NONE',  ( 0.000000000000000000, -1.000000000000000000, 0.000000000000000000 ) ) ;
#4778 = VECTOR ( 'NONE', #2293, 1000.000000000000000 ) ;
#4779 = DIRECTION ( 'NONE',  ( -1.000000000000000000, 0.000000000000000000, 0.000000000000000000 ) ) ;
#4780 = ORIENTED_EDGE ( 'NONE', *, *, #4032, .F. ) ;
#4781 = CARTESIAN_POINT ( 'NONE',  ( -20.94999999999999574, 1.600000000000000089, -19.25000000000000000 ) ) ;
#4782 = LINE ( 'NONE', #2314, #2115 ) ;
#4783 = CARTESIAN_POINT ( 'NONE',  ( -10.78999999999999382, 1.600000000000000089, 20.25000000000000000 ) ) ;
#4784 = LINE ( 'NONE', #378, #960 ) ;
#4785 = ORIENTED_EDGE ( 'NONE', *, *, #212, .T. ) ;
#4786 = DIRECTION ( 'NONE',  ( 0.000000000000000000, 0.000000000000000000, -1.000000000000000000 ) ) ;
#4787 = CARTESIAN_POINT ( 'NONE',  ( 5.450000000000009948, 1.600000000000000089, -19.25000000000000000 ) ) ;
#4788 = ORIENTED_EDGE ( 'NONE', *, *, #5112, .F. ) ;
#4789 = DIRECTION ( 'NONE',  ( -0.000000000000000000, -1.000000000000000000, -0.000000000000000000 ) ) ;
#4790 = ORIENTED_EDGE ( 'NONE', *, *, #1787, .F. ) ;
#4791 = EDGE_CURVE ( 'NONE', #5216, #4925, #4339, .T. ) ;
#4792 = AXIS2_PLACEMENT_3D ( 'NONE', #4379, #1909, #1516 ) ;
#4793 = ORIENTED_EDGE ( 'NONE', *, *, #2238, .F. ) ;
#4794 = LINE ( 'NONE', #3176, #3049 ) ;
#4795 = FACE_OUTER_BOUND ( 'NONE', #3331, .T. ) ;
#4796 = ORIENTED_EDGE ( 'NONE', *, *, #1994, .F. ) ;
#4797 = DIRECTION ( 'NONE',  ( -0.000000000000000000, -1.000000000000000000, -0.000000000000000000 ) ) ;
#4798 = EDGE_CURVE ( 'NONE', #1537, #2882, #2321, .T. ) ;
#4799 = EDGE_CURVE ( 'NONE', #1277, #4707, #5165, .T. ) ;
#4800 = ORIENTED_EDGE ( 'NONE', *, *, #4670, .T. ) ;
#4801 = CARTESIAN_POINT ( 'NONE',  ( 0.3700000000000092104, 11.09999999999999964, 19.25000000000000000 ) ) ;
#4802 = EDGE_LOOP ( 'NONE', ( #4211, #3343, #1049, #1400 ) ) ;
#4803 = FACE_OUTER_BOUND ( 'NONE', #794, .T. ) ;
#4804 = CARTESIAN_POINT ( 'NONE',  ( -4.709999999999991971, 11.09999999999999964, 20.25000000000000000 ) ) ;
#4805 = VERTEX_POINT ( 'NONE', #2719 ) ;
#4806 = EDGE_CURVE ( 'NONE', #4101, #4241, #2268, .T. ) ;
#4807 = VECTOR ( 'NONE', #920, 1000.000000000000000 ) ;
#4808 = FACE_OUTER_BOUND ( 'NONE', #2385, .T. ) ;
#4809 = DIRECTION ( 'NONE',  ( 0.000000000000000000, 1.000000000000000000, 0.000000000000000000 ) ) ;
#4810 = DIRECTION ( 'NONE',  ( -0.000000000000000000, -0.000000000000000000, 1.000000000000000000 ) ) ;
#4811 = CARTESIAN_POINT ( 'NONE',  ( 0.000000000000000000, 1.600000000000000089, 0.000000000000000000 ) ) ;
#4812 = ORIENTED_EDGE ( 'NONE', *, *, #1327, .F. ) ;
#4813 = VECTOR ( 'NONE', #1536, 1000.000000000000000 ) ;
#4814 = VECTOR ( 'NONE', #4185, 1000.000000000000000 ) ;
#4815 = PLANE ( 'NONE',  #2659 ) ;
#4816 = CARTESIAN_POINT ( 'NONE',  ( -2.169999999999991491, 1.600000000000000089, -20.25000000000000000 ) ) ;
#4817 = EDGE_CURVE ( 'NONE', #330, #2628, #3442, .T. ) ;
#4818 = LINE ( 'NONE', #2403, #2625 ) ;
#4819 = ORIENTED_EDGE ( 'NONE', *, *, #2330, .T. ) ;
#4820 = EDGE_LOOP ( 'NONE', ( #4040, #3265, #1755, #1103 ) ) ;
#4821 = DIRECTION ( 'NONE',  ( 0.000000000000000000, 0.000000000000000000, 1.000000000000000000 ) ) ;
#4822 = CARTESIAN_POINT ( 'NONE',  ( -19.94999999999999574, 11.09999999999999964, 20.25000000000000000 ) ) ;
#4823 = VERTEX_POINT ( 'NONE', #4662 ) ;
#4824 = VERTEX_POINT ( 'NONE', #202 ) ;
#4825 = DIRECTION ( 'NONE',  ( -1.000000000000000000, 0.000000000000000000, 0.000000000000000000 ) ) ;
#4826 = VECTOR ( 'NONE', #1027, 1000.000000000000000 ) ;
#4827 = VERTEX_POINT ( 'NONE', #699 ) ;
#4828 = AXIS2_PLACEMENT_3D ( 'NONE', #91, #4979, #1363 ) ;
#4829 = CARTESIAN_POINT ( 'NONE',  ( 1.910000000000009024, 11.09999999999999964, 19.25000000000000000 ) ) ;
#4830 = VECTOR ( 'NONE', #1079, 1000.000000000000000 ) ;
#4831 = ORIENTED_EDGE ( 'NONE', *, *, #1910, .F. ) ;
#4832 = DIRECTION ( 'NONE',  ( 1.000000000000000000, 0.000000000000000000, -0.000000000000000000 ) ) ;
#4833 = ADVANCED_FACE ( 'NONE', ( #3467 ), #1922, .T. ) ;
#4834 = CARTESIAN_POINT ( 'NONE',  ( -7.249999999999992895, 1.600000000000000089, -20.25000000000000000 ) ) ;
#4835 = VERTEX_POINT ( 'NONE', #224 ) ;
#4836 = ORIENTED_EDGE ( 'NONE', *, *, #1225, .T. ) ;
#4837 = DIRECTION ( 'NONE',  ( -1.000000000000000000, -0.000000000000000000, -0.000000000000000000 ) ) ;
#4838 = FACE_BOUND ( 'NONE', #1500, .T. ) ;
#4839 = DIRECTION ( 'NONE',  ( 1.000000000000000000, -0.000000000000000000, 0.000000000000000000 ) ) ;
#4840 = EDGE_CURVE ( 'NONE', #4823, #490, #1398, .T. ) ;
#4841 = DIRECTION ( 'NONE',  ( -1.000000000000000000, -0.000000000000000000, -0.000000000000000000 ) ) ;
#4842 = VERTEX_POINT ( 'NONE', #3094 ) ;
#4843 = VECTOR ( 'NONE', #406, 1000.000000000000000 ) ;
#4844 = DIRECTION ( 'NONE',  ( -0.000000000000000000, -0.000000000000000000, -1.000000000000000000 ) ) ;
#4845 = LINE ( 'NONE', #1208, #2635 ) ;
#4846 = DIRECTION ( 'NONE',  ( 0.000000000000000000, 0.000000000000000000, -1.000000000000000000 ) ) ;
#4847 = EDGE_LOOP ( 'NONE', ( #2036, #3906, #398, #1712 ) ) ;
#4848 = EDGE_LOOP ( 'NONE', ( #127, #1796, #2568, #5232 ) ) ;
#4849 = CARTESIAN_POINT ( 'NONE',  ( -22.48999999999999488, 11.09999999999999964, -20.25000000000000000 ) ) ;
#4850 = DIRECTION ( 'NONE',  ( -1.000000000000000000, 0.000000000000000000, 0.000000000000000000 ) ) ;
#4851 = ORIENTED_EDGE ( 'NONE', *, *, #4968, .F. ) ;
#4852 = ORIENTED_EDGE ( 'NONE', *, *, #4268, .T. ) ;
#4853 = VECTOR ( 'NONE', #2781, 1000.000000000000000 ) ;
#4854 = EDGE_CURVE ( 'NONE', #303, #3057, #1023, .T. ) ;
#4855 =( GEOMETRIC_REPRESENTATION_CONTEXT ( 3 ) GLOBAL_UNCERTAINTY_ASSIGNED_CONTEXT ( ( #5265 ) ) GLOBAL_UNIT_ASSIGNED_CONTEXT ( ( #158, #3401, #4572 ) ) REPRESENTATION_CONTEXT ( 'NONE', 'WORKASPACE' ) );
#4856 = ORIENTED_EDGE ( 'NONE', *, *, #4840, .T. ) ;
#4857 = DIRECTION ( 'NONE',  ( -0.000000000000000000, -1.000000000000000000, -0.000000000000000000 ) ) ;
#4858 = ORIENTED_EDGE ( 'NONE', *, *, #421, .T. ) ;
#4859 = DIRECTION ( 'NONE',  ( 0.000000000000000000, -1.000000000000000000, 0.000000000000000000 ) ) ;
#4860 = VECTOR ( 'NONE', #3187, 1000.000000000000000 ) ;
#4861 = FACE_OUTER_BOUND ( 'NONE', #3159, .T. ) ;
#4862 = VERTEX_POINT ( 'NONE', #2324 ) ;
#4863 = ORIENTED_EDGE ( 'NONE', *, *, #126, .F. ) ;
#4864 = ADVANCED_FACE ( 'NONE', ( #1847 ), #5087, .F. ) ;
#4865 = AXIS2_PLACEMENT_3D ( 'NONE', #1955, #4825, #5202 ) ;
#4866 = CARTESIAN_POINT ( 'NONE',  ( 30.60000000000000497, -5.899999999999997691, -6.250000000000000000 ) ) ;
#4867 = PLANE ( 'NONE',  #4644 ) ;
#4868 = VECTOR ( 'NONE', #2932, 1000.000000000000000 ) ;
#4869 = DIRECTION ( 'NONE',  ( -1.000000000000000000, -0.000000000000000000, -0.000000000000000000 ) ) ;
#4870 = ORIENTED_EDGE ( 'NONE', *, *, #2952, .T. ) ;
#4871 = EDGE_CURVE ( 'NONE', #2664, #5196, #5142, .T. ) ;
#4872 = PLANE ( 'NONE',  #4530 ) ;
#4873 = DIRECTION ( 'NONE',  ( -0.000000000000000000, -1.000000000000000000, -0.000000000000000000 ) ) ;
#4874 = CARTESIAN_POINT ( 'NONE',  ( -33.49999999999998579, 1.600000000000000089, 18.49999999999999645 ) ) ;
#4875 = EDGE_CURVE ( 'NONE', #4805, #2814, #996, .T. ) ;
#4876 = ORIENTED_EDGE ( 'NONE', *, *, #1482, .F. ) ;
#4877 = ORIENTED_EDGE ( 'NONE', *, *, #3081, .T. ) ;
#4878 = LINE ( 'NONE', #4478, #5004 ) ;
#4879 = DIRECTION ( 'NONE',  ( -1.000000000000000000, 0.000000000000000000, -0.000000000000000000 ) ) ;
#4880 = ORIENTED_EDGE ( 'NONE', *, *, #2240, .F. ) ;
#4881 = VERTEX_POINT ( 'NONE', #2619 ) ;
#4882 = ORIENTED_EDGE ( 'NONE', *, *, #1661, .T. ) ;
#4883 = DIRECTION ( 'NONE',  ( -1.000000000000000000, -0.000000000000000000, -0.000000000000000000 ) ) ;
#4884 = ORIENTED_EDGE ( 'NONE', *, *, #659, .T. ) ;
#4885 = DIRECTION ( 'NONE',  ( -0.000000000000000000, -1.000000000000000000, -0.000000000000000000 ) ) ;
#4886 = CARTESIAN_POINT ( 'NONE',  ( -23.48999999999999844, 1.600000000000000089, -19.25000000000000000 ) ) ;
#4887 = ORIENTED_EDGE ( 'NONE', *, *, #5143, .T. ) ;
#4888 = ORIENTED_EDGE ( 'NONE', *, *, #5088, .F. ) ;
#4889 = PLANE ( 'NONE',  #439 ) ;
#4890 = DIRECTION ( 'NONE',  ( 0.000000000000000000, -0.000000000000000000, -1.000000000000000000 ) ) ;
#4891 = DIRECTION ( 'NONE',  ( 1.000000000000000000, 0.000000000000000000, -0.000000000000000000 ) ) ;
#4892 = VERTEX_POINT ( 'NONE', #1424 ) ;
#4893 = AXIS2_PLACEMENT_3D ( 'NONE', #1702, #1729, #4220 ) ;
#4894 = LINE ( 'NONE', #1741, #1388 ) ;
#4895 = DIRECTION ( 'NONE',  ( 1.000000000000000000, 0.000000000000000000, 0.000000000000000000 ) ) ;
#4896 = FACE_OUTER_BOUND ( 'NONE', #4425, .T. ) ;
#4897 = VECTOR ( 'NONE', #3005, 1000.000000000000000 ) ;
#4898 = EDGE_CURVE ( 'NONE', #3432, #3694, #3120, .T. ) ;
#4899 = ORIENTED_EDGE ( 'NONE', *, *, #2269, .F. ) ;
#4900 = VECTOR ( 'NONE', #3604, 1000.000000000000000 ) ;
#4901 = ORIENTED_EDGE ( 'NONE', *, *, #2924, .F. ) ;
#4902 = ADVANCED_FACE ( 'NONE', ( #5116 ), #3521, .F. ) ;
#4903 = CARTESIAN_POINT ( 'NONE',  ( -8.249999999999992895, 1.600000000000000089, -19.25000000000000000 ) ) ;
#4904 = CARTESIAN_POINT ( 'NONE',  ( -9.789999999999993818, 1.600000000000000089, 20.25000000000000000 ) ) ;
#4905 = VERTEX_POINT ( 'NONE', #1051 ) ;
#4906 = EDGE_CURVE ( 'NONE', #1723, #1310, #3891, .T. ) ;
#4907 = VERTEX_POINT ( 'NONE', #4242 ) ;
#4908 = ORIENTED_EDGE ( 'NONE', *, *, #2079, .F. ) ;
#4909 = DIRECTION ( 'NONE',  ( 0.000000000000000000, 0.000000000000000000, 1.000000000000000000 ) ) ;
#4910 = LINE ( 'NONE', #4035, #108 ) ;
#4911 = ORIENTED_EDGE ( 'NONE', *, *, #3609, .F. ) ;
#4912 = CARTESIAN_POINT ( 'NONE',  ( -22.48999999999999488, 11.09999999999999964, -20.25000000000000000 ) ) ;
#4913 = LINE ( 'NONE', #873, #866 ) ;
#4914 = ORIENTED_EDGE ( 'NONE', *, *, #1694, .T. ) ;
#4915 = VECTOR ( 'NONE', #2695, 1000.000000000000000 ) ;
#4916 = DIRECTION ( 'NONE',  ( 1.000000000000000000, 0.000000000000000000, 0.000000000000000000 ) ) ;
#4917 = DIRECTION ( 'NONE',  ( 0.000000000000000000, 0.000000000000000000, -1.000000000000000000 ) ) ;
#4918 = CARTESIAN_POINT ( 'NONE',  ( 1.910000000000009024, 1.600000000000000089, -20.25000000000000000 ) ) ;
#4919 = VERTEX_POINT ( 'NONE', #4267 ) ;
#4920 = EDGE_CURVE ( 'NONE', #892, #1918, #624, .T. ) ;
#4921 = DIRECTION ( 'NONE',  ( 0.000000000000000000, 0.000000000000000000, 1.000000000000000000 ) ) ;
#4922 = CARTESIAN_POINT ( 'NONE',  ( 1.910000000000009024, 11.09999999999999964, -20.25000000000000000 ) ) ;
#4923 = DIRECTION ( 'NONE',  ( 0.000000000000000000, 1.000000000000000000, 0.000000000000000000 ) ) ;
#4924 = AXIS2_PLACEMENT_3D ( 'NONE', #616, #4184, #541 ) ;
#4925 = VERTEX_POINT ( 'NONE', #4735 ) ;
#4926 = DIRECTION ( 'NONE',  ( -0.000000000000000000, -1.000000000000000000, -0.000000000000000000 ) ) ;
#4927 = EDGE_CURVE ( 'NONE', #4824, #597, #3943, .T. ) ;
#4928 = CARTESIAN_POINT ( 'NONE',  ( -15.86999999999999567, 11.09999999999999964, 20.25000000000000000 ) ) ;
#4929 = CARTESIAN_POINT ( 'NONE',  ( 34.30000000000000426, 0.000000000000000000, 7.449999999999999289 ) ) ;
#4930 = ORIENTED_EDGE ( 'NONE', *, *, #2145, .F. ) ;
#4931 = EDGE_LOOP ( 'NONE', ( #1862, #2249, #4693, #3920 ) ) ;
#4932 = EDGE_LOOP ( 'NONE', ( #2337, #2999, #4536, #3525 ) ) ;
#4933 = ADVANCED_FACE ( 'NONE', ( #4292 ), #4317, .T. ) ;
#4934 = DIRECTION ( 'NONE',  ( 0.000000000000000000, 0.000000000000000000, 1.000000000000000000 ) ) ;
#4935 = DIRECTION ( 'NONE',  ( 0.000000000000000000, 0.000000000000000000, 1.000000000000000000 ) ) ;
#4936 = DIRECTION ( 'NONE',  ( 0.000000000000000000, -0.000000000000000000, -1.000000000000000000 ) ) ;
#4937 = ORIENTED_EDGE ( 'NONE', *, *, #1584, .T. ) ;
#4938 = CARTESIAN_POINT ( 'NONE',  ( -17.40999999999999659, 1.600000000000000089, -19.25000000000000000 ) ) ;
#4939 = ADVANCED_FACE ( 'NONE', ( #3496 ), #1900, .T. ) ;
#4940 = DIRECTION ( 'NONE',  ( 0.000000000000000000, 0.000000000000000000, -1.000000000000000000 ) ) ;
#4941 = VECTOR ( 'NONE', #3535, 1000.000000000000000 ) ;
#4942 = ORIENTED_EDGE ( 'NONE', *, *, #4148, .F. ) ;
#4943 = CARTESIAN_POINT ( 'NONE',  ( -3.169999999999992379, 11.09999999999999964, 19.25000000000000000 ) ) ;
#4944 = VECTOR ( 'NONE', #109, 1000.000000000000000 ) ;
#4945 = PLANE ( 'NONE',  #3626 ) ;
#4946 = PLANE ( 'NONE',  #2826 ) ;
#4947 = ORIENTED_EDGE ( 'NONE', *, *, #4509, .T. ) ;
#4948 = VECTOR ( 'NONE', #4100, 1000.000000000000000 ) ;
#4949 = LINE ( 'NONE', #909, #4020 ) ;
#4950 = DIRECTION ( 'NONE',  ( -0.000000000000000000, -1.000000000000000000, -0.000000000000000000 ) ) ;
#4951 = EDGE_CURVE ( 'NONE', #2477, #1479, #2348, .T. ) ;
#4952 = CARTESIAN_POINT ( 'NONE',  ( -4.709999999999991971, 1.600000000000000089, -20.25000000000000000 ) ) ;
#4953 = ORIENTED_EDGE ( 'NONE', *, *, #3801, .F. ) ;
#4954 = AXIS2_PLACEMENT_3D ( 'NONE', #3141, #4786, #1971 ) ;
#4955 = CARTESIAN_POINT ( 'NONE',  ( -0.6299999999999916778, 11.09999999999999964, 19.25000000000000000 ) ) ;
#4956 = DIRECTION ( 'NONE',  ( 0.000000000000000000, 0.000000000000000000, 1.000000000000000000 ) ) ;
#4957 = ORIENTED_EDGE ( 'NONE', *, *, #2726, .F. ) ;
#4958 = ORIENTED_EDGE ( 'NONE', *, *, #4129, .T. ) ;
#4959 = EDGE_CURVE ( 'NONE', #3319, #4685, #1863, .T. ) ;
#4960 = ORIENTED_EDGE ( 'NONE', *, *, #1414, .T. ) ;
#4961 = LINE ( 'NONE', #46, #4123 ) ;
#4962 = CARTESIAN_POINT ( 'NONE',  ( -13.32999999999999474, 1.600000000000000089, -20.25000000000000000 ) ) ;
#4963 = DIRECTION ( 'NONE',  ( 1.000000000000000000, 0.000000000000000000, -0.000000000000000000 ) ) ;
#4964 = ORIENTED_EDGE ( 'NONE', *, *, #4062, .F. ) ;
#4965 = CARTESIAN_POINT ( 'NONE',  ( 6.990000000000009983, 11.09999999999999964, 20.25000000000000000 ) ) ;
#4966 = EDGE_CURVE ( 'NONE', #2546, #5229, #2028, .T. ) ;
#4967 = LINE ( 'NONE', #1276, #3337 ) ;
#4968 = EDGE_CURVE ( 'NONE', #3319, #63, #4818, .T. ) ;
#4969 = PLANE ( 'NONE',  #2908 ) ;
#4970 = VECTOR ( 'NONE', #499, 1000.000000000000000 ) ;
#4971 = SURFACE_SIDE_STYLE ('',( #3328 ) ) ;
#4972 = ADVANCED_FACE ( 'NONE', ( #1974 ), #4423, .F. ) ;
#4973 = LINE ( 'NONE', #2582, #5154 ) ;
#4974 = FACE_OUTER_BOUND ( 'NONE', #845, .T. ) ;
#4975 = EDGE_CURVE ( 'NONE', #4116, #2570, #2827, .T. ) ;
#4976 = ORIENTED_EDGE ( 'NONE', *, *, #262, .F. ) ;
#4977 = FACE_OUTER_BOUND ( 'NONE', #2056, .T. ) ;
#4978 = CARTESIAN_POINT ( 'NONE',  ( 2.910000000000009912, 11.09999999999999964, 20.25000000000000000 ) ) ;
#4979 = DIRECTION ( 'NONE',  ( -0.000000000000000000, -1.000000000000000000, -0.000000000000000000 ) ) ;
#4980 = ORIENTED_EDGE ( 'NONE', *, *, #3658, .F. ) ;
#4981 = FACE_OUTER_BOUND ( 'NONE', #1022, .T. ) ;
#4982 = CARTESIAN_POINT ( 'NONE',  ( -17.40999999999999659, 11.09999999999999964, -20.25000000000000000 ) ) ;
#4983 = AXIS2_PLACEMENT_3D ( 'NONE', #2290, #718, #2368 ) ;
#4984 = VERTEX_POINT ( 'NONE', #2429 ) ;
#4985 = ORIENTED_EDGE ( 'NONE', *, *, #3804, .F. ) ;
#4986 = ORIENTED_EDGE ( 'NONE', *, *, #357, .F. ) ;
#4987 = EDGE_CURVE ( 'NONE', #518, #2847, #725, .T. ) ;
#4988 = CARTESIAN_POINT ( 'NONE',  ( 37.50000000000000711, -5.899999999999996803, -6.250000000000000000 ) ) ;
#4989 = CARTESIAN_POINT ( 'NONE',  ( 6.990000000000009983, 11.09999999999999964, 20.25000000000000000 ) ) ;
#4990 = VECTOR ( 'NONE', #4285, 1000.000000000000000 ) ;
#4991 = CARTESIAN_POINT ( 'NONE',  ( 34.30000000000000426, 0.000000000000000000, 0.000000000000000000 ) ) ;
#4992 = ORIENTED_EDGE ( 'NONE', *, *, #5168, .F. ) ;
#4993 = DIRECTION ( 'NONE',  ( 0.000000000000000000, 0.000000000000000000, 1.000000000000000000 ) ) ;
#4994 = CARTESIAN_POINT ( 'NONE',  ( -0.6299999999999916778, 11.09999999999999964, -20.25000000000000000 ) ) ;
#4995 = DIRECTION ( 'NONE',  ( -0.000000000000000000, -1.000000000000000000, -0.000000000000000000 ) ) ;
#4996 = ADVANCED_FACE ( 'NONE', ( #383 ), #3993, .F. ) ;
#4997 = DIRECTION ( 'NONE',  ( 0.000000000000000000, -0.000000000000000000, -1.000000000000000000 ) ) ;
#4998 = FACE_OUTER_BOUND ( 'NONE', #977, .T. ) ;
#4999 = ORIENTED_EDGE ( 'NONE', *, *, #1377, .T. ) ;
#5000 = VECTOR ( 'NONE', #3537, 1000.000000000000000 ) ;
#5001 = ADVANCED_FACE ( 'NONE', ( #3969 ), #2003, .T. ) ;
#5002 = PLANE ( 'NONE',  #2319 ) ;
#5003 = DIRECTION ( 'NONE',  ( -1.000000000000000000, 0.000000000000000000, 0.000000000000000000 ) ) ;
#5004 = VECTOR ( 'NONE', #3786, 1000.000000000000000 ) ;
#5005 = CARTESIAN_POINT ( 'NONE',  ( -4.709999999999991971, 11.09999999999999964, -20.25000000000000000 ) ) ;
#5006 = ORIENTED_EDGE ( 'NONE', *, *, #4966, .T. ) ;
#5007 = DIRECTION ( 'NONE',  ( 1.000000000000000000, 0.000000000000000000, 0.000000000000000000 ) ) ;
#5008 = LINE ( 'NONE', #1368, #234 ) ;
#5009 = ORIENTED_EDGE ( 'NONE', *, *, #2472, .T. ) ;
#5010 = ORIENTED_EDGE ( 'NONE', *, *, #3983, .F. ) ;
#5011 = EDGE_LOOP ( 'NONE', ( #2410, #1648, #3289, #1950 ) ) ;
#5012 = FACE_OUTER_BOUND ( 'NONE', #2592, .T. ) ;
#5013 = CARTESIAN_POINT ( 'NONE',  ( -15.86999999999999567, 11.09999999999999964, 20.25000000000000000 ) ) ;
#5014 = LINE ( 'NONE', #2195, #587 ) ;
#5015 = ORIENTED_EDGE ( 'NONE', *, *, #295, .T. ) ;
#5016 = CARTESIAN_POINT ( 'NONE',  ( -2.169999999999991491, 11.09999999999999964, -20.25000000000000000 ) ) ;
#5017 = ORIENTED_EDGE ( 'NONE', *, *, #295, .F. ) ;
#5018 = DIRECTION ( 'NONE',  ( 0.000000000000000000, 0.000000000000000000, -1.000000000000000000 ) ) ;
#5019 = DIRECTION ( 'NONE',  ( -0.000000000000000000, -1.000000000000000000, -0.000000000000000000 ) ) ;
#5020 = VECTOR ( 'NONE', #1759, 1000.000000000000000 ) ;
#5021 = DIRECTION ( 'NONE',  ( -0.000000000000000000, -0.000000000000000000, -1.000000000000000000 ) ) ;
#5022 = ORIENTED_EDGE ( 'NONE', *, *, #5046, .T. ) ;
#5023 = ADVANCED_FACE ( 'NONE', ( #5248 ), #1611, .F. ) ;
#5024 = AXIS2_PLACEMENT_3D ( 'NONE', #3003, #979, #2201 ) ;
#5025 = FACE_OUTER_BOUND ( 'NONE', #1490, .T. ) ;
#5026 = CARTESIAN_POINT ( 'NONE',  ( -12.32999999999999297, 11.09999999999999964, 20.25000000000000000 ) ) ;
#5027 = ORIENTED_EDGE ( 'NONE', *, *, #3797, .T. ) ;
#5028 = DIRECTION ( 'NONE',  ( -1.000000000000000000, 0.000000000000000000, 0.000000000000000000 ) ) ;
#5029 = AXIS2_PLACEMENT_3D ( 'NONE', #1711, #3330, #958 ) ;
#5030 = ORIENTED_EDGE ( 'NONE', *, *, #3896, .F. ) ;
#5031 = ADVANCED_FACE ( 'NONE', ( #1153 ), #1127, .F. ) ;
#5032 = VECTOR ( 'NONE', #1440, 1000.000000000000000 ) ;
#5033 = LINE ( 'NONE', #567, #2793 ) ;
#5034 = CARTESIAN_POINT ( 'NONE',  ( -13.32999999999999474, 11.09999999999999964, 20.25000000000000000 ) ) ;
#5035 = EDGE_CURVE ( 'NONE', #3468, #2063, #4394, .T. ) ;
#5036 = ORIENTED_EDGE ( 'NONE', *, *, #4130, .T. ) ;
#5037 = VECTOR ( 'NONE', #1477, 1000.000000000000000 ) ;
#5038 = EDGE_LOOP ( 'NONE', ( #2670, #805, #4359, #944 ) ) ;
#5039 = VERTEX_POINT ( 'NONE', #3144 ) ;
#5040 = LINE ( 'NONE', #3922, #590 ) ;
#5041 = LINE ( 'NONE', #4962, #3453 ) ;
#5042 = CARTESIAN_POINT ( 'NONE',  ( 7.990000000000010871, 11.09999999999999964, -19.25000000000000000 ) ) ;
#5043 = ORIENTED_EDGE ( 'NONE', *, *, #1304, .F. ) ;
#5044 = FACE_BOUND ( 'NONE', #3595, .T. ) ;
#5045 = VERTEX_POINT ( 'NONE', #4368 ) ;
#5046 = EDGE_CURVE ( 'NONE', #4286, #3483, #5219, .T. ) ;
#5047 = LINE ( 'NONE', #4252, #2987 ) ;
#5048 = DIRECTION ( 'NONE',  ( -1.000000000000000000, 0.000000000000000000, 0.000000000000000000 ) ) ;
#5049 = CARTESIAN_POINT ( 'NONE',  ( -22.48999999999999488, 11.09999999999999964, 20.25000000000000000 ) ) ;
#5050 = VERTEX_POINT ( 'NONE', #1236 ) ;
#5051 = VECTOR ( 'NONE', #4038, 1000.000000000000000 ) ;
#5052 = CARTESIAN_POINT ( 'NONE',  ( 2.910000000000009912, 11.09999999999999964, 20.25000000000000000 ) ) ;
#5053 = CARTESIAN_POINT ( 'NONE',  ( -18.40999999999999659, 11.09999999999999964, -19.25000000000000000 ) ) ;
#5054 = DIRECTION ( 'NONE',  ( 0.000000000000000000, 0.000000000000000000, 1.000000000000000000 ) ) ;
#5055 = ORIENTED_EDGE ( 'NONE', *, *, #2171, .T. ) ;
#5056 = DIRECTION ( 'NONE',  ( -1.000000000000000000, -0.000000000000000000, -0.000000000000000000 ) ) ;
#5057 = CARTESIAN_POINT ( 'NONE',  ( -10.78999999999999382, 11.09999999999999964, -20.25000000000000000 ) ) ;
#5058 = EDGE_CURVE ( 'NONE', #1028, #1868, #2850, .T. ) ;
#5059 = ORIENTED_EDGE ( 'NONE', *, *, #1152, .T. ) ;
#5060 = CARTESIAN_POINT ( 'NONE',  ( -24.39999999999999147, 11.09999999999999964, 20.90000000000000213 ) ) ;
#5061 = EDGE_CURVE ( 'NONE', #4146, #5222, #5167, .T. ) ;
#5062 = VECTOR ( 'NONE', #2121, 1000.000000000000000 ) ;
#5063 = VERTEX_POINT ( 'NONE', #2454 ) ;
#5064 = LINE ( 'NONE', #5119, #4830 ) ;
#5065 = LINE ( 'NONE', #3447, #984 ) ;
#5066 = CARTESIAN_POINT ( 'NONE',  ( -13.32999999999999474, 11.09999999999999964, 19.25000000000000000 ) ) ;
#5067 = EDGE_CURVE ( 'NONE', #2835, #4919, #2747, .T. ) ;
#5068 = ORIENTED_EDGE ( 'NONE', *, *, #115, .T. ) ;
#5069 = FACE_BOUND ( 'NONE', #922, .T. ) ;
#5070 = VECTOR ( 'NONE', #2514, 1000.000000000000000 ) ;
#5071 = VERTEX_POINT ( 'NONE', #2935 ) ;
#5072 = CARTESIAN_POINT ( 'NONE',  ( -8.249999999999992895, 1.600000000000000089, 20.25000000000000000 ) ) ;
#5073 = DIRECTION ( 'NONE',  ( 0.000000000000000000, -1.000000000000000000, 0.000000000000000000 ) ) ;
#5074 = CARTESIAN_POINT ( 'NONE',  ( -30.24999999999999289, 4.750000000000000000, -4.400000000000001243 ) ) ;
#5075 = ORIENTED_EDGE ( 'NONE', *, *, #968, .F. ) ;
#5076 = CARTESIAN_POINT ( 'NONE',  ( -8.249999999999992895, 11.09999999999999964, 19.25000000000000000 ) ) ;
#5077 = LINE ( 'NONE', #3490, #2379 ) ;
#5078 = CARTESIAN_POINT ( 'NONE',  ( -4.709999999999991971, 11.09999999999999964, -20.25000000000000000 ) ) ;
#5079 = ORIENTED_EDGE ( 'NONE', *, *, #4258, .F. ) ;
#5080 = ADVANCED_FACE ( 'NONE', ( #489 ), #4555, .T. ) ;
#5081 = VECTOR ( 'NONE', #2224, 1000.000000000000000 ) ;
#5082 = AXIS2_PLACEMENT_3D ( 'NONE', #542, #4106, #3336 ) ;
#5083 = VECTOR ( 'NONE', #3122, 1000.000000000000000 ) ;
#5084 = CARTESIAN_POINT ( 'NONE',  ( -0.6299999999999916778, 1.600000000000000089, -20.25000000000000000 ) ) ;
#5085 = DIRECTION ( 'NONE',  ( -1.000000000000000000, 0.000000000000000000, 0.000000000000000000 ) ) ;
#5086 = ORIENTED_EDGE ( 'NONE', *, *, #2655, .T. ) ;
#5087 = PLANE ( 'NONE',  #3222 ) ;
#5088 = EDGE_CURVE ( 'NONE', #2674, #4707, #911, .T. ) ;
#5089 = VERTEX_POINT ( 'NONE', #2108 ) ;
#5090 = DIRECTION ( 'NONE',  ( 0.000000000000000000, 0.000000000000000000, 1.000000000000000000 ) ) ;
#5091 = DIRECTION ( 'NONE',  ( 0.000000000000000000, 0.000000000000000000, 1.000000000000000000 ) ) ;
#5092 = CARTESIAN_POINT ( 'NONE',  ( 34.30000000000000426, -2.699999999999999289, -6.250000000000000000 ) ) ;
#5093 = EDGE_LOOP ( 'NONE', ( #4712, #2414, #468, #4960 ) ) ;
#5094 = AXIS2_PLACEMENT_3D ( 'NONE', #514, #3360, #802 ) ;
#5095 = DIRECTION ( 'NONE',  ( 0.000000000000000000, 0.000000000000000000, 1.000000000000000000 ) ) ;
#5096 = EDGE_CURVE ( 'NONE', #3632, #4026, #1522, .T. ) ;
#5097 = CARTESIAN_POINT ( 'NONE',  ( -20.94999999999999574, 11.09999999999999964, 20.25000000000000000 ) ) ;
#5098 = PLANE ( 'NONE',  #3067 ) ;
#5099 = ORIENTED_EDGE ( 'NONE', *, *, #1984, .T. ) ;
#5100 = CARTESIAN_POINT ( 'NONE',  ( -19.94999999999999574, 1.600000000000000089, 20.25000000000000000 ) ) ;
#5101 = EDGE_CURVE ( 'NONE', #3398, #1666, #142, .T. ) ;
#5102 = PLANE ( 'NONE',  #1548 ) ;
#5103 = ORIENTED_EDGE ( 'NONE', *, *, #2439, .F. ) ;
#5104 = DIRECTION ( 'NONE',  ( 0.000000000000000000, 1.000000000000000000, 0.000000000000000000 ) ) ;
#5105 = CARTESIAN_POINT ( 'NONE',  ( -4.709999999999991971, 11.09999999999999964, 20.25000000000000000 ) ) ;
#5106 = CARTESIAN_POINT ( 'NONE',  ( 4.450000000000009948, 11.09999999999999964, -20.25000000000000000 ) ) ;
#5107 = PLANE ( 'NONE',  #3205 ) ;
#5108 = CIRCLE ( 'NONE', #529, 2.000000000000001776 ) ;
#5109 = ORIENTED_EDGE ( 'NONE', *, *, #2937, .T. ) ;
#5110 = VECTOR ( 'NONE', #1519, 1000.000000000000000 ) ;
#5111 = CARTESIAN_POINT ( 'NONE',  ( -5.709999999999992859, 1.600000000000000089, -20.25000000000000000 ) ) ;
#5112 = EDGE_CURVE ( 'NONE', #2063, #5220, #4210, .T. ) ;
#5113 = DIRECTION ( 'NONE',  ( -0.000000000000000000, -0.000000000000000000, 1.000000000000000000 ) ) ;
#5114 = VECTOR ( 'NONE', #709, 1000.000000000000000 ) ;
#5115 = EDGE_LOOP ( 'NONE', ( #3174, #4888, #2521, #3785 ) ) ;
#5116 = FACE_OUTER_BOUND ( 'NONE', #2009, .T. ) ;
#5117 = VECTOR ( 'NONE', #2476, 1000.000000000000000 ) ;
#5118 = ORIENTED_EDGE ( 'NONE', *, *, #1834, .F. ) ;
#5119 = CARTESIAN_POINT ( 'NONE',  ( -5.709999999999992859, 1.600000000000000089, 20.25000000000000000 ) ) ;
#5120 = CARTESIAN_POINT ( 'NONE',  ( -15.86999999999999567, 11.09999999999999964, 20.25000000000000000 ) ) ;
#5121 = ORIENTED_EDGE ( 'NONE', *, *, #145, .T. ) ;
#5122 = EDGE_CURVE ( 'NONE', #2679, #2835, #2880, .T. ) ;
#5123 = FACE_BOUND ( 'NONE', #833, .T. ) ;
#5124 = DIRECTION ( 'NONE',  ( 1.000000000000000000, 0.000000000000000000, 0.000000000000000000 ) ) ;
#5125 = CARTESIAN_POINT ( 'NONE',  ( -0.6299999999999916778, 11.09999999999999964, 20.25000000000000000 ) ) ;
#5126 = ORIENTED_EDGE ( 'NONE', *, *, #2754, .F. ) ;
#5127 = FACE_OUTER_BOUND ( 'NONE', #2412, .T. ) ;
#5128 = ADVANCED_FACE ( 'NONE', ( #4896 ), #1664, .F. ) ;
#5129 = DIRECTION ( 'NONE',  ( -0.000000000000000000, 1.000000000000000000, -0.000000000000000000 ) ) ;
#5130 = ORIENTED_EDGE ( 'NONE', *, *, #3246, .F. ) ;
#5131 = ADVANCED_FACE ( 'NONE', ( #857 ), #2481, .F. ) ;
#5132 = DIRECTION ( 'NONE',  ( 0.000000000000000000, 0.000000000000000000, 1.000000000000000000 ) ) ;
#5133 = CARTESIAN_POINT ( 'NONE',  ( 2.910000000000009912, 11.09999999999999964, 20.25000000000000000 ) ) ;
#5134 = CARTESIAN_POINT ( 'NONE',  ( 12.59999999999999964, -5.899999999999997691, -10.50000000000000000 ) ) ;
#5135 = ADVANCED_FACE ( 'NONE', ( #1716 ), #462, .T. ) ;
#5136 = CARTESIAN_POINT ( 'NONE',  ( -30.24999999999999289, 1.600000000000000089, -4.400000000000001243 ) ) ;
#5137 = ORIENTED_EDGE ( 'NONE', *, *, #4806, .F. ) ;
#5138 = DIRECTION ( 'NONE',  ( 0.000000000000000000, 0.000000000000000000, 1.000000000000000000 ) ) ;
#5139 = VECTOR ( 'NONE', #2415, 1000.000000000000000 ) ;
#5140 = DIRECTION ( 'NONE',  ( -1.000000000000000000, 0.000000000000000000, -0.000000000000000000 ) ) ;
#5141 = EDGE_LOOP ( 'NONE', ( #3441, #3417, #3708, #1376 ) ) ;
#5142 = LINE ( 'NONE', #2643, #1781 ) ;
#5143 = EDGE_CURVE ( 'NONE', #1854, #5216, #1313, .T. ) ;
#5144 = ORIENTED_EDGE ( 'NONE', *, *, #976, .T. ) ;
#5145 = CARTESIAN_POINT ( 'NONE',  ( 1.483314276559880199E-15, -5.900000000000005684, 6.250000000000000000 ) ) ;
#5146 = CARTESIAN_POINT ( 'NONE',  ( -3.169999999999992379, 11.09999999999999964, 20.25000000000000000 ) ) ;
#5147 = ORIENTED_EDGE ( 'NONE', *, *, #3445, .F. ) ;
#5148 = LINE ( 'NONE', #2303, #3161 ) ;
#5149 = EDGE_CURVE ( 'NONE', #3865, #2888, #3734, .T. ) ;
#5150 = DIRECTION ( 'NONE',  ( -0.000000000000000000, -0.000000000000000000, 1.000000000000000000 ) ) ;
#5151 = CARTESIAN_POINT ( 'NONE',  ( 33.50000000000000000, 0.000000000000000000, -18.50000000000000355 ) ) ;
#5152 = ORIENTED_EDGE ( 'NONE', *, *, #504, .T. ) ;
#5153 = CARTESIAN_POINT ( 'NONE',  ( -13.32999999999999474, 11.09999999999999964, -20.25000000000000000 ) ) ;
#5154 = VECTOR ( 'NONE', #633, 1000.000000000000000 ) ;
#5155 = DIRECTION ( 'NONE',  ( 1.000000000000000000, 0.000000000000000000, 0.000000000000000000 ) ) ;
#5156 = VECTOR ( 'NONE', #171, 1000.000000000000000 ) ;
#5157 = ORIENTED_EDGE ( 'NONE', *, *, #760, .T. ) ;
#5158 = EDGE_CURVE ( 'NONE', #4892, #4373, #1286, .T. ) ;
#5159 = LINE ( 'NONE', #1067, #2142 ) ;
#5160 = LINE ( 'NONE', #1520, #1439 ) ;
#5161 = DIRECTION ( 'NONE',  ( -0.000000000000000000, -1.000000000000000000, -0.000000000000000000 ) ) ;
#5162 = ORIENTED_EDGE ( 'NONE', *, *, #1138, .F. ) ;
#5163 = ADVANCED_FACE ( 'NONE', ( #2907 ), #4528, .F. ) ;
#5164 = FACE_OUTER_BOUND ( 'NONE', #3794, .T. ) ;
#5165 = LINE ( 'NONE', #1920, #3977 ) ;
#5166 = ORIENTED_EDGE ( 'NONE', *, *, #1524, .T. ) ;
#5167 = LINE ( 'NONE', #4762, #4403 ) ;
#5168 = EDGE_CURVE ( 'NONE', #4616, #1987, #3760, .T. ) ;
#5169 = AXIS2_PLACEMENT_3D ( 'NONE', #5193, #1558, #3625 ) ;
#5170 = ORIENTED_EDGE ( 'NONE', *, *, #1591, .F. ) ;
#5171 = AXIS2_PLACEMENT_3D ( 'NONE', #2972, #2175, #4936 ) ;
#5172 = CARTESIAN_POINT ( 'NONE',  ( -19.94999999999999574, 11.09999999999999964, -20.25000000000000000 ) ) ;
#5173 = DIRECTION ( 'NONE',  ( 1.000000000000000000, 0.000000000000000000, -0.000000000000000000 ) ) ;
#5174 = VERTEX_POINT ( 'NONE', #3362 ) ;
#5175 = VECTOR ( 'NONE', #1850, 1000.000000000000000 ) ;
#5176 = DIRECTION ( 'NONE',  ( 1.000000000000000000, 0.000000000000000000, 0.000000000000000000 ) ) ;
#5177 = PLANE ( 'NONE',  #613 ) ;
#5178 = DIRECTION ( 'NONE',  ( 0.000000000000000000, 1.000000000000000000, 0.000000000000000000 ) ) ;
#5179 = ORIENTED_EDGE ( 'NONE', *, *, #1770, .T. ) ;
#5180 = PLANE ( 'NONE',  #907 ) ;
#5181 = AXIS2_PLACEMENT_3D ( 'NONE', #4422, #353, #4022 ) ;
#5182 = LINE ( 'NONE', #4804, #1807 ) ;
#5183 = VERTEX_POINT ( 'NONE', #1768 ) ;
#5184 = FACE_OUTER_BOUND ( 'NONE', #4150, .T. ) ;
#5185 = CARTESIAN_POINT ( 'NONE',  ( -10.78999999999999382, 11.09999999999999964, 19.25000000000000000 ) ) ;
#5186 = DIRECTION ( 'NONE',  ( 0.000000000000000000, -0.000000000000000000, -1.000000000000000000 ) ) ;
#5187 = EDGE_CURVE ( 'NONE', #5071, #932, #2961, .T. ) ;
#5188 = CARTESIAN_POINT ( 'NONE',  ( -0.6299999999999916778, 11.09999999999999964, 19.25000000000000000 ) ) ;
#5189 = ORIENTED_EDGE ( 'NONE', *, *, #971, .T. ) ;
#5190 = CARTESIAN_POINT ( 'NONE',  ( -0.6299999999999916778, 1.600000000000000089, 19.25000000000000000 ) ) ;
#5191 = CARTESIAN_POINT ( 'NONE',  ( -5.709999999999992859, 11.09999999999999964, -20.25000000000000000 ) ) ;
#5192 = ORIENTED_EDGE ( 'NONE', *, *, #479, .T. ) ;
#5193 = CARTESIAN_POINT ( 'NONE',  ( 1.910000000000009024, 11.09999999999999964, -20.25000000000000000 ) ) ;
#5194 = EDGE_CURVE ( 'NONE', #5050, #3225, #964, .T. ) ;
#5195 = VECTOR ( 'NONE', #1139, 1000.000000000000000 ) ;
#5196 = VERTEX_POINT ( 'NONE', #2716 ) ;
#5197 = ADVANCED_FACE ( 'NONE', ( #3435 ), #5107, .T. ) ;
#5198 = VECTOR ( 'NONE', #3874, 1000.000000000000000 ) ;
#5199 = DIRECTION ( 'NONE',  ( 1.000000000000000000, -0.000000000000000000, -0.000000000000000000 ) ) ;
#5200 = CARTESIAN_POINT ( 'NONE',  ( -4.709999999999991971, 1.600000000000000089, 19.25000000000000000 ) ) ;
#5201 = ORIENTED_EDGE ( 'NONE', *, *, #1931, .T. ) ;
#5202 = DIRECTION ( 'NONE',  ( 0.000000000000000000, 0.000000000000000000, 1.000000000000000000 ) ) ;
#5203 = VECTOR ( 'NONE', #2177, 1000.000000000000000 ) ;
#5204 = DIRECTION ( 'NONE',  ( 0.000000000000000000, -0.000000000000000000, -1.000000000000000000 ) ) ;
#5205 = DIRECTION ( 'NONE',  ( -0.000000000000000000, -0.000000000000000000, -1.000000000000000000 ) ) ;
#5206 = ORIENTED_EDGE ( 'NONE', *, *, #2839, .T. ) ;
#5207 = DIRECTION ( 'NONE',  ( 0.000000000000000000, 0.000000000000000000, -1.000000000000000000 ) ) ;
#5208 = AXIS2_PLACEMENT_3D ( 'NONE', #2241, #3861, #4314 ) ;
#5209 = DIRECTION ( 'NONE',  ( -1.000000000000000000, -0.000000000000000000, -0.000000000000000000 ) ) ;
#5210 = EDGE_LOOP ( 'NONE', ( #2328, #4957, #4858, #4482 ) ) ;
#5211 = EDGE_CURVE ( 'NONE', #1868, #4584, #1044, .T. ) ;
#5212 = DIRECTION ( 'NONE',  ( -1.000000000000000000, 0.000000000000000000, 0.000000000000000000 ) ) ;
#5213 = CARTESIAN_POINT ( 'NONE',  ( -20.94999999999999574, 11.09999999999999964, -20.25000000000000000 ) ) ;
#5214 = CARTESIAN_POINT ( 'NONE',  ( 37.50000000000000711, 0.000000000000000000, 22.49999999999999645 ) ) ;
#5215 = DIRECTION ( 'NONE',  ( -0.000000000000000000, -1.000000000000000000, -0.000000000000000000 ) ) ;
#5216 = VERTEX_POINT ( 'NONE', #592 ) ;
#5217 = CARTESIAN_POINT ( 'NONE',  ( -19.94999999999999574, 1.600000000000000089, -20.25000000000000000 ) ) ;
#5218 = CARTESIAN_POINT ( 'NONE',  ( -23.48999999999999844, 11.09999999999999964, 20.25000000000000000 ) ) ;
#5219 = LINE ( 'NONE', #407, #3127 ) ;
#5220 = VERTEX_POINT ( 'NONE', #5078 ) ;
#5221 = CIRCLE ( 'NONE', #1750, 1.999999999999994893 ) ;
#5222 = VERTEX_POINT ( 'NONE', #5136 ) ;
#5223 = EDGE_CURVE ( 'NONE', #4776, #5229, #1447, .T. ) ;
#5224 = DIRECTION ( 'NONE',  ( -0.000000000000000000, -1.000000000000000000, -0.000000000000000000 ) ) ;
#5225 = CARTESIAN_POINT ( 'NONE',  ( 4.450000000000009948, 11.09999999999999964, 19.25000000000000000 ) ) ;
#5226 = VERTEX_POINT ( 'NONE', #1474 ) ;
#5227 = ORIENTED_EDGE ( 'NONE', *, *, #3115, .F. ) ;
#5228 = CARTESIAN_POINT ( 'NONE',  ( 2.910000000000009912, 11.09999999999999964, 19.25000000000000000 ) ) ;
#5229 = VERTEX_POINT ( 'NONE', #3834 ) ;
#5230 = ADVANCED_FACE ( 'NONE', ( #3885 ), #988, .F. ) ;
#5231 = DIRECTION ( 'NONE',  ( 0.000000000000000000, 0.000000000000000000, 1.000000000000000000 ) ) ;
#5232 = ORIENTED_EDGE ( 'NONE', *, *, #5211, .T. ) ;
#5233 = PLANE ( 'NONE',  #3696 ) ;
#5234 = DIRECTION ( 'NONE',  ( 0.000000000000000000, 0.000000000000000000, 1.000000000000000000 ) ) ;
#5235 = ORIENTED_EDGE ( 'NONE', *, *, #2233, .F. ) ;
#5236 = ORIENTED_EDGE ( 'NONE', *, *, #1130, .T. ) ;
#5237 = CARTESIAN_POINT ( 'NONE',  ( -0.6299999999999916778, 11.09999999999999964, -20.25000000000000000 ) ) ;
#5238 = AXIS2_PLACEMENT_3D ( 'NONE', #3565, #3516, #5186 ) ;
#5239 = CARTESIAN_POINT ( 'NONE',  ( -30.24999999999999289, 4.750000000000000000, -4.400000000000001243 ) ) ;
#5240 = LINE ( 'NONE', #4310, #4079 ) ;
#5241 = PLANE ( 'NONE',  #1045 ) ;
#5242 = ORIENTED_EDGE ( 'NONE', *, *, #5263, .F. ) ;
#5243 = VECTOR ( 'NONE', #3544, 1000.000000000000000 ) ;
#5244 = VECTOR ( 'NONE', #1743, 1000.000000000000000 ) ;
#5245 = CARTESIAN_POINT ( 'NONE',  ( 34.30000000000000426, 0.000000000000000000, -7.450000000000001066 ) ) ;
#5246 = DIRECTION ( 'NONE',  ( -0.000000000000000000, -0.000000000000000000, 1.000000000000000000 ) ) ;
#5247 = ADVANCED_FACE ( 'NONE', ( #4656 ), #168, .T. ) ;
#5248 = FACE_OUTER_BOUND ( 'NONE', #4417, .T. ) ;
#5249 = ORIENTED_EDGE ( 'NONE', *, *, #3512, .T. ) ;
#5250 = ORIENTED_EDGE ( 'NONE', *, *, #163, .T. ) ;
#5251 = DIRECTION ( 'NONE',  ( 0.000000000000000000, 0.000000000000000000, 1.000000000000000000 ) ) ;
#5252 = CARTESIAN_POINT ( 'NONE',  ( -30.24999999999999289, 4.750000000000000000, -4.400000000000001243 ) ) ;
#5253 = VERTEX_POINT ( 'NONE', #4630 ) ;
#5254 = ORIENTED_EDGE ( 'NONE', *, *, #2958, .T. ) ;
#5255 = EDGE_CURVE ( 'NONE', #1406, #451, #4706, .T. ) ;
#5256 = VECTOR ( 'NONE', #1080, 1000.000000000000000 ) ;
#5257 = VERTEX_POINT ( 'NONE', #192 ) ;
#5258 = PLANE ( 'NONE',  #2564 ) ;
#5259 = VECTOR ( 'NONE', #1586, 1000.000000000000000 ) ;
#5260 = ORIENTED_EDGE ( 'NONE', *, *, #3705, .T. ) ;
#5261 = LINE ( 'NONE', #3692, #385 ) ;
#5262 = LINE ( 'NONE', #4010, #3676 ) ;
#5263 = EDGE_CURVE ( 'NONE', #4568, #2973, #4679, .T. ) ;
#5264 = VERTEX_POINT ( 'NONE', #1392 ) ;
#5265 = UNCERTAINTY_MEASURE_WITH_UNIT (LENGTH_MEASURE( 1.000000000000000082E-05 ), #158, 'distance_accuracy_value', 'NONE');
ENDSEC;
END-ISO-10303-21;
