sample,time_s,voltage_v,pwm_state
0,0.0,0.40857142210006714,0
1,5e-06,0.38842490315437317,0
2,1e-05,0.3916483521461487,0
3,1.5e-05,0.37714284658432007,0
4,2e-05,0.3827838897705078,0
5,2.5e-05,0.4021245241165161,0
6,3e-05,0.3602197766304016,0
7,3.5e-05,0.38842490315437317,0
8,4e-05,0.3731135427951813,0
9,4.5e-05,0.39245420694351196,0
10,5e-05,0.38520145416259766,0
11,5.5e-05,0.3908424973487854,0
12,6e-05,0.38842490315437317,0
13,6.5e-05,0.3731135427951813,0
14,7e-05,0.41179487109184265,0
15,7.5e-05,0.3827838897705078,0
16,8e-05,0.3763369917869568,0
17,8.5e-05,0.40051281452178955,0
18,9e-05,0.3795604407787323,0
19,9.5e-05,0.3827838897705078,0
20,0.0001,0.40051281452178955,0
21,0.000105,0.3682783842086792,0
22,0.00011,0.39728936553001404,0
23,0.000115,0.3827838897705078,0
24,0.00012,0.3948718011379242,0
25,0.000125,0.38197800517082214,0
26,0.00013,0.40857142210006714,0
27,0.000135,0.3690842390060425,0
28,0.00014,0.3916483521461487,0
29,0.000145,0.40454211831092834,0
30,0.00015,0.38842490315437317,0
31,0.000155,0.38197800517082214,0
32,0.00016,0.38520145416259766,0
33,0.000165,0.37794870138168335,0
34,0.00017,0.3715018332004547,0
35,0.000175,0.3956776559352875,0
36,0.00018,0.3916483521461487,0
37,0.000185,0.38520145416259766,0
38,0.00019,0.38520145416259766,0
39,0.000195,0.37714284658432007,0
40,0.0002,0.37391939759254456,0
41,0.000205,0.3980952203273773,0
42,0.00021,0.3916483521461487,0
43,0.000215,0.3755311369895935,0
44,0.00022,0.3948718011379242,0
45,0.000225,0.3980952203273773,0
46,0.00023,0.37391939759254456,0
47,0.000235,0.3980952203273773,0
48,0.00024,0.3868131935596466,0
49,0.000245,0.39245420694351196,0
50,0.00025,0.38923075795173645,0
51,0.000255,0.3827838897705078,0
52,0.00026,0.38923075795173645,0
53,0.000265,0.3948718011379242,0
54,0.00027,0.3980952203273773,0
55,0.000275,0.39245420694351196,0
56,0.00028,0.3980952203273773,0
57,0.000285,0.38600730895996094,0
58,0.00029,0.3916483521461487,0
59,0.000295,0.39245420694351196,0
60,0.0003,0.3868131935596466,0
61,0.000305,0.398901104927063,0
62,0.00031,0.39728936553001404,0
63,0.000315,0.3876190483570099,0
64,0.00032,0.40051281452178955,0
65,0.000325,0.3578021824359894,0
66,0.00033,0.3876190483570099,0
67,0.000335,0.38197800517082214,0
68,0.00034,0.3980952203273773,0
69,0.000345,0.3763369917869568,0
70,0.00035,0.3876190483570099,0
71,0.000355,0.3763369917869568,0
72,0.00036,0.39970695972442627,0
73,0.000365,0.3755311369895935,0
74,0.00037,0.3690842390060425,0
75,0.000375,0.40373626351356506,0
76,0.00038,0.3795604407787323,0
77,0.000385,0.3835897445678711,0
78,0.00039,0.3868131935596466,0
79,0.000395,0.38923075795173645,0
80,0.0004,0.3876190483570099,0
81,0.000405,0.36263737082481384,0
82,0.00041,0.3843955993652344,0
83,0.000415,0.39970695972442627,0
84,0.00042,0.3803662955760956,0
85,0.000425,0.3610256314277649,0
86,0.00043,0.37794870138168335,0
87,0.000435,0.39970695972442627,0
88,0.00044,0.41098901629447937,0
89,0.000445,0.4053479731082916,0
90,0.00045,0.3940659165382385,0
91,0.000455,0.3610256314277649,0
92,0.00046,0.37391939759254456,0
93,0.000465,0.3908424973487854,0
94,0.00047,0.3940659165382385,0
95,0.000475,0.38520145416259766,0
96,0.00048,0.38197800517082214,0
97,0.000485,0.3731135427951813,0
98,0.00049,0.3731135427951813,0
99,0.000495,0.3827838897705078,0
100,0.0005,0.3795604407787323,0
101,0.000505,0.3948718011379242,0
102,0.00051,0.3916483521461487,0
103,0.000515,0.3956776559352875,0
104,0.00052,0.4254944920539856,0
105,0.000525,0.3755311369895935,0
106,0.00053,0.3908424973487854,0
107,0.000535,0.38117215037345886,0
108,0.00054,0.3715018332004547,0
109,0.000545,0.3940659165382385,0
110,0.00055,0.3956776559352875,0
111,0.000555,0.39970695972442627,0
112,0.00056,0.378754585981369,0
113,0.000565,0.3602197766304016,0
114,0.00057,0.37391939759254456,0
115,0.000575,0.3795604407787323,0
116,0.00058,0.372307687997818,0
117,0.000585,0.38197800517082214,0
118,0.00059,0.3755311369895935,0
119,0.000595,0.3610256314277649,0
120,0.0006,0.39970695972442627,0
121,0.000605,0.3956776559352875,0
122,0.00061,0.3795604407787323,0
123,0.000615,0.39970695972442627,0
124,0.00062,0.36989009380340576,0
125,0.000625,0.4029304087162018,0
126,0.00063,0.3868131935596466,0
127,0.000635,0.3916483521461487,0
128,0.00064,0.37794870138168335,0
129,0.000645,0.3843955993652344,0
130,0.00065,0.40131866931915283,0
131,0.000655,0.3795604407787323,0
132,0.00066,0.3916483521461487,0
133,0.000665,0.3731135427951813,0
134,0.00067,0.4053479731082916,0
135,0.000675,0.3747252821922302,0
136,0.00068,0.4053479731082916,0
137,0.000685,0.3763369917869568,0
138,0.00069,0.3827838897705078,0
139,0.000695,0.38600730895996094,0
140,0.0007,0.3868131935596466,0
141,0.000705,0.3634432256221771,0
142,0.00071,0.39648351073265076,0
143,0.000715,0.3682783842086792,0
144,0.00072,0.3763369917869568,0
145,0.000725,0.38923075795173645,0
146,0.00073,0.3610256314277649,0
147,0.000735,0.3795604407787323,0
148,0.00074,0.3755311369895935,0
149,0.000745,0.3868131935596466,0
150,0.00075,0.42307692766189575,0
151,0.000755,0.3731135427951813,0
152,0.00076,0.38520145416259766,0
153,0.000765,0.398901104927063,0
154,0.00077,0.3916483521461487,0
155,0.000775,0.4214651882648468,0
156,0.00078,0.38197800517082214,0
157,0.000785,0.36666667461395264,0
158,0.00079,0.36586079001426697,0
159,0.000795,0.372307687997818,0
160,0.0008,0.378754585981369,0
161,0.000805,0.36666667461395264,0
162,0.00081,0.34813186526298523,0
163,0.000815,0.3763369917869568,0
164,0.00082,0.40454211831092834,0
165,0.000825,0.39970695972442627,0
166,0.00083,0.3763369917869568,0
167,0.000835,0.35941392183303833,0
168,0.00084,0.3755311369895935,0
169,0.000845,0.3715018332004547,0
170,0.00085,0.3682783842086792,0
171,0.000855,0.37391939759254456,0
172,0.00086,0.3916483521461487,0
173,0.000865,0.36666667461395264,0
174,0.00087,0.4101831316947937,1
175,0.000875,0.4279120862483978,1
176,0.00088,0.4335530996322632,1
177,0.000885,0.43113553524017334,1
178,0.00089,0.4053479731082916,1
179,0.000895,0.38923075795173645,0
180,0.0009,0.3747252821922302,0
181,0.000905,0.38197800517082214,0
182,0.00091,0.4053479731082916,0
183,0.000915,0.3876190483570099,0
184,0.00092,0.38117215037345886,0
185,0.000925,0.39970695972442627,0
186,0.00093,0.3956776559352875,0
187,0.000935,0.36263737082481384,0
188,0.00094,0.372307687997818,0
189,0.000945,0.37794870138168335,0
190,0.00095,0.3650549352169037,0
191,0.000955,0.41098901629447937,0
192,0.00096,0.3747252821922302,0
193,0.000965,0.3715018332004547,0
194,0.00097,0.3843955993652344,0
195,0.000975,0.3578021824359894,0
196,0.00098,0.38520145416259766,0
197,0.000985,0.41179487109184265,0
198,0.00099,0.40776556730270386,0
199,0.000995,0.3868131935596466,0
200,0.001,0.38117215037345886,0
201,0.001005,0.3690842390060425,0
202,0.00101,0.38600730895996094,0
203,0.001015,0.378754585981369,0
204,0.00102,0.39003661274909973,0
205,0.001025,0.3763369917869568,0
206,0.00103,0.37391939759254456,0
207,0.001035,0.3529670238494873,0
208,0.00104,0.3876190483570099,0
209,0.001045,0.35457876324653625,0
210,0.00105,0.3827838897705078,0
211,0.001055,0.39648351073265076,0
212,0.00106,0.4021245241165161,0
213,0.001065,0.3747252821922302,0
214,0.00107,0.3876190483570099,0
215,0.001075,0.39970695972442627,0
216,0.00108,0.37794870138168335,0
217,0.001085,0.372307687997818,0
218,0.00109,0.3868131935596466,0
219,0.001095,0.39970695972442627,0
220,0.0011,0.38520145416259766,0
221,0.001105,0.39245420694351196,0
222,0.00111,0.37391939759254456,0
223,0.001115,0.38520145416259766,0
224,0.00112,0.38117215037345886,0
225,0.001125,0.38923075795173645,0
226,0.00113,0.38197800517082214,0
227,0.001135,0.3876190483570099,0
228,0.00114,0.3843955993652344,0
229,0.001145,0.38600730895996094,0
230,0.00115,0.40051281452178955,0
231,0.001155,0.3868131935596466,0
232,0.00116,0.3763369917869568,0
233,0.001165,0.37391939759254456,0
234,0.00117,0.3803662955760956,0
235,0.001175,0.3908424973487854,0
236,0.00118,0.37714284658432007,0
237,0.001185,0.3690842390060425,0
238,0.00119,0.38197800517082214,0
239,0.001195,0.3747252821922302,0
240,0.0012,0.3876190483570099,0
241,0.001205,0.372307687997818,0
242,0.00121,0.3868131935596466,0
243,0.001215,0.3908424973487854,0
244,0.00122,0.38520145416259766,0
245,0.001225,0.36666667461395264,0
246,0.00123,0.3578021824359894,0
247,0.001235,0.38600730895996094,0
248,0.00124,0.3827838897705078,0
249,0.001245,0.3916483521461487,0
250,0.00125,0.3843955993652344,0
251,0.001255,0.38117215037345886,0
252,0.00126,0.3868131935596466,0
253,0.001265,0.38923075795173645,0
254,0.00127,0.3843955993652344,0
255,0.001275,0.4021245241165161,0
256,0.00128,0.3682783842086792,0
257,0.001285,0.3747252821922302,0
258,0.00129,0.37794870138168335,0
259,0.001295,0.39326006174087524,0
260,0.0013,0.38520145416259766,0
261,0.001305,0.3827838897705078,0
262,0.00131,0.3827838897705078,0
263,0.001315,0.3908424973487854,0
264,0.00132,0.3843955993652344,0
265,0.001325,0.3827838897705078,0
266,0.00133,0.38520145416259766,0
267,0.001335,0.38842490315437317,0
268,0.00134,0.3835897445678711,0
269,0.001345,0.3843955993652344,0
270,0.00135,0.38842490315437317,0
271,0.001355,0.37391939759254456,0
272,0.00136,0.38600730895996094,0
273,0.001365,0.3731135427951813,0
274,0.00137,0.372307687997818,0
275,0.001375,0.3956776559352875,0
276,0.00138,0.39970695972442627,0
277,0.001385,0.39003661274909973,0
278,0.00139,0.3843955993652344,0
279,0.001395,0.38117215037345886,0
280,0.0014,0.3868131935596466,0
281,0.001405,0.36989009380340576,0
282,0.00141,0.3835897445678711,0
283,0.001415,0.3747252821922302,0
284,0.00142,0.39970695972442627,0
285,0.001425,0.39970695972442627,0
286,0.00143,0.38600730895996094,0
287,0.001435,0.3618314862251282,0
288,0.00144,0.37391939759254456,0
289,0.001445,0.38600730895996094,0
290,0.00145,0.3843955993652344,0
291,0.001455,0.39970695972442627,0
292,0.00146,0.38842490315437317,0
293,0.001465,0.39970695972442627,0
294,0.00147,0.39970695972442627,0
295,0.001475,0.37391939759254456,0
296,0.00148,0.36989009380340576,0
297,0.001485,0.39728936553001404,0
298,0.00149,0.38923075795173645,0
299,0.001495,0.3843955993652344,0
300,0.0015,0.3956776559352875,0
301,0.001505,0.372307687997818,0
302,0.00151,0.3835897445678711,0
303,0.001515,0.39970695972442627,0
304,0.00152,0.37391939759254456,0
305,0.001525,0.38197800517082214,0
306,0.00153,0.3763369917869568,0
307,0.001535,0.38520145416259766,0
308,0.00154,0.37391939759254456,0
309,0.001545,0.3795604407787323,0
310,0.00155,0.37391939759254456,0
311,0.001555,0.3763369917869568,0
312,0.00156,0.3747252821922302,0
313,0.001565,0.3948718011379242,0
314,0.00157,0.38600730895996094,0
315,0.001575,0.3916483521461487,0
316,0.00158,0.3795604407787323,0
317,0.001585,0.3980952203273773,0
318,0.00159,0.40857142210006714,0
319,0.001595,0.37391939759254456,0
320,0.0016,0.3843955993652344,0
321,0.001605,0.39003661274909973,0
322,0.00161,0.3747252821922302,0
323,0.001615,0.39648351073265076,0
324,0.00162,0.35860806703567505,0
325,0.001625,0.37391939759254456,0
326,0.00163,0.3763369917869568,0
327,0.001635,0.3618314862251282,0
328,0.00164,0.40131866931915283,0
329,0.001645,0.39728936553001404,0
330,0.00165,0.3876190483570099,0
331,0.001655,0.3908424973487854,0
332,0.00166,0.36989009380340576,0
333,0.001665,0.372307687997818,0
334,0.00167,0.3868131935596466,0
335,0.001675,0.36989009380340576,0
336,0.00168,0.36989009380340576,0
337,0.001685,0.36989009380340576,0
338,0.00169,0.3690842390060425,0
339,0.001695,0.40454211831092834,0
340,0.0017,0.3690842390060425,0
341,0.001705,0.3763369917869568,0
342,0.00171,0.3868131935596466,0
343,0.001715,0.36989009380340576,0
344,0.00172,0.37794870138168335,0
345,0.001725,0.3868131935596466,0
346,0.00173,0.3795604407787323,0
347,0.001735,0.38923075795173645,0
348,0.00174,0.39970695972442627,0
349,0.001745,0.39970695972442627,0
350,0.00175,0.398901104927063,0
351,0.001755,0.38600730895996094,0
352,0.00176,0.3827838897705078,0
353,0.001765,0.37794870138168335,0
354,0.00177,0.3715018332004547,0
355,0.001775,0.3763369917869568,0
356,0.00178,0.37794870138168335,0
357,0.001785,0.372307687997818,0
358,0.00179,0.3803662955760956,0
359,0.001795,0.3827838897705078,0
360,0.0018,0.37391939759254456,0
361,0.001805,0.3916483521461487,0
362,0.00181,0.38117215037345886,0
363,0.001815,0.38600730895996094,0
364,0.00182,0.39648351073265076,0
365,0.001825,0.3755311369895935,0
366,0.00183,0.37391939759254456,0
367,0.001835,0.3561904728412628,0
368,0.00184,0.398901104927063,0
369,0.001845,0.39245420694351196,0
370,0.00185,0.37714284658432007,0
371,0.001855,0.3908424973487854,0
372,0.00186,0.39728936553001404,0
373,0.001865,0.3715018332004547,0
374,0.00187,0.37714284658432007,0
375,0.001875,0.39326006174087524,0
376,0.00188,0.3642490804195404,0
377,0.001885,0.372307687997818,0
378,0.00189,0.40131866931915283,0
379,0.001895,0.3956776559352875,0
380,0.0019,0.3980952203273773,0
381,0.001905,0.3980952203273773,0
382,0.00191,0.38520145416259766,0
383,0.001915,0.3843955993652344,0
384,0.00192,0.4069597125053406,0
385,0.001925,0.38600730895996094,0
386,0.00193,0.3827838897705078,0
387,0.001935,0.3827838897705078,0
388,0.00194,0.36989009380340576,0
389,0.001945,0.38117215037345886,0
390,0.00195,0.37391939759254456,0
391,0.001955,0.3827838897705078,0
392,0.00196,0.39245420694351196,0
393,0.001965,0.3868131935596466,0
394,0.00197,0.3868131935596466,0
395,0.001975,0.3763369917869568,0
396,0.00198,0.3956776559352875,0
397,0.001985,0.40776556730270386,0
398,0.00199,0.3876190483570099,0
399,0.001995,0.38842490315437317,0
400,0.002,0.38197800517082214,0
401,0.002005,0.3980952203273773,0
402,0.00201,0.3827838897705078,0
403,0.002015,0.3916483521461487,0
404,0.00202,0.3868131935596466,0
405,0.002025,0.3747252821922302,0
406,0.00203,0.38117215037345886,0
407,0.002035,0.38600730895996094,0
408,0.00204,0.38197800517082214,0
409,0.002045,0.3916483521461487,0
410,0.00205,0.38117215037345886,0
411,0.002055,0.40131866931915283,0
412,0.00206,0.3763369917869568,0
413,0.002065,0.3916483521461487,0
414,0.00207,0.39648351073265076,0
415,0.002075,0.44644686579704285,1
416,0.00208,0.43435895442962646,1
417,0.002085,0.41179487109184265,1
418,0.00209,0.41179487109184265,1
419,0.002095,0.4327472448348999,1
420,0.0021,0.37391939759254456,0
421,0.002105,0.39970695972442627,0
422,0.00211,0.4053479731082916,0
423,0.002115,0.3827838897705078,0
424,0.00212,0.3763369917869568,0
425,0.002125,0.38923075795173645,0
426,0.00213,0.3876190483570099,0
427,0.002135,0.39728936553001404,0
428,0.00214,0.37794870138168335,0
429,0.002145,0.3843955993652344,0
430,0.00215,0.37794870138168335,0
431,0.002155,0.39728936553001404,0
432,0.00216,0.398901104927063,0
433,0.002165,0.3908424973487854,0
434,0.00217,0.37391939759254456,0
435,0.002175,0.378754585981369,0
436,0.00218,0.3731135427951813,0
437,0.002185,0.3956776559352875,0
438,0.00219,0.39970695972442627,0
439,0.002195,0.38520145416259766,0
440,0.0022,0.3731135427951813,0
441,0.002205,0.3876190483570099,0
442,0.00221,0.39970695972442627,0
443,0.002215,0.39970695972442627,0
444,0.00222,0.37391939759254456,0
445,0.002225,0.38842490315437317,0
446,0.00223,0.39970695972442627,0
447,0.002235,0.3908424973487854,0
448,0.00224,0.37391939759254456,0
449,0.002245,0.3715018332004547,0
450,0.00225,0.3843955993652344,0
451,0.002255,0.3916483521461487,0
452,0.00226,0.41179487109184265,0
453,0.002265,0.37714284658432007,0
454,0.00227,0.40454211831092834,0
455,0.002275,0.3940659165382385,0
456,0.00228,0.39245420694351196,0
457,0.002285,0.3980952203273773,0
458,0.00229,0.39648351073265076,0
459,0.002295,0.36989009380340576,0
460,0.0023,0.3763369917869568,0
461,0.002305,0.37391939759254456,0
462,0.00231,0.41098901629447937,0
463,0.002315,0.38600730895996094,0
464,0.00232,0.3940659165382385,0
465,0.002325,0.40051281452178955,0
466,0.00233,0.39728936553001404,0
467,0.002335,0.39970695972442627,0
468,0.00234,0.40373626351356506,0
469,0.002345,0.35860806703567505,0
470,0.00235,0.38600730895996094,0
471,0.002355,0.3868131935596466,0
472,0.00236,0.38520145416259766,0
473,0.002365,0.3908424973487854,0
474,0.00237,0.39728936553001404,0
475,0.002375,0.3650549352169037,0
476,0.00238,0.3827838897705078,0
477,0.002385,0.4021245241165161,0
478,0.00239,0.3843955993652344,0
479,0.002395,0.38842490315437317,0
480,0.0024,0.38197800517082214,0
481,0.002405,0.38923075795173645,0
482,0.00241,0.3843955993652344,0
483,0.002415,0.39970695972442627,0
484,0.00242,0.38600730895996094,0
485,0.002425,0.3948718011379242,0
486,0.00243,0.3827838897705078,0
487,0.002435,0.3868131935596466,0
488,0.00244,0.3980952203273773,0
489,0.002445,0.38520145416259766,0
490,0.00245,0.378754585981369,0
491,0.002455,0.38117215037345886,0
492,0.00246,0.40051281452178955,0
493,0.002465,0.378754585981369,0
494,0.00247,0.3956776559352875,0
495,0.002475,0.3868131935596466,0
496,0.00248,0.3980952203273773,0
497,0.002485,0.37391939759254456,0
498,0.00249,0.398901104927063,0
499,0.002495,0.37391939759254456,0
500,0.0025,0.3948718011379242,0
501,0.002505,0.39003661274909973,0
502,0.00251,0.38197800517082214,0
503,0.002515,0.3876190483570099,0
504,0.00252,0.39245420694351196,0
505,0.002525,0.3956776559352875,0
506,0.00253,0.3908424973487854,0
507,0.002535,0.38923075795173645,0
508,0.00254,0.37391939759254456,0
509,0.002545,0.3747252821922302,0
510,0.00255,0.3876190483570099,0
511,0.002555,0.38520145416259766,0
512,0.00256,0.40373626351356506,0
513,0.002565,0.3948718011379242,0
514,0.00257,0.38197800517082214,0
515,0.002575,0.37391939759254456,0
516,0.00258,0.4061538279056549,0
517,0.002585,0.40776556730270386,0
518,0.00259,0.3948718011379242,0
519,0.002595,0.3827838897705078,0
520,0.0026,0.38520145416259766,0
521,0.002605,0.3747252821922302,0
522,0.00261,0.4021245241165161,0
523,0.002615,0.38197800517082214,0
524,0.00262,0.3868131935596466,0
525,0.002625,0.39003661274909973,0
526,0.00263,0.40051281452178955,0
527,0.002635,0.38197800517082214,0
528,0.00264,0.3948718011379242,0
529,0.002645,0.38923075795173645,0
530,0.00265,0.3747252821922302,0
531,0.002655,0.38923075795173645,0
532,0.00266,0.3795604407787323,0
533,0.002665,0.41179487109184265,0
534,0.00267,0.398901104927063,0
535,0.002675,0.39003661274909973,0
536,0.00268,0.38923075795173645,0
537,0.002685,0.3908424973487854,0
538,0.00269,0.37794870138168335,0
539,0.002695,0.38520145416259766,0
540,0.0027,0.3868131935596466,0
541,0.002705,0.38600730895996094,0
542,0.00271,0.38600730895996094,0
543,0.002715,0.3916483521461487,0
544,0.00272,0.40051281452178955,0
545,0.002725,0.38117215037345886,0
546,0.00273,0.3827838897705078,0
547,0.002735,0.38520145416259766,0
548,0.00274,0.3908424973487854,0
549,0.002745,0.39245420694351196,0
550,0.00275,0.39970695972442627,0
551,0.002755,0.3980952203273773,0
552,0.00276,0.3916483521461487,0
553,0.002765,0.38520145416259766,0
554,0.00277,0.3868131935596466,0
555,0.002775,0.38923075795173645,0
556,0.00278,0.3876190483570099,0
557,0.002785,0.39245420694351196,0
558,0.00279,0.38923075795173645,0
559,0.002795,0.38520145416259766,0
560,0.0028,0.40051281452178955,0
561,0.002805,0.3795604407787323,0
562,0.00281,0.3980952203273773,0
563,0.002815,0.40373626351356506,0
564,0.00282,0.378754585981369,0
565,0.002825,0.39245420694351196,0
566,0.00283,0.38600730895996094,0
567,0.002835,0.3876190483570099,0
568,0.00284,0.3755311369895935,0
569,0.002845,0.3827838897705078,0
570,0.00285,0.39326006174087524,0
571,0.002855,0.3763369917869568,0
572,0.00286,0.3956776559352875,0
573,0.002865,0.3827838897705078,0
574,0.00287,0.38842490315437317,0
575,0.002875,0.372307687997818,0
576,0.00288,0.38117215037345886,0
577,0.002885,0.398901104927063,0
578,0.00289,0.3843955993652344,0
579,0.002895,0.3948718011379242,0
580,0.0029,0.39728936553001404,0
581,0.002905,0.39970695972442627,0
582,0.00291,0.38842490315437317,0
583,0.002915,0.4053479731082916,0
584,0.00292,0.39970695972442627,0
585,0.002925,0.3827838897705078,0
586,0.00293,0.3827838897705078,0
587,0.002935,0.39728936553001404,0
588,0.00294,0.3843955993652344,0
589,0.002945,0.39970695972442627,0
590,0.00295,0.4021245241165161,0
591,0.002955,0.3956776559352875,0
592,0.00296,0.38923075795173645,0
593,0.002965,0.3731135427951813,0
594,0.00297,0.4101831316947937,0
595,0.002975,0.378754585981369,0
596,0.00298,0.3827838897705078,0
597,0.002985,0.3948718011379242,0
598,0.00299,0.3980952203273773,0
599,0.002995,0.3908424973487854,0
600,0.003,0.37391939759254456,0
601,0.003005,0.39245420694351196,0
602,0.00301,0.3876190483570099,0
603,0.003015,0.3868131935596466,0
604,0.00302,0.3948718011379242,0
605,0.003025,0.39245420694351196,0
606,0.00303,0.37391939759254456,0
607,0.003035,0.3876190483570099,0
608,0.00304,0.3868131935596466,0
609,0.003045,0.3868131935596466,0
610,0.00305,0.4093772768974304,0
611,0.003055,0.40776556730270386,0
612,0.00306,0.38197800517082214,0
613,0.003065,0.38842490315437317,0
614,0.00307,0.38117215037345886,0
615,0.003075,0.39245420694351196,0
616,0.00308,0.39003661274909973,0
617,0.003085,0.38197800517082214,0
618,0.00309,0.39003661274909973,0
619,0.003095,0.3827838897705078,0
620,0.0031,0.36989009380340576,0
621,0.003105,0.39728936553001404,0
622,0.00311,0.3940659165382385,0
623,0.003115,0.3940659165382385,0
624,0.00312,0.37391939759254456,0
625,0.003125,0.3843955993652344,0
626,0.00313,0.38600730895996094,0
627,0.003135,0.39245420694351196,0
628,0.00314,0.38197800517082214,0
629,0.003145,0.3876190483570099,0
630,0.00315,0.37794870138168335,0
631,0.003155,0.38923075795173645,0
632,0.00316,0.3634432256221771,0
633,0.003165,0.4021245241165161,0
634,0.00317,0.38600730895996094,0
635,0.003175,0.3690842390060425,0
636,0.00318,0.39970695972442627,0
637,0.003185,0.38600730895996094,0
638,0.00319,0.3980952203273773,0
639,0.003195,0.36586079001426697,0
640,0.0032,0.4069597125053406,0
641,0.003205,0.39326006174087524,0
642,0.00321,0.38117215037345886,0
643,0.003215,0.3916483521461487,0
644,0.00322,0.3763369917869568,0
645,0.003225,0.372307687997818,0
646,0.00323,0.39970695972442627,0
647,0.003235,0.38923075795173645,0
648,0.00324,0.40454211831092834,0
649,0.003245,0.378754585981369,0
650,0.00325,0.39003661274909973,0
651,0.003255,0.39728936553001404,0
652,0.00326,0.39245420694351196,0
653,0.003265,0.3908424973487854,0
654,0.00327,0.40131866931915283,0
655,0.003275,0.3731135427951813,0
656,0.00328,0.3843955993652344,0
657,0.003285,0.3876190483570099,0
658,0.00329,0.4021245241165161,0
659,0.003295,0.38600730895996094,0
660,0.0033,0.3908424973487854,0
661,0.003305,0.38520145416259766,0
662,0.00331,0.40051281452178955,0
663,0.003315,0.38842490315437317,0
664,0.00332,0.3835897445678711,0
665,0.003325,0.40454211831092834,0
666,0.00333,0.37391939759254456,0
667,0.003335,0.3795604407787323,0
668,0.00334,0.4029304087162018,0
669,0.003345,0.3956776559352875,0
670,0.00335,0.3835897445678711,0
671,0.003355,0.37714284658432007,0
672,0.00336,0.3827838897705078,0
673,0.003365,0.38923075795173645,0
674,0.00337,0.3868131935596466,0
675,0.003375,0.38842490315437317,0
676,0.00338,0.3795604407787323,0
677,0.003385,0.38117215037345886,0
678,0.00339,0.3956776559352875,0
679,0.003395,0.378754585981369,0
680,0.0034,0.372307687997818,0
681,0.003405,0.378754585981369,0
682,0.00341,0.40373626351356506,0
683,0.003415,0.3827838897705078,0
684,0.00342,0.3843955993652344,0
685,0.003425,0.38117215037345886,0
686,0.00343,0.39648351073265076,0
687,0.003435,0.39970695972442627,0
688,0.00344,0.39970695972442627,0
689,0.003445,0.4053479731082916,0
690,0.00345,0.37391939759254456,0
691,0.003455,0.39245420694351196,0
692,0.00346,0.39003661274909973,0
693,0.003465,0.38117215037345886,0
694,0.00347,0.4021245241165161,0
695,0.003475,0.3868131935596466,0
696,0.00348,0.39326006174087524,0
697,0.003485,0.3908424973487854,0
698,0.00349,0.37714284658432007,0
699,0.003495,0.41179487109184265,0
700,0.0035,0.3876190483570099,0
701,0.003505,0.3803662955760956,0
702,0.00351,0.4053479731082916,0
703,0.003515,0.3868131935596466,0
704,0.00352,0.3763369917869568,0
705,0.003525,0.3916483521461487,0
706,0.00353,0.3835897445678711,0
707,0.003535,0.4029304087162018,0
708,0.00354,0.3747252821922302,0
709,0.003545,0.39970695972442627,0
710,0.00355,0.3843955993652344,0
711,0.003555,0.4021245241165161,0
712,0.00356,0.38117215037345886,0
713,0.003565,0.3956776559352875,0
714,0.00357,0.3690842390060425,0
715,0.003575,0.37391939759254456,0
716,0.00358,0.3827838897705078,0
717,0.003585,0.37391939759254456,0
718,0.00359,0.39245420694351196,0
719,0.003595,0.39970695972442627,0
720,0.0036,0.3956776559352875,0
721,0.003605,0.398901104927063,0
722,0.00361,0.38600730895996094,0
723,0.003615,0.3948718011379242,0
724,0.00362,0.3948718011379242,0
725,0.003625,0.3916483521461487,0
726,0.00363,0.38197800517082214,0
727,0.003635,0.3940659165382385,0
728,0.00364,0.3868131935596466,0
729,0.003645,0.37794870138168335,0
730,0.00365,0.38923075795173645,0
731,0.003655,0.378754585981369,0
732,0.00366,0.38520145416259766,0
733,0.003665,0.398901104927063,0
734,0.00367,0.3868131935596466,0
735,0.003675,0.38600730895996094,0
736,0.00368,0.3827838897705078,0
737,0.003685,0.3843955993652344,0
738,0.00369,0.3948718011379242,0
739,0.003695,0.39970695972442627,0
740,0.0037,0.38197800517082214,0
741,0.003705,0.37794870138168335,0
742,0.00371,0.3795604407787323,0
743,0.003715,0.3908424973487854,0
744,0.00372,0.3956776559352875,0
745,0.003725,0.39245420694351196,0
746,0.00373,0.38520145416259766,0
747,0.003735,0.3948718011379242,0
748,0.00374,0.3835897445678711,0
749,0.003745,0.40776556730270386,0
750,0.00375,0.37391939759254456,0
751,0.003755,0.39648351073265076,0
752,0.00376,0.37391939759254456,0
753,0.003765,0.3843955993652344,0
754,0.00377,0.3956776559352875,0
755,0.003775,0.39728936553001404,0
756,0.00378,0.3827838897705078,0
757,0.003785,0.3634432256221771,0
758,0.00379,0.3763369917869568,0
759,0.003795,0.39003661274909973,0
760,0.0038,0.3835897445678711,0
761,0.003805,0.37391939759254456,0
762,0.00381,0.3763369917869568,0
763,0.003815,0.39728936553001404,0
764,0.00382,0.39970695972442627,0
765,0.003825,0.39003661274909973,0
766,0.00383,0.38923075795173645,0
767,0.003835,0.3980952203273773,0
768,0.00384,0.3876190483570099,0
769,0.003845,0.3827838897705078,0
770,0.00385,0.38842490315437317,0
771,0.003855,0.3876190483570099,0
772,0.00386,0.3908424973487854,0
773,0.003865,0.3956776559352875,0
774,0.00387,0.3835897445678711,0
775,0.003875,0.38600730895996094,0
776,0.00388,0.39003661274909973,0
777,0.003885,0.3956776559352875,0
778,0.00389,0.3868131935596466,0
779,0.003895,0.38923075795173645,0
780,0.0039,0.3868131935596466,0
781,0.003905,0.4069597125053406,0
782,0.00391,0.3843955993652344,0
783,0.003915,0.3747252821922302,0
784,0.00392,0.3980952203273773,0
785,0.003925,0.3876190483570099,0
786,0.00393,0.39970695972442627,0
787,0.003935,0.3956776559352875,0
788,0.00394,0.3868131935596466,0
789,0.003945,0.37714284658432007,0
790,0.00395,0.3940659165382385,0
791,0.003955,0.3948718011379242,0
792,0.00396,0.3908424973487854,0
793,0.003965,0.39970695972442627,0
794,0.00397,0.3731135427951813,0
795,0.003975,0.3755311369895935,0
796,0.00398,0.3843955993652344,0
797,0.003985,0.3948718011379242,0
798,0.00399,0.41179487109184265,0
799,0.003995,0.38600730895996094,0
800,0.004,0.3956776559352875,0
801,0.004005,0.3876190483570099,0
802,0.00401,0.39728936553001404,0
803,0.004015,0.39728936553001404,0
804,0.00402,0.39970695972442627,0
805,0.004025,0.37391939759254456,0
806,0.00403,0.39003661274909973,0
807,0.004035,0.3763369917869568,0
808,0.00404,0.3908424973487854,0
809,0.004045,0.4021245241165161,0
810,0.00405,0.38600730895996094,0
811,0.004055,0.37794870138168335,0
812,0.00406,0.378754585981369,0
813,0.004065,0.3956776559352875,0
814,0.00407,0.3956776559352875,0
815,0.004075,0.39245420694351196,0
816,0.00408,0.39970695972442627,0
817,0.004085,0.3980952203273773,0
818,0.00409,0.3908424973487854,0
819,0.004095,0.39970695972442627,0
820,0.0041,0.3682783842086792,0
821,0.004105,0.37794870138168335,0
822,0.00411,0.39970695972442627,0
823,0.004115,0.38117215037345886,0
824,0.00412,0.3980952203273773,0
825,0.004125,0.38117215037345886,0
826,0.00413,0.38923075795173645,0
827,0.004135,0.38600730895996094,0
828,0.00414,0.41179487109184265,0
829,0.004145,0.3715018332004547,0
830,0.00415,0.3795604407787323,0
831,0.004155,0.38923075795173645,0
832,0.00416,0.37794870138168335,0
833,0.004165,0.38923075795173645,0
834,0.00417,0.3916483521461487,0
835,0.004175,0.372307687997818,0
836,0.00418,0.3755311369895935,0
837,0.004185,0.3916483521461487,0
838,0.00419,0.398901104927063,0
839,0.004195,0.378754585981369,0
840,0.0042,0.38600730895996094,0
841,0.004205,0.3843955993652344,0
842,0.00421,0.3956776559352875,0
843,0.004215,0.3940659165382385,0
844,0.00422,0.37391939759254456,0
845,0.004225,0.38923075795173645,0
846,0.00423,0.41179487109184265,0
847,0.004235,0.3948718011379242,0
848,0.00424,0.3948718011379242,0
849,0.004245,0.4488644599914551,1
850,0.00425,0.4246886372566223,1
851,0.004255,0.4254944920539856,1
852,0.00426,0.4254944920539856,1
853,0.004265,0.4263003468513489,1
854,0.00427,0.4069597125053406,0
855,0.004275,0.3803662955760956,0
856,0.00428,0.398901104927063,0
857,0.004285,0.40051281452178955,0
858,0.00429,0.3956776559352875,0
859,0.004295,0.39970695972442627,0
860,0.0043,0.37069597840309143,0
861,0.004305,0.3948718011379242,0
862,0.00431,0.38197800517082214,0
863,0.004315,0.38520145416259766,0
864,0.00432,0.39245420694351196,0
865,0.004325,0.3940659165382385,0
866,0.00433,0.3843955993652344,0
867,0.004335,0.38600730895996094,0
868,0.00434,0.38600730895996094,0
869,0.004345,0.4053479731082916,0
870,0.00435,0.3876190483570099,0
871,0.004355,0.39970695972442627,0
872,0.00436,0.39728936553001404,0
873,0.004365,0.38197800517082214,0
874,0.00437,0.3956776559352875,0
875,0.004375,0.38842490315437317,0
876,0.00438,0.39970695972442627,0
877,0.004385,0.3795604407787323,0
878,0.00439,0.3843955993652344,0
879,0.004395,0.38117215037345886,0
880,0.0044,0.41098901629447937,0
881,0.004405,0.39003661274909973,0
882,0.00441,0.3908424973487854,0
883,0.004415,0.40131866931915283,0
884,0.00442,0.38520145416259766,0
885,0.004425,0.3948718011379242,0
886,0.00443,0.398901104927063,0
887,0.004435,0.41179487109184265,0
888,0.00444,0.38520145416259766,0
889,0.004445,0.37714284658432007,0
890,0.00445,0.3956776559352875,0
891,0.004455,0.39970695972442627,0
892,0.00446,0.3916483521461487,0
893,0.004465,0.3868131935596466,0
894,0.00447,0.3795604407787323,0
895,0.004475,0.38600730895996094,0
896,0.00448,0.38197800517082214,0
897,0.004485,0.3868131935596466,0
898,0.00449,0.3642490804195404,0
899,0.004495,0.3715018332004547,0
900,0.0045,0.38520145416259766,0
901,0.004505,0.3827838897705078,0
902,0.00451,0.3876190483570099,0
903,0.004515,0.38600730895996094,0
904,0.00452,0.3980952203273773,0
905,0.004525,0.3868131935596466,0
906,0.00453,0.3908424973487854,0
907,0.004535,0.3755311369895935,0
908,0.00454,0.38520145416259766,0
909,0.004545,0.36586079001426697,0
910,0.00455,0.3835897445678711,0
911,0.004555,0.3795604407787323,0
912,0.00456,0.38520145416259766,0
913,0.004565,0.3948718011379242,0
914,0.00457,0.38923075795173645,0
915,0.004575,0.38520145416259766,0
916,0.00458,0.4021245241165161,0
917,0.004585,0.3827838897705078,0
918,0.00459,0.3634432256221771,0
919,0.004595,0.3948718011379242,0
920,0.0046,0.3835897445678711,0
921,0.004605,0.39326006174087524,0
922,0.00461,0.3908424973487854,0
923,0.004615,0.3868131935596466,0
924,0.00462,0.39648351073265076,0
925,0.004625,0.39728936553001404,0
926,0.00463,0.3843955993652344,0
927,0.004635,0.40454211831092834,0
928,0.00464,0.40454211831092834,0
929,0.004645,0.372307687997818,0
930,0.00465,0.40051281452178955,0
931,0.004655,0.378754585981369,0
932,0.00466,0.40454211831092834,0
933,0.004665,0.38842490315437317,0
934,0.00467,0.3690842390060425,0
935,0.004675,0.39970695972442627,0
936,0.00468,0.37391939759254456,0
937,0.004685,0.3948718011379242,0
938,0.00469,0.3916483521461487,0
939,0.004695,0.4021245241165161,0
940,0.0047,0.4029304087162018,0
941,0.004705,0.398901104927063,0
942,0.00471,0.3940659165382385,0
943,0.004715,0.3827838897705078,0
944,0.00472,0.38117215037345886,0
945,0.004725,0.3763369917869568,0
946,0.00473,0.3868131935596466,0
947,0.004735,0.3578021824359894,0
948,0.00474,0.3763369917869568,0
949,0.004745,0.39970695972442627,0
950,0.00475,0.38197800517082214,0
951,0.004755,0.3843955993652344,0
952,0.00476,0.3908424973487854,0
953,0.004765,0.3948718011379242,0
954,0.00477,0.3916483521461487,0
955,0.004775,0.3868131935596466,0
956,0.00478,0.39970695972442627,0
957,0.004785,0.3747252821922302,0
958,0.00479,0.37714284658432007,0
959,0.004795,0.4053479731082916,0
960,0.0048,0.39728936553001404,0
961,0.004805,0.3731135427951813,0
962,0.00481,0.3980952203273773,0
963,0.004815,0.37391939759254456,0
964,0.00482,0.37794870138168335,0
965,0.004825,0.3956776559352875,0
966,0.00483,0.3843955993652344,0
967,0.004835,0.39970695972442627,0
968,0.00484,0.38117215037345886,0
969,0.004845,0.38923075795173645,0
970,0.00485,0.37794870138168335,0
971,0.004855,0.39970695972442627,0
972,0.00486,0.3827838897705078,0
973,0.004865,0.3948718011379242,0
974,0.00487,0.3827838897705078,0
975,0.004875,0.37794870138168335,0
976,0.00488,0.39970695972442627,0
977,0.004885,0.3827838897705078,0
978,0.00489,0.37391939759254456,0
979,0.004895,0.38600730895996094,0
980,0.0049,0.3916483521461487,0
981,0.004905,0.39326006174087524,0
982,0.00491,0.3868131935596466,0
983,0.004915,0.3940659165382385,0
984,0.00492,0.3916483521461487,0
985,0.004925,0.3868131935596466,0
986,0.00493,0.3916483521461487,0
987,0.004935,0.37794870138168335,0
988,0.00494,0.3755311369895935,0
989,0.004945,0.3843955993652344,0
990,0.00495,0.3835897445678711,0
991,0.004955,0.37794870138168335,0
992,0.00496,0.3868131935596466,0
993,0.004965,0.38117215037345886,0
994,0.00497,0.3908424973487854,0
995,0.004975,0.38520145416259766,0
996,0.00498,0.3876190483570099,0
997,0.004985,0.39728936553001404,0
998,0.00499,0.38197800517082214,0
999,0.004995,0.378754585981369,0
1000,0.005,0.3868131935596466,0
1001,0.005005,0.3755311369895935,0
1002,0.00501,0.39003661274909973,0
1003,0.005015,0.38117215037345886,0
1004,0.00502,0.38600730895996094,0
1005,0.005025,0.3868131935596466,0
1006,0.00503,0.38197800517082214,0
1007,0.005035,0.3843955993652344,0
1008,0.00504,0.37391939759254456,0
1009,0.005045,0.38600730895996094,0
1010,0.00505,0.38923075795173645,0
1011,0.005055,0.38197800517082214,0
1012,0.00506,0.37794870138168335,0
1013,0.005065,0.37391939759254456,0
1014,0.00507,0.37391939759254456,0
1015,0.005075,0.37391939759254456,0
1016,0.00508,0.3868131935596466,0
1017,0.005085,0.3916483521461487,0
1018,0.00509,0.3916483521461487,0
1019,0.005095,0.38923075795173645,0
1020,0.0051,0.3747252821922302,0
1021,0.005105,0.41179487109184265,0
1022,0.00511,0.4021245241165161,0
1023,0.005115,0.398901104927063,0
1024,0.00512,0.3795604407787323,0
1025,0.005125,0.39003661274909973,0
1026,0.00513,0.37391939759254456,0
1027,0.005135,0.38197800517082214,0
1028,0.00514,0.38923075795173645,0
1029,0.005145,0.37391939759254456,0
1030,0.00515,0.378754585981369,0
1031,0.005155,0.37391939759254456,0
1032,0.00516,0.3956776559352875,0
1033,0.005165,0.4101831316947937,0
1034,0.00517,0.378754585981369,0
1035,0.005175,0.3795604407787323,0
1036,0.00518,0.37391939759254456,0
1037,0.005185,0.39970695972442627,0
1038,0.00519,0.39970695972442627,0
1039,0.005195,0.3827838897705078,0
1040,0.0052,0.38842490315437317,0
1041,0.005205,0.3868131935596466,0
1042,0.00521,0.3876190483570099,0
1043,0.005215,0.3795604407787323,0
1044,0.00522,0.3868131935596466,0
1045,0.005225,0.37391939759254456,0
1046,0.00523,0.3755311369895935,0
1047,0.005235,0.37794870138168335,0
1048,0.00524,0.3908424973487854,0
1049,0.005245,0.39728936553001404,0
1050,0.00525,0.39003661274909973,0
1051,0.005255,0.378754585981369,0
1052,0.00526,0.39003661274909973,0
1053,0.005265,0.39970695972442627,0
1054,0.00527,0.38520145416259766,0
1055,0.005275,0.3940659165382385,0
1056,0.00528,0.3835897445678711,0
1057,0.005285,0.37391939759254456,0
1058,0.00529,0.38520145416259766,0
1059,0.005295,0.3843955993652344,0
1060,0.0053,0.39245420694351196,0
1061,0.005305,0.3956776559352875,0
1062,0.00531,0.3795604407787323,0
1063,0.005315,0.38600730895996094,0
1064,0.00532,0.398901104927063,0
1065,0.005325,0.38117215037345886,0
1066,0.00533,0.3690842390060425,0
1067,0.005335,0.3747252821922302,0
1068,0.00534,0.39326006174087524,0
1069,0.005345,0.38842490315437317,0
1070,0.00535,0.37391939759254456,0
1071,0.005355,0.39648351073265076,0
1072,0.00536,0.40051281452178955,0
1073,0.005365,0.39003661274909973,0
1074,0.00537,0.37391939759254456,0
1075,0.005375,0.3876190483570099,0
1076,0.00538,0.3940659165382385,0
1077,0.005385,0.37391939759254456,0
1078,0.00539,0.38842490315437317,0
1079,0.005395,0.3803662955760956,0
1080,0.0054,0.3980952203273773,0
1081,0.005405,0.3795604407787323,0
1082,0.00541,0.3908424973487854,0
1083,0.005415,0.38520145416259766,0
1084,0.00542,0.3876190483570099,0
1085,0.005425,0.378754585981369,0
1086,0.00543,0.3763369917869568,0
1087,0.005435,0.3763369917869568,0
1088,0.00544,0.3980952203273773,0
1089,0.005445,0.38600730895996094,0
1090,0.00545,0.3634432256221771,1
1091,0.005455,0.4263003468513489,1
1092,0.00546,0.4263003468513489,1
1093,0.005465,0.4254944920539856,1
1094,0.00547,0.437582403421402,1
1095,0.005475,0.40131866931915283,0
1096,0.00548,0.3843955993652344,0
1097,0.005485,0.36989009380340576,0
1098,0.00549,0.4053479731082916,0
1099,0.005495,0.3843955993652344,0
1100,0.0055,0.38197800517082214,0
1101,0.005505,0.37794870138168335,0
1102,0.00551,0.40776556730270386,0
1103,0.005515,0.38117215037345886,0
1104,0.00552,0.38923075795173645,0
1105,0.005525,0.3795604407787323,0
1106,0.00553,0.3916483521461487,0
1107,0.005535,0.37069597840309143,0
1108,0.00554,0.3529670238494873,0
1109,0.005545,0.36586079001426697,0
1110,0.00555,0.37391939759254456,0
1111,0.005555,0.39245420694351196,0
1112,0.00556,0.38923075795173645,0
1113,0.005565,0.378754585981369,0
1114,0.00557,0.398901104927063,0
1115,0.005575,0.3795604407787323,0
1116,0.00558,0.39970695972442627,0
1117,0.005585,0.3916483521461487,0
1118,0.00559,0.3835897445678711,0
1119,0.005595,0.38197800517082214,0
1120,0.0056,0.40051281452178955,0
1121,0.005605,0.39970695972442627,0
1122,0.00561,0.38197800517082214,0
1123,0.005615,0.40051281452178955,0
1124,0.00562,0.398901104927063,0
1125,0.005625,0.38842490315437317,0
1126,0.00563,0.39245420694351196,0
1127,0.005635,0.37794870138168335,0
1128,0.00564,0.3715018332004547,0
1129,0.005645,0.37714284658432007,0
1130,0.00565,0.38600730895996094,0
1131,0.005655,0.3731135427951813,0
1132,0.00566,0.38923075795173645,0
1133,0.005665,0.40051281452178955,0
1134,0.00567,0.3948718011379242,0
1135,0.005675,0.378754585981369,0
1136,0.00568,0.3747252821922302,0
1137,0.005685,0.38923075795173645,0
1138,0.00569,0.36989009380340576,0
1139,0.005695,0.3731135427951813,0
1140,0.0057,0.38923075795173645,0
1141,0.005705,0.39245420694351196,0
1142,0.00571,0.41179487109184265,0
1143,0.005715,0.3827838897705078,0
1144,0.00572,0.37069597840309143,0
1145,0.005725,0.378754585981369,0
1146,0.00573,0.39970695972442627,0
1147,0.005735,0.3795604407787323,0
1148,0.00574,0.41179487109184265,0
1149,0.005745,0.3908424973487854,0
1150,0.00575,0.39970695972442627,0
1151,0.005755,0.40454211831092834,0
1152,0.00576,0.38923075795173645,0
1153,0.005765,0.38117215037345886,0
1154,0.00577,0.38842490315437317,0
1155,0.005775,0.4263003468513489,0
1156,0.00578,0.3876190483570099,0
1157,0.005785,0.378754585981369,0
1158,0.00579,0.38842490315437317,0
1159,0.005795,0.38600730895996094,0
1160,0.0058,0.3747252821922302,0
1161,0.005805,0.38520145416259766,0
1162,0.00581,0.37069597840309143,0
1163,0.005815,0.3755311369895935,0
1164,0.00582,0.3827838897705078,0
1165,0.005825,0.3763369917869568,0
1166,0.00583,0.37391939759254456,0
1167,0.005835,0.38923075795173645,0
1168,0.00584,0.3803662955760956,0
1169,0.005845,0.3876190483570099,0
1170,0.00585,0.3835897445678711,0
1171,0.005855,0.3980952203273773,0
1172,0.00586,0.41179487109184265,0
1173,0.005865,0.3908424973487854,0
1174,0.00587,0.41098901629447937,1
1175,0.005875,0.4295237958431244,1
1176,0.00588,0.43435895442962646,1
1177,0.005885,0.4279120862483978,1
1178,0.00589,0.4254944920539856,1
1179,0.005895,0.3916483521461487,0
1180,0.0059,0.39970695972442627,0
1181,0.005905,0.4254944920539856,0
1182,0.00591,0.39970695972442627,0
1183,0.005915,0.39970695972442627,0
1184,0.00592,0.39245420694351196,0
1185,0.005925,0.3795604407787323,0
1186,0.00593,0.38923075795173645,0
1187,0.005935,0.39245420694351196,0
1188,0.00594,0.3908424973487854,0
1189,0.005945,0.38842490315437317,0
1190,0.00595,0.3868131935596466,0
1191,0.005955,0.3908424973487854,0
1192,0.00596,0.39003661274909973,0
1193,0.005965,0.3868131935596466,0
1194,0.00597,0.38520145416259766,0
1195,0.005975,0.37794870138168335,0
1196,0.00598,0.3843955993652344,0
1197,0.005985,0.38197800517082214,0
1198,0.00599,0.3908424973487854,0
1199,0.005995,0.398901104927063,0
1200,0.006,0.3715018332004547,0
1201,0.006005,0.3610256314277649,0
1202,0.00601,0.40373626351356506,0
1203,0.006015,0.39003661274909973,0
1204,0.00602,0.3916483521461487,0
1205,0.006025,0.39970695972442627,0
1206,0.00603,0.37069597840309143,0
1207,0.006035,0.39003661274909973,0
1208,0.00604,0.3956776559352875,0
1209,0.006045,0.39728936553001404,0
1210,0.00605,0.40857142210006714,0
1211,0.006055,0.3908424973487854,0
1212,0.00606,0.39245420694351196,0
1213,0.006065,0.40051281452178955,0
1214,0.00607,0.3908424973487854,0
1215,0.006075,0.38520145416259766,0
1216,0.00608,0.38600730895996094,0
1217,0.006085,0.39326006174087524,0
1218,0.00609,0.39970695972442627,0
1219,0.006095,0.3940659165382385,0
1220,0.0061,0.37391939759254456,0
1221,0.006105,0.3763369917869568,0
1222,0.00611,0.36666667461395264,0
1223,0.006115,0.39728936553001404,0
1224,0.00612,0.398901104927063,0
1225,0.006125,0.39245420694351196,0
1226,0.00613,0.3916483521461487,0
1227,0.006135,0.3755311369895935,0
1228,0.00614,0.3747252821922302,0
1229,0.006145,0.38842490315437317,0
1230,0.00615,0.38600730895996094,0
1231,0.006155,0.39970695972442627,0
1232,0.00616,0.37069597840309143,0
1233,0.006165,0.37391939759254456,0
1234,0.00617,0.37391939759254456,0
1235,0.006175,0.38117215037345886,0
1236,0.00618,0.38842490315437317,0
1237,0.006185,0.37391939759254456,0
1238,0.00619,0.3795604407787323,0
1239,0.006195,0.36263737082481384,0
1240,0.0062,0.3948718011379242,0
1241,0.006205,0.3868131935596466,0
1242,0.00621,0.38117215037345886,0
1243,0.006215,0.38197800517082214,0
1244,0.00622,0.3868131935596466,0
1245,0.006225,0.40051281452178955,0
1246,0.00623,0.38117215037345886,0
1247,0.006235,0.3876190483570099,0
1248,0.00624,0.38923075795173645,0
1249,0.006245,0.4214651882648468,0
1250,0.00625,0.37714284658432007,0
1251,0.006255,0.3948718011379242,0
1252,0.00626,0.36263737082481384,0
1253,0.006265,0.3940659165382385,0
1254,0.00627,0.3835897445678711,0
1255,0.006275,0.3747252821922302,0
1256,0.00628,0.3940659165382385,0
1257,0.006285,0.37794870138168335,0
1258,0.00629,0.37391939759254456,0
1259,0.006295,0.39728936553001404,0
1260,0.0063,0.3868131935596466,0
1261,0.006305,0.39728936553001404,0
1262,0.00631,0.38197800517082214,0
1263,0.006315,0.3843955993652344,0
1264,0.00632,0.39003661274909973,0
1265,0.006325,0.39245420694351196,0
1266,0.00633,0.4069597125053406,0
1267,0.006335,0.39728936553001404,0
1268,0.00634,0.3956776559352875,0
1269,0.006345,0.3908424973487854,0
1270,0.00635,0.4021245241165161,0
1271,0.006355,0.4093772768974304,0
1272,0.00636,0.3876190483570099,0
1273,0.006365,0.3868131935596466,0
1274,0.00637,0.3948718011379242,0
1275,0.006375,0.38600730895996094,0
1276,0.00638,0.39245420694351196,0
1277,0.006385,0.3755311369895935,0
1278,0.00639,0.4254944920539856,0
1279,0.006395,0.39970695972442627,0
1280,0.0064,0.3876190483570099,0
1281,0.006405,0.38842490315437317,0
1282,0.00641,0.3868131935596466,0
1283,0.006415,0.37391939759254456,0
1284,0.00642,0.39970695972442627,0
1285,0.006425,0.38600730895996094,0
1286,0.00643,0.38600730895996094,0
1287,0.006435,0.3803662955760956,0
1288,0.00644,0.398901104927063,0
1289,0.006445,0.3868131935596466,0
1290,0.00645,0.36989009380340576,0
1291,0.006455,0.37794870138168335,0
1292,0.00646,0.3843955993652344,0
1293,0.006465,0.37794870138168335,0
1294,0.00647,0.4021245241165161,0
1295,0.006475,0.39970695972442627,0
1296,0.00648,0.39970695972442627,0
1297,0.006485,0.3916483521461487,0
1298,0.00649,0.3715018332004547,0
1299,0.006495,0.3948718011379242,0
1300,0.0065,0.39245420694351196,0
1301,0.006505,0.3908424973487854,0
1302,0.00651,0.38197800517082214,0
1303,0.006515,0.39003661274909973,0
1304,0.00652,0.3715018332004547,0
1305,0.006525,0.38117215037345886,0
1306,0.00653,0.4021245241165161,0
1307,0.006535,0.3916483521461487,0
1308,0.00654,0.38923075795173645,0
1309,0.006545,0.3827838897705078,0
1310,0.00655,0.38600730895996094,0
1311,0.006555,0.3956776559352875,0
1312,0.00656,0.3956776559352875,0
1313,0.006565,0.3940659165382385,0
1314,0.00657,0.39728936553001404,0
1315,0.006575,0.40131866931915283,0
1316,0.00658,0.3747252821922302,0
1317,0.006585,0.39970695972442627,0
1318,0.00659,0.37794870138168335,0
1319,0.006595,0.37794870138168335,0
1320,0.0066,0.3868131935596466,0
1321,0.006605,0.38923075795173645,0
1322,0.00661,0.3940659165382385,0
1323,0.006615,0.37391939759254456,0
1324,0.00662,0.39245420694351196,0
1325,0.006625,0.3843955993652344,0
1326,0.00663,0.38197800517082214,0
1327,0.006635,0.40373626351356506,0
1328,0.00664,0.38197800517082214,0
1329,0.006645,0.38117215037345886,0
1330,0.00665,0.39728936553001404,0
1331,0.006655,0.40131866931915283,0
1332,0.00666,0.3755311369895935,0
1333,0.006665,0.4101831316947937,0
1334,0.00667,0.38600730895996094,0
1335,0.006675,0.3795604407787323,0
1336,0.00668,0.3956776559352875,0
1337,0.006685,0.3956776559352875,0
1338,0.00669,0.3795604407787323,0
1339,0.006695,0.39326006174087524,0
1340,0.0067,0.41179487109184265,0
1341,0.006705,0.38842490315437317,0
1342,0.00671,0.38197800517082214,0
1343,0.006715,0.3908424973487854,0
1344,0.00672,0.398901104927063,0
1345,0.006725,0.3908424973487854,0
1346,0.00673,0.3747252821922302,0
1347,0.006735,0.40373626351356506,0
1348,0.00674,0.37391939759254456,0
1349,0.006745,0.37391939759254456,0
1350,0.00675,0.3747252821922302,0
1351,0.006755,0.3956776559352875,0
1352,0.00676,0.40857142210006714,0
1353,0.006765,0.378754585981369,0
1354,0.00677,0.38117215037345886,0
1355,0.006775,0.38197800517082214,0
1356,0.00678,0.3876190483570099,0
1357,0.006785,0.3843955993652344,0
1358,0.00679,0.38520145416259766,0
1359,0.006795,0.37391939759254456,0
1360,0.0068,0.37794870138168335,0
1361,0.006805,0.39648351073265076,0
1362,0.00681,0.3827838897705078,0
1363,0.006815,0.372307687997818,0
1364,0.00682,0.3827838897705078,0
1365,0.006825,0.3763369917869568,0
1366,0.00683,0.372307687997818,0
1367,0.006835,0.38117215037345886,0
1368,0.00684,0.38117215037345886,0
1369,0.006845,0.378754585981369,0
1370,0.00685,0.3980952203273773,0
1371,0.006855,0.38842490315437317,0
1372,0.00686,0.3940659165382385,0
1373,0.006865,0.40373626351356506,0
1374,0.00687,0.38923075795173645,0
1375,0.006875,0.3940659165382385,0
1376,0.00688,0.3876190483570099,0
1377,0.006885,0.39970695972442627,0
1378,0.00689,0.3835897445678711,0
1379,0.006895,0.39245420694351196,0
1380,0.0069,0.39970695972442627,0
1381,0.006905,0.3827838897705078,0
1382,0.00691,0.39326006174087524,0
1383,0.006915,0.3916483521461487,0
1384,0.00692,0.3980952203273773,0
1385,0.006925,0.4021245241165161,0
1386,0.00693,0.3835897445678711,0
1387,0.006935,0.3803662955760956,0
1388,0.00694,0.38520145416259766,0
1389,0.006945,0.40454211831092834,0
1390,0.00695,0.4029304087162018,0
1391,0.006955,0.38842490315437317,0
1392,0.00696,0.3843955993652344,0
1393,0.006965,0.3948718011379242,0
1394,0.00697,0.3747252821922302,0
1395,0.006975,0.3827838897705078,0
1396,0.00698,0.39970695972442627,0
1397,0.006985,0.378754585981369,0
1398,0.00699,0.3795604407787323,0
1399,0.006995,0.3795604407787323,0
1400,0.007,0.37391939759254456,0
1401,0.007005,0.39970695972442627,0
1402,0.00701,0.3868131935596466,0
1403,0.007015,0.3948718011379242,0
1404,0.00702,0.3980952203273773,0
1405,0.007025,0.3835897445678711,0
1406,0.00703,0.38197800517082214,0
1407,0.007035,0.378754585981369,0
1408,0.00704,0.39970695972442627,0
1409,0.007045,0.3876190483570099,0
1410,0.00705,0.3755311369895935,0
1411,0.007055,0.38520145416259766,0
1412,0.00706,0.40051281452178955,0
1413,0.007065,0.3715018332004547,0
1414,0.00707,0.38923075795173645,0
1415,0.007075,0.3956776559352875,1
1416,0.00708,0.44241756200790405,1
1417,0.007085,0.43435895442962646,1
1418,0.00709,0.42307692766189575,1
1419,0.007095,0.4279120862483978,1
1420,0.0071,0.37391939759254456,0
1421,0.007105,0.39245420694351196,0
1422,0.00711,0.3795604407787323,0
1423,0.007115,0.3747252821922302,0
1424,0.00712,0.3956776559352875,0
1425,0.007125,0.38520145416259766,0
1426,0.00713,0.4069597125053406,0
1427,0.007135,0.3876190483570099,0
1428,0.00714,0.38197800517082214,0
1429,0.007145,0.39970695972442627,0
1430,0.00715,0.39728936553001404,0
1431,0.007155,0.398901104927063,0
1432,0.00716,0.3610256314277649,0
1433,0.007165,0.39970695972442627,0
1434,0.00717,0.3634432256221771,0
1435,0.007175,0.38197800517082214,0
1436,0.00718,0.3795604407787323,0
1437,0.007185,0.3908424973487854,0
1438,0.00719,0.398901104927063,0
1439,0.007195,0.39970695972442627,0
1440,0.0072,0.4053479731082916,0
1441,0.007205,0.4069597125053406,0
1442,0.00721,0.39970695972442627,0
1443,0.007215,0.4254944920539856,0
1444,0.00722,0.39970695972442627,0
1445,0.007225,0.38842490315437317,0
1446,0.00723,0.3916483521461487,0
1447,0.007235,0.3940659165382385,0
1448,0.00724,0.37794870138168335,0
1449,0.007245,0.3650549352169037,0
1450,0.00725,0.40131866931915283,0
1451,0.007255,0.4053479731082916,0
1452,0.00726,0.38117215037345886,0
1453,0.007265,0.39970695972442627,0
1454,0.00727,0.38600730895996094,0
1455,0.007275,0.3980952203273773,0
1456,0.00728,0.39970695972442627,0
1457,0.007285,0.3980952203273773,0
1458,0.00729,0.4053479731082916,0
1459,0.007295,0.39648351073265076,0
1460,0.0073,0.39970695972442627,0
1461,0.007305,0.3835897445678711,0
1462,0.00731,0.39970695972442627,0
1463,0.007315,0.38520145416259766,0
1464,0.00732,0.3835897445678711,0
1465,0.007325,0.3876190483570099,0
1466,0.00733,0.3948718011379242,0
1467,0.007335,0.3916483521461487,0
1468,0.00734,0.38520145416259766,0
1469,0.007345,0.38520145416259766,0
1470,0.00735,0.40051281452178955,0
1471,0.007355,0.38842490315437317,0
1472,0.00736,0.3827838897705078,0
1473,0.007365,0.39970695972442627,0
1474,0.00737,0.3940659165382385,0
1475,0.007375,0.3795604407787323,0
1476,0.00738,0.3843955993652344,0
1477,0.007385,0.39728936553001404,0
1478,0.00739,0.39970695972442627,0
1479,0.007395,0.38600730895996094,0
1480,0.0074,0.40454211831092834,0
1481,0.007405,0.3940659165382385,0
1482,0.00741,0.39970695972442627,0
1483,0.007415,0.3795604407787323,0
1484,0.00742,0.3763369917869568,0
1485,0.007425,0.38117215037345886,0
1486,0.00743,0.39970695972442627,0
1487,0.007435,0.37794870138168335,0
1488,0.00744,0.38600730895996094,0
1489,0.007445,0.3868131935596466,0
1490,0.00745,0.3916483521461487,0
1491,0.007455,0.3868131935596466,0
1492,0.00746,0.3795604407787323,0
1493,0.007465,0.39970695972442627,0
1494,0.00747,0.4021245241165161,0
1495,0.007475,0.39648351073265076,0
1496,0.00748,0.37069597840309143,0
1497,0.007485,0.4069597125053406,0
1498,0.00749,0.3956776559352875,0
1499,0.007495,0.38923075795173645,0
1500,0.0075,0.3731135427951813,0
1501,0.007505,0.38600730895996094,0
1502,0.00751,0.39245420694351196,0
1503,0.007515,0.41179487109184265,0
1504,0.00752,0.39245420694351196,0
1505,0.007525,0.3835897445678711,0
1506,0.00753,0.39970695972442627,0
1507,0.007535,0.4101831316947937,0
1508,0.00754,0.38520145416259766,0
1509,0.007545,0.39970695972442627,0
1510,0.00755,0.3948718011379242,0
1511,0.007555,0.3908424973487854,0
1512,0.00756,0.3908424973487854,0
1513,0.007565,0.36989009380340576,0
1514,0.00757,0.39970695972442627,0
1515,0.007575,0.38600730895996094,0
1516,0.00758,0.3827838897705078,0
1517,0.007585,0.3715018332004547,0
1518,0.00759,0.378754585981369,0
1519,0.007595,0.3795604407787323,0
1520,0.0076,0.39003661274909973,0
1521,0.007605,0.4101831316947937,0
1522,0.00761,0.39245420694351196,0
1523,0.007615,0.37391939759254456,0
1524,0.00762,0.3731135427951813,0
1525,0.007625,0.398901104927063,0
1526,0.00763,0.39648351073265076,0
1527,0.007635,0.39648351073265076,0
1528,0.00764,0.3940659165382385,0
1529,0.007645,0.38923075795173645,0
1530,0.00765,0.40051281452178955,0
1531,0.007655,0.39970695972442627,0
1532,0.00766,0.3956776559352875,0
1533,0.007665,0.3916483521461487,0
1534,0.00767,0.3763369917869568,0
1535,0.007675,0.3803662955760956,0
1536,0.00768,0.38600730895996094,0
1537,0.007685,0.3843955993652344,0
1538,0.00769,0.3876190483570099,0
1539,0.007695,0.37714284658432007,0
1540,0.0077,0.3916483521461487,0
1541,0.007705,0.37391939759254456,0
1542,0.00771,0.3755311369895935,0
1543,0.007715,0.3948718011379242,0
1544,0.00772,0.3690842390060425,0
1545,0.007725,0.378754585981369,0
1546,0.00773,0.3795604407787323,0
1547,0.007735,0.3916483521461487,0
1548,0.00774,0.3835897445678711,0
1549,0.007745,0.38520145416259766,0
1550,0.00775,0.3763369917869568,0
1551,0.007755,0.37794870138168335,0
1552,0.00776,0.3827838897705078,0
1553,0.007765,0.3682783842086792,0
1554,0.00777,0.3948718011379242,0
1555,0.007775,0.39245420694351196,0
1556,0.00778,0.4021245241165161,0
1557,0.007785,0.39728936553001404,0
1558,0.00779,0.3948718011379242,0
1559,0.007795,0.4029304087162018,0
1560,0.0078,0.38923075795173645,0
1561,0.007805,0.3731135427951813,0
1562,0.00781,0.4101831316947937,0
1563,0.007815,0.3916483521461487,0
1564,0.00782,0.38520145416259766,0
1565,0.007825,0.38842490315437317,0
1566,0.00783,0.38600730895996094,0
1567,0.007835,0.40051281452178955,0
1568,0.00784,0.38842490315437317,0
1569,0.007845,0.3763369917869568,0
1570,0.00785,0.3940659165382385,0
1571,0.007855,0.39003661274909973,0
1572,0.00786,0.3763369917869568,0
1573,0.007865,0.39245420694351196,0
1574,0.00787,0.40454211831092834,0
1575,0.007875,0.378754585981369,0
1576,0.00788,0.39245420694351196,0
1577,0.007885,0.378754585981369,0
1578,0.00789,0.3835897445678711,0
1579,0.007895,0.3868131935596466,0
1580,0.0079,0.37391939759254456,0
1581,0.007905,0.3827838897705078,0
1582,0.00791,0.3956776559352875,0
1583,0.007915,0.38923075795173645,0
1584,0.00792,0.36989009380340576,0
1585,0.007925,0.39728936553001404,0
1586,0.00793,0.3731135427951813,0
1587,0.007935,0.39245420694351196,0
1588,0.00794,0.3876190483570099,0
1589,0.007945,0.3755311369895935,0
1590,0.00795,0.39970695972442627,0
1591,0.007955,0.3956776559352875,0
1592,0.00796,0.37391939759254456,0
1593,0.007965,0.39970695972442627,0
1594,0.00797,0.3755311369895935,0
1595,0.007975,0.3715018332004547,0
1596,0.00798,0.36989009380340576,0
1597,0.007985,0.38842490315437317,0
1598,0.00799,0.39970695972442627,0
1599,0.007995,0.39970695972442627,0
1600,0.008,0.3916483521461487,0
1601,0.008005,0.3715018332004547,0
1602,0.00801,0.40454211831092834,0
1603,0.008015,0.38842490315437317,0
1604,0.00802,0.37794870138168335,0
1605,0.008025,0.3948718011379242,0
1606,0.00803,0.378754585981369,0
1607,0.008035,0.38520145416259766,0
1608,0.00804,0.39003661274909973,0
1609,0.008045,0.37391939759254456,0
1610,0.00805,0.3980952203273773,0
1611,0.008055,0.39245420694351196,0
1612,0.00806,0.3956776559352875,0
1613,0.008065,0.38600730895996094,0
1614,0.00807,0.3980952203273773,0
1615,0.008075,0.3908424973487854,0
1616,0.00808,0.38197800517082214,0
1617,0.008085,0.39970695972442627,0
1618,0.00809,0.38600730895996094,0
1619,0.008095,0.4053479731082916,0
1620,0.0081,0.3940659165382385,0
1621,0.008105,0.38117215037345886,0
1622,0.00811,0.39326006174087524,0
1623,0.008115,0.3948718011379242,0
1624,0.00812,0.3980952203273773,0
1625,0.008125,0.38923075795173645,0
1626,0.00813,0.38842490315437317,0
1627,0.008135,0.38600730895996094,0
1628,0.00814,0.3868131935596466,0
1629,0.008145,0.3634432256221771,0
1630,0.00815,0.3980952203273773,0
1631,0.008155,0.37391939759254456,0
1632,0.00816,0.3876190483570099,0
1633,0.008165,0.3948718011379242,0
1634,0.00817,0.3795604407787323,0
1635,0.008175,0.3835897445678711,0
1636,0.00818,0.4021245241165161,0
1637,0.008185,0.3795604407787323,0
1638,0.00819,0.40051281452178955,0
1639,0.008195,0.38117215037345886,0
1640,0.0082,0.37714284658432007,0
1641,0.008205,0.3940659165382385,0
1642,0.00821,0.38600730895996094,0
1643,0.008215,0.37391939759254456,0
1644,0.00822,0.3908424973487854,0
1645,0.008225,0.3843955993652344,0
1646,0.00823,0.39245420694351196,0
1647,0.008235,0.38842490315437317,0
1648,0.00824,0.3916483521461487,0
1649,0.008245,0.39728936553001404,0
1650,0.00825,0.37391939759254456,0
1651,0.008255,0.378754585981369,0
1652,0.00826,0.3747252821922302,0
1653,0.008265,0.39728936553001404,0
1654,0.00827,0.3868131935596466,0
1655,0.008275,0.3843955993652344,0
1656,0.00828,0.38117215037345886,0
1657,0.008285,0.3795604407787323,0
1658,0.00829,0.3795604407787323,0
1659,0.008295,0.39245420694351196,0
1660,0.0083,0.3827838897705078,0
1661,0.008305,0.3948718011379242,0
1662,0.00831,0.3980952203273773,0
1663,0.008315,0.3715018332004547,0
1664,0.00832,0.38197800517082214,0
1665,0.008325,0.39970695972442627,0
1666,0.00833,0.38520145416259766,0
1667,0.008335,0.36989009380340576,0
1668,0.00834,0.37391939759254456,0
1669,0.008345,0.3795604407787323,0
1670,0.00835,0.378754585981369,0
1671,0.008355,0.38197800517082214,0
1672,0.00836,0.39648351073265076,0
1673,0.008365,0.378754585981369,0
1674,0.00837,0.39648351073265076,0
1675,0.008375,0.3948718011379242,0
1676,0.00838,0.39245420694351196,0
1677,0.008385,0.40454211831092834,0
1678,0.00839,0.3948718011379242,0
1679,0.008395,0.39003661274909973,0
1680,0.0084,0.40454211831092834,0
1681,0.008405,0.39245420694351196,0
1682,0.00841,0.3916483521461487,0
1683,0.008415,0.3916483521461487,0
1684,0.00842,0.39245420694351196,0
1685,0.008425,0.3747252821922302,0
1686,0.00843,0.3827838897705078,0
1687,0.008435,0.3715018332004547,0
1688,0.00844,0.3908424973487854,0
1689,0.008445,0.3795604407787323,0
1690,0.00845,0.38197800517082214,0
1691,0.008455,0.3916483521461487,0
1692,0.00846,0.40776556730270386,0
1693,0.008465,0.38520145416259766,0
1694,0.00847,0.3682783842086792,0
1695,0.008475,0.3835897445678711,0
1696,0.00848,0.38520145416259766,0
1697,0.008485,0.40373626351356506,0
1698,0.00849,0.3956776559352875,0
1699,0.008495,0.38923075795173645,0
1700,0.0085,0.3843955993652344,0
1701,0.008505,0.3755311369895935,0
1702,0.00851,0.38923075795173645,0
1703,0.008515,0.3795604407787323,0
1704,0.00852,0.39970695972442627,0
1705,0.008525,0.39245420694351196,0
1706,0.00853,0.40373626351356506,0
1707,0.008535,0.38197800517082214,0
1708,0.00854,0.39970695972442627,0
1709,0.008545,0.38923075795173645,0
1710,0.00855,0.3755311369895935,0
1711,0.008555,0.39970695972442627,0
1712,0.00856,0.38520145416259766,0
1713,0.008565,0.40373626351356506,0
1714,0.00857,0.39003661274909973,0
1715,0.008575,0.3755311369895935,0
1716,0.00858,0.41179487109184265,0
1717,0.008585,0.38600730895996094,0
1718,0.00859,0.36989009380340576,0
1719,0.008595,0.38842490315437317,0
1720,0.0086,0.3755311369895935,0
1721,0.008605,0.38600730895996094,0
1722,0.00861,0.3868131935596466,0
1723,0.008615,0.3747252821922302,0
1724,0.00862,0.398901104927063,0
1725,0.008625,0.39245420694351196,0
1726,0.00863,0.3763369917869568,0
1727,0.008635,0.3948718011379242,0
1728,0.00864,0.39728936553001404,0
1729,0.008645,0.40776556730270386,0
1730,0.00865,0.39970695972442627,0
1731,0.008655,0.38600730895996094,0
1732,0.00866,0.3908424973487854,0
1733,0.008665,0.38923075795173645,0
1734,0.00867,0.3715018332004547,0
1735,0.008675,0.39970695972442627,0
1736,0.00868,0.3835897445678711,0
1737,0.008685,0.39003661274909973,0
1738,0.00869,0.39648351073265076,0
1739,0.008695,0.3956776559352875,0
1740,0.0087,0.3795604407787323,0
1741,0.008705,0.40373626351356506,0
1742,0.00871,0.3843955993652344,0
1743,0.008715,0.3908424973487854,0
1744,0.00872,0.39003661274909973,0
1745,0.008725,0.38923075795173645,0
1746,0.00873,0.3868131935596466,0
1747,0.008735,0.3682783842086792,0
1748,0.00874,0.378754585981369,0
1749,0.008745,0.38923075795173645,0
1750,0.00875,0.38600730895996094,0
1751,0.008755,0.36586079001426697,0
1752,0.00876,0.3916483521461487,0
1753,0.008765,0.3980952203273773,0
1754,0.00877,0.39245420694351196,0
1755,0.008775,0.3747252821922302,0
1756,0.00878,0.3755311369895935,0
1757,0.008785,0.40454211831092834,0
1758,0.00879,0.3956776559352875,0
1759,0.008795,0.38842490315437317,0
1760,0.0088,0.39728936553001404,0
1761,0.008805,0.38520145416259766,0
1762,0.00881,0.4263003468513489,1
1763,0.008815,0.43113553524017334,1
1764,0.00882,0.40857142210006714,1
1765,0.008825,0.41098901629447937,1
1766,0.00883,0.42307692766189575,1
1767,0.008835,0.3980952203273773,0
1768,0.00884,0.398901104927063,0
1769,0.008845,0.3803662955760956,0
1770,0.00885,0.37069597840309143,0
1771,0.008855,0.38923075795173645,0
1772,0.00886,0.378754585981369,0
1773,0.008865,0.3948718011379242,0
1774,0.00887,0.37714284658432007,0
1775,0.008875,0.378754585981369,0
1776,0.00888,0.38842490315437317,0
1777,0.008885,0.39003661274909973,0
1778,0.00889,0.3916483521461487,0
1779,0.008895,0.3827838897705078,0
1780,0.0089,0.37714284658432007,0
1781,0.008905,0.38197800517082214,0
1782,0.00891,0.4029304087162018,0
1783,0.008915,0.38197800517082214,0
1784,0.00892,0.40051281452178955,0
1785,0.008925,0.3948718011379242,0
1786,0.00893,0.3843955993652344,0
1787,0.008935,0.39728936553001404,0
1788,0.00894,0.38600730895996094,0
1789,0.008945,0.38197800517082214,0
1790,0.00895,0.3747252821922302,0
1791,0.008955,0.3731135427951813,0
1792,0.00896,0.40454211831092834,0
1793,0.008965,0.3980952203273773,0
1794,0.00897,0.3876190483570099,0
1795,0.008975,0.3956776559352875,0
1796,0.00898,0.3715018332004547,0
1797,0.008985,0.3908424973487854,0
1798,0.00899,0.3980952203273773,0
1799,0.008995,0.38923075795173645,0
1800,0.009,0.4093772768974304,0
1801,0.009005,0.3763369917869568,0
1802,0.00901,0.37794870138168335,0
1803,0.009015,0.3908424973487854,0
1804,0.00902,0.38520145416259766,0
1805,0.009025,0.38600730895996094,0
1806,0.00903,0.40373626351356506,0
1807,0.009035,0.39728936553001404,0
1808,0.00904,0.3827838897705078,0
1809,0.009045,0.3755311369895935,0
1810,0.00905,0.3747252821922302,0
1811,0.009055,0.39245420694351196,0
1812,0.00906,0.39245420694351196,0
1813,0.009065,0.3731135427951813,0
1814,0.00907,0.3940659165382385,0
1815,0.009075,0.398901104927063,0
1816,0.00908,0.3843955993652344,0
1817,0.009085,0.3835897445678711,0
1818,0.00909,0.39245420694351196,0
1819,0.009095,0.37391939759254456,0
1820,0.0091,0.3868131935596466,0
1821,0.009105,0.38197800517082214,0
1822,0.00911,0.3916483521461487,0
1823,0.009115,0.39970695972442627,0
1824,0.00912,0.3763369917869568,0
1825,0.009125,0.39728936553001404,0
1826,0.00913,0.3908424973487854,0
1827,0.009135,0.36666667461395264,0
1828,0.00914,0.37714284658432007,0
1829,0.009145,0.3916483521461487,0
1830,0.00915,0.38197800517082214,0
1831,0.009155,0.38842490315437317,0
1832,0.00916,0.37391939759254456,0
1833,0.009165,0.39648351073265076,0
1834,0.00917,0.3827838897705078,0
1835,0.009175,0.38520145416259766,0
1836,0.00918,0.3827838897705078,0
1837,0.009185,0.4093772768974304,0
1838,0.00919,0.38520145416259766,0
1839,0.009195,0.3795604407787323,0
1840,0.0092,0.3868131935596466,0
1841,0.009205,0.3908424973487854,0
1842,0.00921,0.3795604407787323,0
1843,0.009215,0.398901104927063,0
1844,0.00922,0.37714284658432007,0
1845,0.009225,0.3876190483570099,0
1846,0.00923,0.40051281452178955,0
1847,0.009235,0.37391939759254456,0
1848,0.00924,0.40857142210006714,0
1849,0.009245,0.3868131935596466,0
1850,0.00925,0.38600730895996094,0
1851,0.009255,0.39648351073265076,0
1852,0.00926,0.39970695972442627,0
1853,0.009265,0.3916483521461487,0
1854,0.00927,0.3956776559352875,0
1855,0.009275,0.41179487109184265,0
1856,0.00928,0.3843955993652344,0
1857,0.009285,0.36989009380340576,0
1858,0.00929,0.38600730895996094,0
1859,0.009295,0.38197800517082214,0
1860,0.0093,0.3916483521461487,0
1861,0.009305,0.39728936553001404,0
1862,0.00931,0.3980952203273773,0
1863,0.009315,0.36666667461395264,0
1864,0.00932,0.38600730895996094,0
1865,0.009325,0.398901104927063,0
1866,0.00933,0.3876190483570099,0
1867,0.009335,0.3843955993652344,0
1868,0.00934,0.3956776559352875,0
1869,0.009345,0.3980952203273773,0
1870,0.00935,0.37391939759254456,0
1871,0.009355,0.378754585981369,0
1872,0.00936,0.40373626351356506,0
1873,0.009365,0.3763369917869568,0
1874,0.00937,0.3916483521461487,0
1875,0.009375,0.3835897445678711,0
1876,0.00938,0.3908424973487854,0
1877,0.009385,0.3908424973487854,0
1878,0.00939,0.37714284658432007,0
1879,0.009395,0.38600730895996094,0
1880,0.0094,0.3803662955760956,0
1881,0.009405,0.3876190483570099,0
1882,0.00941,0.37391939759254456,0
1883,0.009415,0.3916483521461487,0
1884,0.00942,0.3916483521461487,0
1885,0.009425,0.38600730895996094,0
1886,0.00943,0.38923075795173645,0
1887,0.009435,0.37794870138168335,0
1888,0.00944,0.3868131935596466,0
1889,0.009445,0.4069597125053406,0
1890,0.00945,0.3843955993652344,0
1891,0.009455,0.3916483521461487,0
1892,0.00946,0.39970695972442627,0
1893,0.009465,0.3827838897705078,0
1894,0.00947,0.38197800517082214,0
1895,0.009475,0.39970695972442627,0
1896,0.00948,0.39648351073265076,0
1897,0.009485,0.4053479731082916,0
1898,0.00949,0.37794870138168335,0
1899,0.009495,0.4053479731082916,0
1900,0.0095,0.38600730895996094,0
1901,0.009505,0.36989009380340576,0
1902,0.00951,0.398901104927063,0
1903,0.009515,0.37714284658432007,0
1904,0.00952,0.3843955993652344,0
1905,0.009525,0.40454211831092834,0
1906,0.00953,0.3763369917869568,0
1907,0.009535,0.40051281452178955,0
1908,0.00954,0.3827838897705078,0
1909,0.009545,0.3908424973487854,0
1910,0.00955,0.3843955993652344,0
1911,0.009555,0.39970695972442627,0
1912,0.00956,0.38520145416259766,0
1913,0.009565,0.4327472448348999,0
1914,0.00957,0.3795604407787323,0
1915,0.009575,0.3827838897705078,0
1916,0.00958,0.39003661274909973,0
1917,0.009585,0.3715018332004547,0
1918,0.00959,0.4069597125053406,0
1919,0.009595,0.398901104927063,0
1920,0.0096,0.3948718011379242,0
1921,0.009605,0.3908424973487854,0
1922,0.00961,0.3876190483570099,0
1923,0.009615,0.3948718011379242,0
1924,0.00962,0.39003661274909973,0
1925,0.009625,0.372307687997818,0
1926,0.00963,0.38520145416259766,0
1927,0.009635,0.3940659165382385,0
1928,0.00964,0.39245420694351196,0
1929,0.009645,0.3940659165382385,0
1930,0.00965,0.41179487109184265,0
1931,0.009655,0.38842490315437317,0
1932,0.00966,0.38842490315437317,0
1933,0.009665,0.37391939759254456,0
1934,0.00967,0.39245420694351196,0
1935,0.009675,0.3827838897705078,0
1936,0.00968,0.3940659165382385,0
1937,0.009685,0.3674725294113159,0
1938,0.00969,0.38197800517082214,0
1939,0.009695,0.3948718011379242,0
1940,0.0097,0.3908424973487854,0
1941,0.009705,0.3827838897705078,0
1942,0.00971,0.38923075795173645,0
1943,0.009715,0.38923075795173645,0
1944,0.00972,0.38197800517082214,0
1945,0.009725,0.3795604407787323,0
1946,0.00973,0.3843955993652344,0
1947,0.009735,0.378754585981369,0
1948,0.00974,0.3908424973487854,0
1949,0.009745,0.38923075795173645,0
1950,0.00975,0.378754585981369,0
1951,0.009755,0.37794870138168335,0
1952,0.00976,0.39648351073265076,0
1953,0.009765,0.3940659165382385,0
1954,0.00977,0.37391939759254456,0
1955,0.009775,0.38923075795173645,0
1956,0.00978,0.37794870138168335,0
1957,0.009785,0.38842490315437317,0
1958,0.00979,0.3876190483570099,0
1959,0.009795,0.3731135427951813,0
1960,0.0098,0.3980952203273773,0
1961,0.009805,0.38197800517082214,0
1962,0.00981,0.3956776559352875,0
1963,0.009815,0.3795604407787323,0
1964,0.00982,0.40051281452178955,0
1965,0.009825,0.40857142210006714,0
1966,0.00983,0.38117215037345886,0
1967,0.009835,0.38197800517082214,0
1968,0.00984,0.3948718011379242,0
1969,0.009845,0.378754585981369,0
1970,0.00985,0.3827838897705078,0
1971,0.009855,0.3827838897705078,0
1972,0.00986,0.3795604407787323,0
1973,0.009865,0.39728936553001404,0
1974,0.00987,0.3876190483570099,0
1975,0.009875,0.3916483521461487,0
1976,0.00988,0.38600730895996094,0
1977,0.009885,0.37391939759254456,0
1978,0.00989,0.38117215037345886,0
1979,0.009895,0.38520145416259766,0
1980,0.0099,0.3868131935596466,0
1981,0.009905,0.3763369917869568,0
1982,0.00991,0.3948718011379242,0
1983,0.009915,0.38923075795173645,0
1984,0.00992,0.37391939759254456,0
1985,0.009925,0.3876190483570099,0
1986,0.00993,0.3835897445678711,0
1987,0.009935,0.40857142210006714,0
1988,0.00994,0.37794870138168335,0
1989,0.009945,0.38117215037345886,0
1990,0.00995,0.39003661274909973,0
1991,0.009955,0.3908424973487854,0
1992,0.00996,0.39970695972442627,0
1993,0.009965,0.4053479731082916,0
1994,0.00997,0.39245420694351196,0
1995,0.009975,0.3868131935596466,0
1996,0.00998,0.40454211831092834,0
1997,0.009985,0.38520145416259766,0
1998,0.00999,0.398901104927063,0
1999,0.009995,0.38842490315437317,0
2000,0.01,0.40454211831092834,0
2001,0.010005,0.3876190483570099,0
2002,0.01001,0.3755311369895935,0
2003,0.010015,0.4335530996322632,1
2004,0.01002,0.4279120862483978,1
2005,0.010025,0.4254944920539856,1
2006,0.01003,0.437582403421402,1
2007,0.010035,0.41179487109184265,1
2008,0.01004,0.41179487109184265,0
2009,0.010045,0.398901104927063,0
2010,0.01005,0.38197800517082214,0
2011,0.010055,0.3948718011379242,0
2012,0.01006,0.3916483521461487,0
2013,0.010065,0.39728936553001404,0
2014,0.01007,0.3827838897705078,0
2015,0.010075,0.3940659165382385,0
2016,0.01008,0.3916483521461487,0
2017,0.010085,0.38600730895996094,0
2018,0.01009,0.3803662955760956,0
2019,0.010095,0.4069597125053406,0
2020,0.0101,0.3843955993652344,0
2021,0.010105,0.3908424973487854,0
2022,0.01011,0.3763369917869568,0
2023,0.010115,0.3755311369895935,0
2024,0.01012,0.38520145416259766,0
2025,0.010125,0.37391939759254456,0
2026,0.01013,0.38520145416259766,0
2027,0.010135,0.38923075795173645,0
2028,0.01014,0.39245420694351196,0
2029,0.010145,0.39648351073265076,0
2030,0.01015,0.39245420694351196,0
2031,0.010155,0.3715018332004547,0
2032,0.01016,0.39970695972442627,0
2033,0.010165,0.38923075795173645,0
2034,0.01017,0.38600730895996094,0
2035,0.010175,0.38923075795173645,0
2036,0.01018,0.3908424973487854,0
2037,0.010185,0.39728936553001404,0
2038,0.01019,0.40051281452178955,0
2039,0.010195,0.38117215037345886,0
2040,0.0102,0.3763369917869568,0
2041,0.010205,0.378754585981369,0
2042,0.01021,0.38923075795173645,0
2043,0.010215,0.39970695972442627,0
2044,0.01022,0.3763369917869568,0
2045,0.010225,0.38842490315437317,0
2046,0.01023,0.3755311369895935,0
2047,0.010235,0.3948718011379242,0
2048,0.01024,0.39970695972442627,0
2049,0.010245,0.3948718011379242,0
2050,0.01025,0.39970695972442627,0
2051,0.010255,0.4061538279056549,0
2052,0.01026,0.3916483521461487,0
2053,0.010265,0.4093772768974304,0
2054,0.01027,0.40051281452178955,0
2055,0.010275,0.3755311369895935,0
2056,0.01028,0.38197800517082214,0
2057,0.010285,0.3876190483570099,0
2058,0.01029,0.37714284658432007,0
2059,0.010295,0.38117215037345886,0
2060,0.0103,0.38197800517082214,0
2061,0.010305,0.398901104927063,0
2062,0.01031,0.38923075795173645,0
2063,0.010315,0.3835897445678711,0
2064,0.01032,0.3715018332004547,0
2065,0.010325,0.4029304087162018,0
2066,0.01033,0.378754585981369,0
2067,0.010335,0.39728936553001404,0
2068,0.01034,0.37069597840309143,0
2069,0.010345,0.3795604407787323,0
2070,0.01035,0.3835897445678711,0
2071,0.010355,0.41179487109184265,0
2072,0.01036,0.3731135427951813,0
2073,0.010365,0.3763369917869568,0
2074,0.01037,0.39648351073265076,0
2075,0.010375,0.38923075795173645,0
2076,0.01038,0.3747252821922302,0
2077,0.010385,0.39245420694351196,0
2078,0.01039,0.39970695972442627,0
2079,0.010395,0.40373626351356506,0
2080,0.0104,0.38923075795173645,0
2081,0.010405,0.38520145416259766,0
2082,0.01041,0.3835897445678711,0
2083,0.010415,0.39970695972442627,0
2084,0.01042,0.3763369917869568,0
2085,0.010425,0.37391939759254456,0
2086,0.01043,0.37391939759254456,0
2087,0.010435,0.38117215037345886,0
2088,0.01044,0.4101831316947937,0
2089,0.010445,0.3827838897705078,0
2090,0.01045,0.3956776559352875,0
2091,0.010455,0.39970695972442627,0
2092,0.01046,0.37794870138168335,0
2093,0.010465,0.36989009380340576,0
2094,0.01047,0.3747252821922302,0
2095,0.010475,0.3908424973487854,0
2096,0.01048,0.38520145416259766,0
2097,0.010485,0.372307687997818,0
2098,0.01049,0.3835897445678711,0
2099,0.010495,0.3948718011379242,0
2100,0.0105,0.38600730895996094,0
2101,0.010505,0.39648351073265076,0
2102,0.01051,0.372307687997818,0
2103,0.010515,0.3916483521461487,0
2104,0.01052,0.38842490315437317,0
2105,0.010525,0.35860806703567505,0
2106,0.01053,0.3618314862251282,0
2107,0.010535,0.39970695972442627,0
2108,0.01054,0.37391939759254456,0
2109,0.010545,0.36989009380340576,0
2110,0.01055,0.3650549352169037,0
2111,0.010555,0.37391939759254456,0
2112,0.01056,0.36989009380340576,0
2113,0.010565,0.3763369917869568,0
2114,0.01057,0.4029304087162018,0
2115,0.010575,0.3731135427951813,0
2116,0.01058,0.39970695972442627,0
2117,0.010585,0.37391939759254456,0
2118,0.01059,0.3610256314277649,0
2119,0.010595,0.3835897445678711,0
2120,0.0106,0.3827838897705078,0
2121,0.010605,0.3747252821922302,0
2122,0.01061,0.3908424973487854,0
2123,0.010615,0.36989009380340576,0
2124,0.01062,0.38600730895996094,0
2125,0.010625,0.3690842390060425,0
2126,0.01063,0.3827838897705078,0
2127,0.010635,0.3747252821922302,0
2128,0.01064,0.3747252821922302,0
2129,0.010645,0.3755311369895935,0
2130,0.01065,0.37391939759254456,0
2131,0.010655,0.37391939759254456,0
2132,0.01066,0.3827838897705078,0
2133,0.010665,0.372307687997818,0
2134,0.01067,0.3731135427951813,0
2135,0.010675,0.40373626351356506,0
2136,0.01068,0.3731135427951813,0
2137,0.010685,0.4029304087162018,0
2138,0.01069,0.372307687997818,0
2139,0.010695,0.37391939759254456,0
2140,0.0107,0.3747252821922302,0
2141,0.010705,0.38600730895996094,0
2142,0.01071,0.378754585981369,0
2143,0.010715,0.3642490804195404,0
2144,0.01072,0.3674725294113159,0
2145,0.010725,0.35860806703567505,0
2146,0.01073,0.3569963276386261,0
2147,0.010735,0.39728936553001404,0
2148,0.01074,0.378754585981369,0
2149,0.010745,0.3835897445678711,0
2150,0.01075,0.39728936553001404,0
2151,0.010755,0.3843955993652344,0
2152,0.01076,0.38600730895996094,0
2153,0.010765,0.3827838897705078,0
2154,0.01077,0.37391939759254456,0
2155,0.010775,0.3980952203273773,0
2156,0.01078,0.37391939759254456,0
2157,0.010785,0.37391939759254456,0
2158,0.01079,0.37391939759254456,0
2159,0.010795,0.39648351073265076,0
2160,0.0108,0.3795604407787323,0
2161,0.010805,0.38600730895996094,0
2162,0.01081,0.3843955993652344,0
2163,0.010815,0.3868131935596466,0
2164,0.01082,0.3682783842086792,0
2165,0.010825,0.3876190483570099,0
2166,0.01083,0.38520145416259766,0
2167,0.010835,0.39245420694351196,0
2168,0.01084,0.3715018332004547,0
2169,0.010845,0.3916483521461487,0
2170,0.01085,0.3908424973487854,0
2171,0.010855,0.3876190483570099,0
2172,0.01086,0.38197800517082214,0
2173,0.010865,0.37391939759254456,0
2174,0.01087,0.38117215037345886,0
2175,0.010875,0.39003661274909973,0
2176,0.01088,0.39648351073265076,0
2177,0.010885,0.39970695972442627,0
2178,0.01089,0.39970695972442627,0
2179,0.010895,0.40051281452178955,0
2180,0.0109,0.3835897445678711,0
2181,0.010905,0.3940659165382385,0
2182,0.01091,0.39003661274909973,0
2183,0.010915,0.3916483521461487,0
2184,0.01092,0.39003661274909973,0
2185,0.010925,0.39970695972442627,0
2186,0.01093,0.3843955993652344,0
2187,0.010935,0.372307687997818,0
2188,0.01094,0.38923075795173645,0
2189,0.010945,0.398901104927063,0
2190,0.01095,0.3956776559352875,0
2191,0.010955,0.3876190483570099,0
2192,0.01096,0.3916483521461487,0
2193,0.010965,0.39970695972442627,0
2194,0.01097,0.39970695972442627,0
2195,0.010975,0.37391939759254456,0
2196,0.01098,0.4021245241165161,0
2197,0.010985,0.3876190483570099,0
2198,0.01099,0.37714284658432007,0
2199,0.010995,0.39970695972442627,0
2200,0.011,0.39728936553001404,0
2201,0.011005,0.38197800517082214,0
2202,0.01101,0.38923075795173645,0
2203,0.011015,0.37391939759254456,0
2204,0.01102,0.3827838897705078,0
2205,0.011025,0.39326006174087524,0
2206,0.01103,0.3843955993652344,0
2207,0.011035,0.40454211831092834,0
2208,0.01104,0.3795604407787323,0
2209,0.011045,0.3940659165382385,0
2210,0.01105,0.39970695972442627,0
2211,0.011055,0.37391939759254456,0
2212,0.01106,0.38197800517082214,0
2213,0.011065,0.39970695972442627,0
2214,0.01107,0.3948718011379242,0
2215,0.011075,0.378754585981369,0
2216,0.01108,0.39003661274909973,0
2217,0.011085,0.3755311369895935,0
2218,0.01109,0.4101831316947937,0
2219,0.011095,0.42307692766189575,0
2220,0.0111,0.3763369917869568,0
2221,0.011105,0.37391939759254456,0
2222,0.01111,0.38923075795173645,0
2223,0.011115,0.38842490315437317,0
2224,0.01112,0.37391939759254456,0
2225,0.011125,0.3956776559352875,0
2226,0.01113,0.38520145416259766,0
2227,0.011135,0.38600730895996094,0
2228,0.01114,0.3827838897705078,0
2229,0.011145,0.3940659165382385,0
2230,0.01115,0.38923075795173645,0
2231,0.011155,0.40131866931915283,0
2232,0.01116,0.41179487109184265,0
2233,0.011165,0.3956776559352875,0
2234,0.01117,0.4069597125053406,0
2235,0.011175,0.39728936553001404,0
2236,0.01118,0.39970695972442627,0
2237,0.011185,0.39728936553001404,0
2238,0.01119,0.3795604407787323,0
2239,0.011195,0.3876190483570099,0
2240,0.0112,0.37391939759254456,0
2241,0.011205,0.38842490315437317,0
2242,0.01121,0.4021245241165161,0
2243,0.011215,0.39728936553001404,0
2244,0.01122,0.39728936553001404,0
2245,0.011225,0.38842490315437317,0
2246,0.01123,0.3980952203273773,0
2247,0.011235,0.3956776559352875,0
2248,0.01124,0.3690842390060425,0
2249,0.011245,0.38923075795173645,0
2250,0.01125,0.39970695972442627,0
2251,0.011255,0.36989009380340576,0
2252,0.01126,0.40131866931915283,0
2253,0.011265,0.39648351073265076,0
2254,0.01127,0.37794870138168335,0
2255,0.011275,0.38520145416259766,0
2256,0.01128,0.39245420694351196,0
2257,0.011285,0.3956776559352875,0
2258,0.01129,0.3763369917869568,0
2259,0.011295,0.39970695972442627,0
2260,0.0113,0.38923075795173645,0
2261,0.011305,0.3980952203273773,0
2262,0.01131,0.3795604407787323,0
2263,0.011315,0.38197800517082214,0
2264,0.01132,0.38923075795173645,0
2265,0.011325,0.38520145416259766,0
2266,0.01133,0.3835897445678711,0
2267,0.011335,0.3908424973487854,0
2268,0.01134,0.3916483521461487,0
2269,0.011345,0.3956776559352875,0
2270,0.01135,0.39003661274909973,0
2271,0.011355,0.3948718011379242,0
2272,0.01136,0.378754585981369,0
2273,0.011365,0.37794870138168335,0
2274,0.01137,0.41179487109184265,0
2275,0.011375,0.4069597125053406,0
2276,0.01138,0.3763369917869568,0
2277,0.011385,0.39648351073265076,0
2278,0.01139,0.39970695972442627,0
2279,0.011395,0.4053479731082916,0
2280,0.0114,0.3827838897705078,0
2281,0.011405,0.39970695972442627,0
2282,0.01141,0.3876190483570099,0
2283,0.011415,0.3956776559352875,0
2284,0.01142,0.39728936553001404,0
2285,0.011425,0.3868131935596466,0
2286,0.01143,0.39245420694351196,0
2287,0.011435,0.3835897445678711,0
2288,0.01144,0.3827838897705078,0
2289,0.011445,0.3956776559352875,0
2290,0.01145,0.39728936553001404,0
2291,0.011455,0.37391939759254456,0
2292,0.01146,0.3835897445678711,0
2293,0.011465,0.4093772768974304,0
2294,0.01147,0.3876190483570099,0
2295,0.011475,0.39970695972442627,0
2296,0.01148,0.3868131935596466,0
2297,0.011485,0.3916483521461487,0
2298,0.01149,0.39970695972442627,0
2299,0.011495,0.3916483521461487,0
2300,0.0115,0.38600730895996094,0
2301,0.011505,0.39003661274909973,0
2302,0.01151,0.3948718011379242,0
2303,0.011515,0.40131866931915283,0
2304,0.01152,0.4021245241165161,0
2305,0.011525,0.37391939759254456,0
2306,0.01153,0.38117215037345886,0
2307,0.011535,0.3843955993652344,0
2308,0.01154,0.38520145416259766,0
2309,0.011545,0.40131866931915283,0
2310,0.01155,0.39245420694351196,0
2311,0.011555,0.40776556730270386,0
2312,0.01156,0.3795604407787323,0
2313,0.011565,0.3868131935596466,0
2314,0.01157,0.40857142210006714,0
2315,0.011575,0.38117215037345886,0
2316,0.01158,0.41179487109184265,0
2317,0.011585,0.38197800517082214,0
2318,0.01159,0.37714284658432007,0
2319,0.011595,0.39245420694351196,0
2320,0.0116,0.3763369917869568,0
2321,0.011605,0.37391939759254456,0
2322,0.01161,0.3231501877307892,1
2323,0.011615,0.41098901629447937,1
2324,0.01162,0.4254944920539856,1
2325,0.011625,0.42307692766189575,1
2326,0.01163,0.4053479731082916,1
2327,0.011635,0.378754585981369,0
2328,0.01164,0.39970695972442627,0
2329,0.011645,0.39970695972442627,0
2330,0.01165,0.39648351073265076,0
2331,0.011655,0.39728936553001404,0
2332,0.01166,0.3980952203273773,0
2333,0.011665,0.3980952203273773,0
2334,0.01167,0.3795604407787323,0
2335,0.011675,0.37391939759254456,0
2336,0.01168,0.37391939759254456,0
2337,0.011685,0.37391939759254456,0
2338,0.01169,0.38600730895996094,0
2339,0.011695,0.38600730895996094,0
2340,0.0117,0.40131866931915283,0
2341,0.011705,0.4069597125053406,0
2342,0.01171,0.38117215037345886,0
2343,0.011715,0.40454211831092834,0
2344,0.01172,0.3956776559352875,0
2345,0.011725,0.3715018332004547,0
2346,0.01173,0.3916483521461487,0
2347,0.011735,0.3868131935596466,0
2348,0.01174,0.3763369917869568,0
2349,0.011745,0.40776556730270386,0
2350,0.01175,0.38600730895996094,0
2351,0.011755,0.38197800517082214,0
2352,0.01176,0.398901104927063,0
2353,0.011765,0.38520145416259766,0
2354,0.01177,0.39245420694351196,0
2355,0.011775,0.37794870138168335,0
2356,0.01178,0.39245420694351196,0
2357,0.011785,0.38923075795173645,0
2358,0.01179,0.3843955993652344,0
2359,0.011795,0.378754585981369,0
2360,0.0118,0.38923075795173645,0
2361,0.011805,0.40051281452178955,0
2362,0.01181,0.39648351073265076,0
2363,0.011815,0.40454211831092834,0
2364,0.01182,0.38600730895996094,0
2365,0.011825,0.3956776559352875,0
2366,0.01183,0.39245420694351196,0
2367,0.011835,0.39970695972442627,0
2368,0.01184,0.38600730895996094,0
2369,0.011845,0.38842490315437317,0
2370,0.01185,0.38842490315437317,0
2371,0.011855,0.398901104927063,0
2372,0.01186,0.39245420694351196,0
2373,0.011865,0.38923075795173645,0
2374,0.01187,0.38923075795173645,0
2375,0.011875,0.4053479731082916,0
2376,0.01188,0.3747252821922302,0
2377,0.011885,0.3876190483570099,0
2378,0.01189,0.40131866931915283,0
2379,0.011895,0.3763369917869568,0
2380,0.0119,0.3827838897705078,0
2381,0.011905,0.39728936553001404,0
2382,0.01191,0.38520145416259766,0
2383,0.011915,0.40373626351356506,0
2384,0.01192,0.39970695972442627,0
2385,0.011925,0.38197800517082214,0
2386,0.01193,0.398901104927063,0
2387,0.011935,0.3843955993652344,0
2388,0.01194,0.38197800517082214,0
2389,0.011945,0.38600730895996094,0
2390,0.01195,0.38600730895996094,0
2391,0.011955,0.40131866931915283,0
2392,0.01196,0.39003661274909973,0
2393,0.011965,0.37794870138168335,0
2394,0.01197,0.3868131935596466,0
2395,0.011975,0.3876190483570099,0
2396,0.01198,0.3747252821922302,0
2397,0.011985,0.39245420694351196,0
2398,0.01199,0.39970695972442627,0
2399,0.011995,0.39970695972442627,0
2400,0.012,0.3682783842086792,0
2401,0.012005,0.3876190483570099,0
2402,0.01201,0.3868131935596466,0
2403,0.012015,0.3843955993652344,0
2404,0.01202,0.39970695972442627,0
2405,0.012025,0.38117215037345886,0
2406,0.01203,0.3827838897705078,0
2407,0.012035,0.38520145416259766,0
2408,0.01204,0.3843955993652344,0
2409,0.012045,0.378754585981369,0
2410,0.01205,0.40051281452178955,0
2411,0.012055,0.3682783842086792,0
2412,0.01206,0.4254944920539856,0
2413,0.012065,0.3763369917869568,0
2414,0.01207,0.36263737082481384,0
2415,0.012075,0.37391939759254456,0
2416,0.01208,0.39648351073265076,0
2417,0.012085,0.39245420694351196,0
2418,0.01209,0.3916483521461487,0
2419,0.012095,0.39245420694351196,0
2420,0.0121,0.40454211831092834,0
2421,0.012105,0.3795604407787323,0
2422,0.01211,0.3795604407787323,0
2423,0.012115,0.38520145416259766,0
2424,0.01212,0.39728936553001404,0
2425,0.012125,0.4053479731082916,0
2426,0.01213,0.37391939759254456,0
2427,0.012135,0.39970695972442627,0
2428,0.01214,0.39970695972442627,0
2429,0.012145,0.38197800517082214,0
2430,0.01215,0.3795604407787323,0
2431,0.012155,0.3682783842086792,0
2432,0.01216,0.372307687997818,0
2433,0.012165,0.3755311369895935,0
2434,0.01217,0.37391939759254456,0
2435,0.012175,0.38600730895996094,0
2436,0.01218,0.3948718011379242,0
2437,0.012185,0.372307687997818,0
2438,0.01219,0.38117215037345886,0
2439,0.012195,0.3827838897705078,0
2440,0.0122,0.38197800517082214,0
2441,0.012205,0.39245420694351196,0
2442,0.01221,0.3868131935596466,0
2443,0.012215,0.37714284658432007,0
2444,0.01222,0.3948718011379242,0
2445,0.012225,0.3827838897705078,0
2446,0.01223,0.37391939759254456,0
2447,0.012235,0.37794870138168335,0
2448,0.01224,0.378754585981369,0
2449,0.012245,0.3795604407787323,0
2450,0.01225,0.40131866931915283,0
2451,0.012255,0.38600730895996094,0
2452,0.01226,0.3715018332004547,0
2453,0.012265,0.40131866931915283,0
2454,0.01227,0.3908424973487854,0
2455,0.012275,0.3908424973487854,0
2456,0.01228,0.3795604407787323,0
2457,0.012285,0.3940659165382385,0
2458,0.01229,0.38520145416259766,0
2459,0.012295,0.4021245241165161,0
2460,0.0123,0.398901104927063,0
2461,0.012305,0.39970695972442627,0
2462,0.01231,0.38923075795173645,0
2463,0.012315,0.40776556730270386,0
2464,0.01232,0.37794870138168335,0
2465,0.012325,0.37391939759254456,0
2466,0.01233,0.3795604407787323,0
2467,0.012335,0.37714284658432007,0
2468,0.01234,0.3755311369895935,0
2469,0.012345,0.3747252821922302,0
2470,0.01235,0.3980952203273773,0
2471,0.012355,0.3916483521461487,0
2472,0.01236,0.39970695972442627,0
2473,0.012365,0.38520145416259766,0
2474,0.01237,0.3868131935596466,0
2475,0.012375,0.39245420694351196,0
2476,0.01238,0.38197800517082214,0
2477,0.012385,0.39728936553001404,0
2478,0.01239,0.39970695972442627,0
2479,0.012395,0.39970695972442627,0
2480,0.0124,0.39245420694351196,0
2481,0.012405,0.3868131935596466,0
2482,0.01241,0.3916483521461487,0
2483,0.012415,0.38197800517082214,0
2484,0.01242,0.36666667461395264,0
2485,0.012425,0.39970695972442627,0
2486,0.01243,0.38600730895996094,0
2487,0.012435,0.3956776559352875,0
2488,0.01244,0.37391939759254456,0
2489,0.012445,0.3868131935596466,0
2490,0.01245,0.3868131935596466,0
2491,0.012455,0.3948718011379242,0
2492,0.01246,0.37794870138168335,0
2493,0.012465,0.3827838897705078,0
2494,0.01247,0.3715018332004547,0
2495,0.012475,0.39003661274909973,0
2496,0.01248,0.39970695972442627,0
2497,0.012485,0.40373626351356506,0
2498,0.01249,0.3956776559352875,0
2499,0.012495,0.39970695972442627,0
2500,0.0125,0.38117215037345886,0
2501,0.012505,0.38600730895996094,0
2502,0.01251,0.3843955993652344,0
2503,0.012515,0.39970695972442627,0
2504,0.01252,0.4029304087162018,0
2505,0.012525,0.3843955993652344,0
2506,0.01253,0.39648351073265076,0
2507,0.012535,0.3980952203273773,0
2508,0.01254,0.3980952203273773,0
2509,0.012545,0.39970695972442627,0
2510,0.01255,0.3980952203273773,0
2511,0.012555,0.38842490315437317,0
2512,0.01256,0.3843955993652344,0
2513,0.012565,0.3948718011379242,0
2514,0.01257,0.3827838897705078,0
2515,0.012575,0.3956776559352875,0
2516,0.01258,0.39245420694351196,0
2517,0.012585,0.3948718011379242,0
2518,0.01259,0.38600730895996094,0
2519,0.012595,0.40131866931915283,0
2520,0.0126,0.3956776559352875,0
2521,0.012605,0.3948718011379242,0
2522,0.01261,0.38842490315437317,0
2523,0.012615,0.3908424973487854,0
2524,0.01262,0.398901104927063,0
2525,0.012625,0.39728936553001404,0
2526,0.01263,0.3835897445678711,0
2527,0.012635,0.3868131935596466,0
2528,0.01264,0.38197800517082214,0
2529,0.012645,0.39970695972442627,0
2530,0.01265,0.3763369917869568,0
2531,0.012655,0.3876190483570099,0
2532,0.01266,0.3795604407787323,0
2533,0.012665,0.372307687997818,0
2534,0.01267,0.40857142210006714,0
2535,0.012675,0.38842490315437317,0
2536,0.01268,0.38600730895996094,0
2537,0.012685,0.39970695972442627,0
2538,0.01269,0.4246886372566223,0
2539,0.012695,0.38842490315437317,0
2540,0.0127,0.378754585981369,0
2541,0.012705,0.3908424973487854,0
2542,0.01271,0.3876190483570099,0
2543,0.012715,0.3835897445678711,0
2544,0.01272,0.3835897445678711,0
2545,0.012725,0.3956776559352875,0
2546,0.01273,0.3835897445678711,0
2547,0.012735,0.4021245241165161,0
2548,0.01274,0.3827838897705078,0
2549,0.012745,0.39245420694351196,0
2550,0.01275,0.398901104927063,0
2551,0.012755,0.3747252821922302,0
2552,0.01276,0.38842490315437317,0
2553,0.012765,0.40051281452178955,0
2554,0.01277,0.38600730895996094,0
2555,0.012775,0.42388278245925903,0
2556,0.01278,0.3795604407787323,0
2557,0.012785,0.38117215037345886,0
2558,0.01279,0.3948718011379242,0
2559,0.012795,0.3876190483570099,0
2560,0.0128,0.3843955993652344,0
2561,0.012805,0.3755311369895935,0
2562,0.01281,0.4319413900375366,1
2563,0.012815,0.4359706938266754,1
2564,0.01282,0.41179487109184265,1
2565,0.012825,0.4488644599914551,1
2566,0.01283,0.41179487109184265,1
2567,0.012835,0.398901104927063,0
2568,0.01284,0.3795604407787323,0
2569,0.012845,0.38117215037345886,0
2570,0.01285,0.3763369917869568,0
2571,0.012855,0.3940659165382385,0
2572,0.01286,0.3980952203273773,0
2573,0.012865,0.36989009380340576,0
2574,0.01287,0.3690842390060425,0
2575,0.012875,0.37391939759254456,0
2576,0.01288,0.37714284658432007,0
2577,0.012885,0.398901104927063,0
2578,0.01289,0.39728936553001404,0
2579,0.012895,0.3868131935596466,0
2580,0.0129,0.3827838897705078,0
2581,0.012905,0.39970695972442627,0
2582,0.01291,0.38923075795173645,0
2583,0.012915,0.3690842390060425,0
2584,0.01292,0.38117215037345886,0
2585,0.012925,0.3916483521461487,0
2586,0.01293,0.3940659165382385,0
2587,0.012935,0.3634432256221771,0
2588,0.01294,0.3795604407787323,0
2589,0.012945,0.3940659165382385,0
2590,0.01295,0.3715018332004547,0
2591,0.012955,0.3948718011379242,0
2592,0.01296,0.3803662955760956,0
2593,0.012965,0.398901104927063,0
2594,0.01297,0.39728936553001404,0
2595,0.012975,0.3763369917869568,0
2596,0.01298,0.3868131935596466,0
2597,0.012985,0.38923075795173645,0
2598,0.01299,0.3795604407787323,0
2599,0.012995,0.38197800517082214,0
2600,0.013,0.38600730895996094,0
2601,0.013005,0.4021245241165161,0
2602,0.01301,0.3868131935596466,0
2603,0.013015,0.378754585981369,0
2604,0.01302,0.3763369917869568,0
2605,0.013025,0.3795604407787323,0
2606,0.01303,0.3956776559352875,0
2607,0.013035,0.3835897445678711,0
2608,0.01304,0.3690842390060425,0
2609,0.013045,0.3868131935596466,0
2610,0.01305,0.3876190483570099,0
2611,0.013055,0.3940659165382385,0
2612,0.01306,0.40051281452178955,0
2613,0.013065,0.3908424973487854,0
2614,0.01307,0.39245420694351196,0
2615,0.013075,0.37794870138168335,0
2616,0.01308,0.3755311369895935,0
2617,0.013085,0.38117215037345886,0
2618,0.01309,0.3843955993652344,0
2619,0.013095,0.3876190483570099,0
2620,0.0131,0.4029304087162018,0
2621,0.013105,0.38842490315437317,0
2622,0.01311,0.39970695972442627,0
2623,0.013115,0.398901104927063,0
2624,0.01312,0.39970695972442627,0
2625,0.013125,0.3956776559352875,0
2626,0.01313,0.3948718011379242,0
2627,0.013135,0.39970695972442627,0
2628,0.01314,0.39245420694351196,0
2629,0.013145,0.3747252821922302,0
2630,0.01315,0.39728936553001404,0
2631,0.013155,0.3731135427951813,0
2632,0.01316,0.38520145416259766,0
2633,0.013165,0.3980952203273773,0
2634,0.01317,0.37714284658432007,0
2635,0.013175,0.37391939759254456,0
2636,0.01318,0.39970695972442627,0
2637,0.013185,0.38520145416259766,0
2638,0.01319,0.3948718011379242,0
2639,0.013195,0.378754585981369,0
2640,0.0132,0.3868131935596466,0
2641,0.013205,0.39970695972442627,0
2642,0.01321,0.39003661274909973,0
2643,0.013215,0.38842490315437317,0
2644,0.01322,0.3940659165382385,0
2645,0.013225,0.3827838897705078,0
2646,0.01323,0.3868131935596466,0
2647,0.013235,0.378754585981369,0
2648,0.01324,0.36666667461395264,0
2649,0.013245,0.3747252821922302,0
2650,0.01325,0.378754585981369,0
2651,0.013255,0.39970695972442627,0
2652,0.01326,0.3868131935596466,0
2653,0.013265,0.38520145416259766,0
2654,0.01327,0.3940659165382385,0
2655,0.013275,0.39245420694351196,0
2656,0.01328,0.3763369917869568,0
2657,0.013285,0.3747252821922302,0
2658,0.01329,0.3795604407787323,0
2659,0.013295,0.39728936553001404,0
2660,0.0133,0.398901104927063,0
2661,0.013305,0.398901104927063,0
2662,0.01331,0.39728936553001404,0
2663,0.013315,0.3843955993652344,0
2664,0.01332,0.4029304087162018,0
2665,0.013325,0.3803662955760956,0
2666,0.01333,0.3876190483570099,0
2667,0.013335,0.3948718011379242,0
2668,0.01334,0.38600730895996094,0
2669,0.013345,0.38923075795173645,0
2670,0.01335,0.39970695972442627,0
2671,0.013355,0.4021245241165161,0
2672,0.01336,0.38520145416259766,0
2673,0.013365,0.3908424973487854,0
2674,0.01337,0.40051281452178955,0
2675,0.013375,0.39003661274909973,0
2676,0.01338,0.3940659165382385,0
2677,0.013385,0.3755311369895935,0
2678,0.01339,0.3827838897705078,0
2679,0.013395,0.4053479731082916,0
2680,0.0134,0.3916483521461487,0
2681,0.013405,0.38600730895996094,0
2682,0.01341,0.39648351073265076,0
2683,0.013415,0.40454211831092834,0
2684,0.01342,0.3868131935596466,0
2685,0.013425,0.39326006174087524,0
2686,0.01343,0.38842490315437317,0
2687,0.013435,0.3876190483570099,0
2688,0.01344,0.39970695972442627,0
2689,0.013445,0.39970695972442627,0
2690,0.01345,0.40776556730270386,1
2691,0.013455,0.41179487109184265,1
2692,0.01346,0.398901104927063,1
2693,0.013465,0.4367765486240387,1
2694,0.01347,0.4254944920539856,1
2695,0.013475,0.398901104927063,0
2696,0.01348,0.39245420694351196,0
2697,0.013485,0.38520145416259766,0
2698,0.01349,0.3876190483570099,0
2699,0.013495,0.3731135427951813,0
2700,0.0135,0.37391939759254456,0
2701,0.013505,0.3956776559352875,0
2702,0.01351,0.3795604407787323,0
2703,0.013515,0.4214651882648468,0
2704,0.01352,0.40454211831092834,0
2705,0.013525,0.3940659165382385,0
2706,0.01353,0.4021245241165161,0
2707,0.013535,0.38923075795173645,0
2708,0.01354,0.37391939759254456,0
2709,0.013545,0.398901104927063,0
2710,0.01355,0.3747252821922302,0
2711,0.013555,0.39648351073265076,0
2712,0.01356,0.38923075795173645,0
2713,0.013565,0.398901104927063,0
2714,0.01357,0.38923075795173645,0
2715,0.013575,0.3876190483570099,0
2716,0.01358,0.3795604407787323,0
2717,0.013585,0.3876190483570099,0
2718,0.01359,0.3948718011379242,0
2719,0.013595,0.4029304087162018,0
2720,0.0136,0.3747252821922302,0
2721,0.013605,0.3755311369895935,0
2722,0.01361,0.3980952203273773,0
2723,0.013615,0.3916483521461487,0
2724,0.01362,0.3868131935596466,0
2725,0.013625,0.40857142210006714,0
2726,0.01363,0.4021245241165161,0
2727,0.013635,0.37714284658432007,0
2728,0.01364,0.3876190483570099,0
2729,0.013645,0.3868131935596466,0
2730,0.01365,0.3868131935596466,0
2731,0.013655,0.38520145416259766,0
2732,0.01366,0.378754585981369,0
2733,0.013665,0.38842490315437317,0
2734,0.01367,0.398901104927063,0
2735,0.013675,0.3795604407787323,0
2736,0.01368,0.38842490315437317,0
2737,0.013685,0.38923075795173645,0
2738,0.01369,0.39245420694351196,0
2739,0.013695,0.37794870138168335,0
2740,0.0137,0.39970695972442627,0
2741,0.013705,0.3916483521461487,0
2742,0.01371,0.3731135427951813,0
2743,0.013715,0.36989009380340576,0
2744,0.01372,0.37391939759254456,0
2745,0.013725,0.398901104927063,0
2746,0.01373,0.3763369917869568,0
2747,0.013735,0.37391939759254456,0
2748,0.01374,0.3843955993652344,0
2749,0.013745,0.39245420694351196,0
2750,0.01375,0.39245420694351196,0
2751,0.013755,0.3763369917869568,0
2752,0.01376,0.3827838897705078,0
2753,0.013765,0.3876190483570099,0
2754,0.01377,0.3948718011379242,0
2755,0.013775,0.3795604407787323,0
2756,0.01378,0.4287179410457611,0
2757,0.013785,0.4053479731082916,0
2758,0.01379,0.3980952203273773,0
2759,0.013795,0.3956776559352875,0
2760,0.0138,0.39970695972442627,0
2761,0.013805,0.39003661274909973,0
2762,0.01381,0.3731135427951813,0
2763,0.013815,0.398901104927063,0
2764,0.01382,0.39970695972442627,0
2765,0.013825,0.38197800517082214,0
2766,0.01383,0.38520145416259766,0
2767,0.013835,0.38197800517082214,0
2768,0.01384,0.3876190483570099,0
2769,0.013845,0.4021245241165161,0
2770,0.01385,0.3868131935596466,0
2771,0.013855,0.38923075795173645,0
2772,0.01386,0.3795604407787323,0
2773,0.013865,0.378754585981369,0
2774,0.01387,0.39728936553001404,0
2775,0.013875,0.3827838897705078,0
2776,0.01388,0.38117215037345886,0
2777,0.013885,0.3868131935596466,0
2778,0.01389,0.38600730895996094,0
2779,0.013895,0.398901104927063,0
2780,0.0139,0.3803662955760956,0
2781,0.013905,0.3803662955760956,0
2782,0.01391,0.40131866931915283,0
2783,0.013915,0.3747252821922302,0
2784,0.01392,0.38842490315437317,0
2785,0.013925,0.37391939759254456,0
2786,0.01393,0.3908424973487854,0
2787,0.013935,0.38600730895996094,0
2788,0.01394,0.3835897445678711,0
2789,0.013945,0.3940659165382385,0
2790,0.01395,0.36586079001426697,0
2791,0.013955,0.39326006174087524,0
2792,0.01396,0.3602197766304016,0
2793,0.013965,0.38520145416259766,0
2794,0.01397,0.3980952203273773,0
2795,0.013975,0.3731135427951813,0
2796,0.01398,0.3827838897705078,0
2797,0.013985,0.39728936553001404,0
2798,0.01399,0.3916483521461487,0
2799,0.013995,0.37391939759254456,0
2800,0.014,0.3876190483570099,0
2801,0.014005,0.398901104927063,0
2802,0.01401,0.3868131935596466,0
2803,0.014015,0.3763369917869568,0
2804,0.01402,0.3835897445678711,0
2805,0.014025,0.37794870138168335,0
2806,0.01403,0.37794870138168335,0
2807,0.014035,0.41179487109184265,0
2808,0.01404,0.36989009380340576,0
2809,0.014045,0.37714284658432007,0
2810,0.01405,0.37391939759254456,0
2811,0.014055,0.38117215037345886,0
2812,0.01406,0.39970695972442627,0
2813,0.014065,0.38923075795173645,0
2814,0.01407,0.37391939759254456,0
2815,0.014075,0.3876190483570099,0
2816,0.01408,0.3731135427951813,0
2817,0.014085,0.39970695972442627,0
2818,0.01409,0.39648351073265076,0
2819,0.014095,0.39970695972442627,0
2820,0.0141,0.3690842390060425,0
2821,0.014105,0.39728936553001404,0
2822,0.01411,0.37391939759254456,0
2823,0.014115,0.3916483521461487,0
2824,0.01412,0.40051281452178955,0
2825,0.014125,0.4069597125053406,0
2826,0.01413,0.3731135427951813,0
2827,0.014135,0.3868131935596466,0
2828,0.01414,0.3634432256221771,0
2829,0.014145,0.38117215037345886,0
2830,0.01415,0.37069597840309143,0
2831,0.014155,0.3868131935596466,0
2832,0.01416,0.3827838897705078,0
2833,0.014165,0.3795604407787323,0
2834,0.01417,0.398901104927063,0
2835,0.014175,0.3843955993652344,0
2836,0.01418,0.3876190483570099,0
2837,0.014185,0.39648351073265076,0
2838,0.01419,0.40776556730270386,0
2839,0.014195,0.38117215037345886,0
2840,0.0142,0.3956776559352875,0
2841,0.014205,0.38117215037345886,0
2842,0.01421,0.3755311369895935,0
2843,0.014215,0.3731135427951813,0
2844,0.01422,0.3876190483570099,0
2845,0.014225,0.3795604407787323,0
2846,0.01423,0.37391939759254456,0
2847,0.014235,0.3763369917869568,0
2848,0.01424,0.378754585981369,0
2849,0.014245,0.38923075795173645,0
2850,0.01425,0.37391939759254456,0
2851,0.014255,0.39728936553001404,0
2852,0.01426,0.3843955993652344,0
2853,0.014265,0.3763369917869568,0
2854,0.01427,0.4069597125053406,0
2855,0.014275,0.39970695972442627,0
2856,0.01428,0.3763369917869568,0
2857,0.014285,0.3956776559352875,0
2858,0.01429,0.39970695972442627,0
2859,0.014295,0.378754585981369,0
2860,0.0143,0.39245420694351196,0
2861,0.014305,0.3827838897705078,0
2862,0.01431,0.3795604407787323,0
2863,0.014315,0.36666667461395264,0
2864,0.01432,0.37391939759254456,0
2865,0.014325,0.40776556730270386,0
2866,0.01433,0.38117215037345886,0
2867,0.014335,0.39245420694351196,0
2868,0.01434,0.378754585981369,0
2869,0.014345,0.39970695972442627,0
2870,0.01435,0.39970695972442627,0
2871,0.014355,0.38520145416259766,0
2872,0.01436,0.38520145416259766,0
2873,0.014365,0.38117215037345886,0
2874,0.01437,0.37794870138168335,0
2875,0.014375,0.38600730895996094,0
2876,0.01438,0.3916483521461487,0
2877,0.014385,0.38197800517082214,0
2878,0.01439,0.398901104927063,0
2879,0.014395,0.38197800517082214,0
2880,0.0144,0.3763369917869568,0
2881,0.014405,0.3948718011379242,0
2882,0.01441,0.3690842390060425,0
2883,0.014415,0.38117215037345886,0
2884,0.01442,0.40131866931915283,0
2885,0.014425,0.3916483521461487,0
2886,0.01443,0.3835897445678711,0
2887,0.014435,0.37794870138168335,0
2888,0.01444,0.3876190483570099,0
2889,0.014445,0.38117215037345886,0
2890,0.01445,0.39728936553001404,0
2891,0.014455,0.3827838897705078,0
2892,0.01446,0.3755311369895935,0
2893,0.014465,0.38520145416259766,0
2894,0.01447,0.3715018332004547,0
2895,0.014475,0.40131866931915283,0
2896,0.01448,0.37391939759254456,0
2897,0.014485,0.3763369917869568,0
2898,0.01449,0.40454211831092834,0
2899,0.014495,0.38923075795173645,0
2900,0.0145,0.39970695972442627,0
2901,0.014505,0.3868131935596466,0
2902,0.01451,0.39970695972442627,0
2903,0.014515,0.4053479731082916,0
2904,0.01452,0.40051281452178955,0
2905,0.014525,0.37069597840309143,0
2906,0.01453,0.37391939759254456,0
2907,0.014535,0.40051281452178955,0
2908,0.01454,0.38842490315437317,0
2909,0.014545,0.38923075795173645,0
2910,0.01455,0.38197800517082214,0
2911,0.014555,0.38842490315437317,0
2912,0.01456,0.40131866931915283,0
2913,0.014565,0.37391939759254456,0
2914,0.01457,0.3956776559352875,0
2915,0.014575,0.38197800517082214,0
2916,0.01458,0.3956776559352875,0
2917,0.014585,0.37391939759254456,0
2918,0.01459,0.3940659165382385,0
2919,0.014595,0.40454211831092834,0
2920,0.0146,0.3868131935596466,0
2921,0.014605,0.3795604407787323,0
2922,0.01461,0.39648351073265076,0
2923,0.014615,0.37069597840309143,0
2924,0.01462,0.3908424973487854,0
2925,0.014625,0.41179487109184265,0
2926,0.01463,0.38923075795173645,0
2927,0.014635,0.37391939759254456,0
2928,0.01464,0.3827838897705078,0
2929,0.014645,0.39970695972442627,0
2930,0.01465,0.38197800517082214,0
2931,0.014655,0.39970695972442627,1
2932,0.01466,0.4254944920539856,1
2933,0.014665,0.42307692766189575,1
2934,0.01467,0.41179487109184265,1
2935,0.014675,0.4246886372566223,0
2936,0.01468,0.41179487109184265,0
2937,0.014685,0.36989009380340576,0
2938,0.01469,0.378754585981369,0
2939,0.014695,0.3948718011379242,0
2940,0.0147,0.3747252821922302,0
2941,0.014705,0.3843955993652344,0
2942,0.01471,0.39970695972442627,0
2943,0.014715,0.38197800517082214,0
2944,0.01472,0.3956776559352875,0
2945,0.014725,0.38520145416259766,0
2946,0.01473,0.372307687997818,0
2947,0.014735,0.3876190483570099,0
2948,0.01474,0.39728936553001404,0
2949,0.014745,0.3908424973487854,0
2950,0.01475,0.38600730895996094,0
2951,0.014755,0.37391939759254456,0
2952,0.01476,0.3747252821922302,0
2953,0.014765,0.38923075795173645,0
2954,0.01477,0.3868131935596466,0
2955,0.014775,0.40454211831092834,0
2956,0.01478,0.38520145416259766,0
2957,0.014785,0.3843955993652344,0
2958,0.01479,0.38923075795173645,0
2959,0.014795,0.39245420694351196,0
2960,0.0148,0.40454211831092834,0
2961,0.014805,0.39003661274909973,0
2962,0.01481,0.3916483521461487,0
2963,0.014815,0.3956776559352875,0
2964,0.01482,0.37391939759254456,0
2965,0.014825,0.3916483521461487,0
2966,0.01483,0.3868131935596466,0
2967,0.014835,0.3916483521461487,0
2968,0.01484,0.3956776559352875,0
2969,0.014845,0.37391939759254456,0
2970,0.01485,0.38842490315437317,0
2971,0.014855,0.372307687997818,0
2972,0.01486,0.40373626351356506,0
2973,0.014865,0.40051281452178955,0
2974,0.01487,0.3876190483570099,0
2975,0.014875,0.3868131935596466,0
2976,0.01488,0.3843955993652344,0
2977,0.014885,0.39970695972442627,0
2978,0.01489,0.38842490315437317,0
2979,0.014895,0.3763369917869568,0
2980,0.0149,0.39970695972442627,0
2981,0.014905,0.38520145416259766,0
2982,0.01491,0.39003661274909973,0
2983,0.014915,0.3795604407787323,0
2984,0.01492,0.3916483521461487,0
2985,0.014925,0.38520145416259766,0
2986,0.01493,0.3956776559352875,0
2987,0.014935,0.38197800517082214,0
2988,0.01494,0.39245420694351196,0
2989,0.014945,0.41098901629447937,0
2990,0.01495,0.3803662955760956,0
2991,0.014955,0.3763369917869568,0
2992,0.01496,0.3827838897705078,0
2993,0.014965,0.39970695972442627,0
2994,0.01497,0.3795604407787323,0
2995,0.014975,0.38520145416259766,0
2996,0.01498,0.38600730895996094,0
2997,0.014985,0.3755311369895935,0
2998,0.01499,0.38923075795173645,0
2999,0.014995,0.37391939759254456,0
3000,0.015,0.37391939759254456,0
3001,0.015005,0.38923075795173645,0
3002,0.01501,0.38600730895996094,0
3003,0.015015,0.38520145416259766,0
3004,0.01502,0.4029304087162018,0
3005,0.015025,0.3956776559352875,0
3006,0.01503,0.3956776559352875,0
3007,0.015035,0.3868131935596466,0
3008,0.01504,0.4021245241165161,0
3009,0.015045,0.37391939759254456,0
3010,0.01505,0.4021245241165161,0
3011,0.015055,0.3795604407787323,0
3012,0.01506,0.39326006174087524,0
3013,0.015065,0.38600730895996094,0
3014,0.01507,0.38197800517082214,0
3015,0.015075,0.37391939759254456,0
3016,0.01508,0.372307687997818,0
3017,0.015085,0.3763369917869568,0
3018,0.01509,0.3876190483570099,0
3019,0.015095,0.3940659165382385,0
3020,0.0151,0.40373626351356506,0
3021,0.015105,0.37391939759254456,0
3022,0.01511,0.38197800517082214,0
3023,0.015115,0.3868131935596466,0
3024,0.01512,0.38197800517082214,0
3025,0.015125,0.3868131935596466,0
3026,0.01513,0.3908424973487854,0
3027,0.015135,0.38197800517082214,0
3028,0.01514,0.3940659165382385,0
3029,0.015145,0.3956776559352875,0
3030,0.01515,0.3980952203273773,0
3031,0.015155,0.3980952203273773,0
3032,0.01516,0.3795604407787323,0
3033,0.015165,0.378754585981369,0
3034,0.01517,0.41179487109184265,0
3035,0.015175,0.40373626351356506,0
3036,0.01518,0.3916483521461487,0
3037,0.015185,0.39245420694351196,0
3038,0.01519,0.3795604407787323,0
3039,0.015195,0.4021245241165161,0
3040,0.0152,0.37391939759254456,0
3041,0.015205,0.41098901629447937,0
3042,0.01521,0.3827838897705078,0
3043,0.015215,0.3980952203273773,0
3044,0.01522,0.40131866931915283,0
3045,0.015225,0.3908424973487854,0
3046,0.01523,0.3980952203273773,0
3047,0.015235,0.3763369917869568,0
3048,0.01524,0.39728936553001404,0
3049,0.015245,0.3827838897705078,0
3050,0.01525,0.3795604407787323,0
3051,0.015255,0.37069597840309143,0
3052,0.01526,0.3650549352169037,0
3053,0.015265,0.3940659165382385,0
3054,0.01527,0.3763369917869568,0
3055,0.015275,0.3763369917869568,0
3056,0.01528,0.3956776559352875,0
3057,0.015285,0.3843955993652344,0
3058,0.01529,0.38600730895996094,0
3059,0.015295,0.38842490315437317,0
3060,0.0153,0.3682783842086792,0
3061,0.015305,0.38117215037345886,0
3062,0.01531,0.3843955993652344,0
3063,0.015315,0.37391939759254456,0
3064,0.01532,0.38923075795173645,0
3065,0.015325,0.37794870138168335,0
3066,0.01533,0.38600730895996094,0
3067,0.015335,0.3763369917869568,0
3068,0.01534,0.3876190483570099,0
3069,0.015345,0.3980952203273773,0
3070,0.01535,0.37794870138168335,0
3071,0.015355,0.3795604407787323,0
3072,0.01536,0.39728936553001404,0
3073,0.015365,0.3763369917869568,0
3074,0.01537,0.40051281452178955,0
3075,0.015375,0.37391939759254456,0
3076,0.01538,0.3948718011379242,0
3077,0.015385,0.3980952203273773,0
3078,0.01539,0.3948718011379242,0
3079,0.015395,0.3940659165382385,0
3080,0.0154,0.38600730895996094,0
3081,0.015405,0.39245420694351196,0
3082,0.01541,0.398901104927063,0
3083,0.015415,0.3916483521461487,0
3084,0.01542,0.38600730895996094,0
3085,0.015425,0.3827838897705078,0
3086,0.01543,0.37391939759254456,0
3087,0.015435,0.37391939759254456,0
3088,0.01544,0.37794870138168335,0
3089,0.015445,0.40131866931915283,0
3090,0.01545,0.39970695972442627,0
3091,0.015455,0.39728936553001404,0
3092,0.01546,0.3715018332004547,0
3093,0.015465,0.4101831316947937,0
3094,0.01547,0.39003661274909973,0
3095,0.015475,0.39245420694351196,0
3096,0.01548,0.3916483521461487,0
3097,0.015485,0.39003661274909973,0
3098,0.01549,0.372307687997818,0
3099,0.015495,0.3876190483570099,0
3100,0.0155,0.39970695972442627,0
3101,0.015505,0.38600730895996094,0
3102,0.01551,0.3916483521461487,0
3103,0.015515,0.398901104927063,0
3104,0.01552,0.398901104927063,0
3105,0.015525,0.3980952203273773,0
3106,0.01553,0.3755311369895935,0
3107,0.015535,0.3843955993652344,0
3108,0.01554,0.3948718011379242,0
3109,0.015545,0.3956776559352875,0
3110,0.01555,0.38197800517082214,0
3111,0.015555,0.38520145416259766,0
3112,0.01556,0.38520145416259766,0
3113,0.015565,0.37714284658432007,0
3114,0.01557,0.3956776559352875,0
3115,0.015575,0.3940659165382385,0
3116,0.01558,0.37391939759254456,0
3117,0.015585,0.38197800517082214,0
3118,0.01559,0.3940659165382385,0
3119,0.015595,0.3827838897705078,0
3120,0.0156,0.372307687997818,0
3121,0.015605,0.3868131935596466,0
3122,0.01561,0.39970695972442627,0
3123,0.015615,0.3795604407787323,0
3124,0.01562,0.39245420694351196,0
3125,0.015625,0.37391939759254456,0
3126,0.01563,0.372307687997818,0
3127,0.015635,0.39970695972442627,0
3128,0.01564,0.39970695972442627,0
3129,0.015645,0.39970695972442627,0
3130,0.01565,0.37391939759254456,0
3131,0.015655,0.3843955993652344,0
3132,0.01566,0.37714284658432007,0
3133,0.015665,0.38923075795173645,0
3134,0.01567,0.3956776559352875,0
3135,0.015675,0.3908424973487854,0
3136,0.01568,0.3868131935596466,0
3137,0.015685,0.3868131935596466,0
3138,0.01569,0.3956776559352875,0
3139,0.015695,0.3843955993652344,0
3140,0.0157,0.38117215037345886,0
3141,0.015705,0.3956776559352875,0
3142,0.01571,0.3763369917869568,0
3143,0.015715,0.4053479731082916,0
3144,0.01572,0.37794870138168335,0
3145,0.015725,0.39970695972442627,0
3146,0.01573,0.41985347867012024,0
3147,0.015735,0.3763369917869568,0
3148,0.01574,0.38842490315437317,0
3149,0.015745,0.3876190483570099,0
3150,0.01575,0.378754585981369,0
3151,0.015755,0.3876190483570099,0
3152,0.01576,0.3755311369895935,0
3153,0.015765,0.38842490315437317,0
3154,0.01577,0.38197800517082214,0
3155,0.015775,0.38117215037345886,0
3156,0.01578,0.372307687997818,0
3157,0.015785,0.3940659165382385,0
3158,0.01579,0.3908424973487854,0
3159,0.015795,0.38600730895996094,0
3160,0.0158,0.41098901629447937,0
3161,0.015805,0.37391939759254456,0
3162,0.01581,0.41098901629447937,0
3163,0.015815,0.40051281452178955,0
3164,0.01582,0.37794870138168335,0
3165,0.015825,0.3827838897705078,0
3166,0.01583,0.3956776559352875,0
3167,0.015835,0.3868131935596466,0
3168,0.01584,0.39326006174087524,0
3169,0.015845,0.3634432256221771,0
3170,0.01585,0.3690842390060425,0
3171,0.015855,0.39648351073265076,1
3172,0.01586,0.45369961857795715,1
3173,0.015865,0.4335530996322632,1
3174,0.01587,0.41179487109184265,1
3175,0.015875,0.4101831316947937,1
3176,0.01588,0.21516482532024384,0
3177,0.015885,0.3916483521461487,0
3178,0.01589,0.3827838897705078,0
3179,0.015895,0.39326006174087524,0
3180,0.0159,0.3940659165382385,0
3181,0.015905,0.38117215037345886,0
3182,0.01591,0.37714284658432007,0
3183,0.015915,0.38197800517082214,0
3184,0.01592,0.3715018332004547,0
3185,0.015925,0.3682783842086792,0
3186,0.01593,0.37794870138168335,0
3187,0.015935,0.37391939759254456,0
3188,0.01594,0.3956776559352875,0
3189,0.015945,0.3715018332004547,0
3190,0.01595,0.38197800517082214,0
3191,0.015955,0.39970695972442627,0
3192,0.01596,0.3948718011379242,0
3193,0.015965,0.38923075795173645,0
3194,0.01597,0.3827838897705078,0
3195,0.015975,0.3715018332004547,0
3196,0.01598,0.3827838897705078,0
3197,0.015985,0.38842490315437317,0
3198,0.01599,0.38520145416259766,0
3199,0.015995,0.39970695972442627,0
3200,0.016,0.4053479731082916,0
3201,0.016005,0.3876190483570099,0
3202,0.01601,0.40776556730270386,0
3203,0.016015,0.3843955993652344,0
3204,0.01602,0.378754585981369,0
3205,0.016025,0.3747252821922302,0
3206,0.01603,0.3795604407787323,0
3207,0.016035,0.3868131935596466,0
3208,0.01604,0.3843955993652344,0
3209,0.016045,0.3868131935596466,0
3210,0.01605,0.38520145416259766,0
3211,0.016055,0.38117215037345886,0
3212,0.01606,0.36989009380340576,0
3213,0.016065,0.39648351073265076,0
3214,0.01607,0.4101831316947937,0
3215,0.016075,0.3868131935596466,0
3216,0.01608,0.3747252821922302,0
3217,0.016085,0.4029304087162018,0
3218,0.01609,0.3956776559352875,0
3219,0.016095,0.3868131935596466,0
3220,0.0161,0.38600730895996094,0
3221,0.016105,0.38197800517082214,0
3222,0.01611,0.40373626351356506,0
3223,0.016115,0.3747252821922302,0
3224,0.01612,0.398901104927063,0
3225,0.016125,0.3940659165382385,0
3226,0.01613,0.38842490315437317,0
3227,0.016135,0.37391939759254456,0
3228,0.01614,0.3763369917869568,0
3229,0.016145,0.3795604407787323,0
3230,0.01615,0.3763369917869568,0
3231,0.016155,0.40373626351356506,0
3232,0.01616,0.3795604407787323,0
3233,0.016165,0.3876190483570099,0
3234,0.01617,0.3610256314277649,0
3235,0.016175,0.3827838897705078,0
3236,0.01618,0.3843955993652344,0
3237,0.016185,0.3916483521461487,0
3238,0.01619,0.3835897445678711,0
3239,0.016195,0.3843955993652344,0
3240,0.0162,0.3916483521461487,0
3241,0.016205,0.3763369917869568,0
3242,0.01621,0.39003661274909973,0
3243,0.016215,0.37391939759254456,0
3244,0.01622,0.3916483521461487,0
3245,0.016225,0.38923075795173645,0
3246,0.01623,0.3827838897705078,0
3247,0.016235,0.4021245241165161,0
3248,0.01624,0.37794870138168335,0
3249,0.016245,0.39648351073265076,0
3250,0.01625,0.38842490315437317,0
3251,0.016255,0.38520145416259766,0
3252,0.01626,0.40131866931915283,0
3253,0.016265,0.39970695972442627,0
3254,0.01627,0.38117215037345886,0
3255,0.016275,0.3827838897705078,0
3256,0.01628,0.3795604407787323,0
3257,0.016285,0.37391939759254456,0
3258,0.01629,0.3908424973487854,0
3259,0.016295,0.3763369917869568,0
3260,0.0163,0.39970695972442627,0
3261,0.016305,0.38117215037345886,0
3262,0.01631,0.3747252821922302,0
3263,0.016315,0.3948718011379242,0
3264,0.01632,0.3876190483570099,0
3265,0.016325,0.3843955993652344,0
3266,0.01633,0.40454211831092834,0
3267,0.016335,0.3916483521461487,0
3268,0.01634,0.39728936553001404,0
3269,0.016345,0.3916483521461487,0
3270,0.01635,0.38923075795173645,0
3271,0.016355,0.3682783842086792,0
3272,0.01636,0.37391939759254456,0
3273,0.016365,0.37069597840309143,0
3274,0.01637,0.39245420694351196,0
3275,0.016375,0.4367765486240387,1
3276,0.01638,0.4101831316947937,1
3277,0.016385,0.41179487109184265,1
3278,0.01639,0.4335530996322632,1
3279,0.016395,0.43113553524017334,1
3280,0.0164,0.3948718011379242,0
3281,0.016405,0.40776556730270386,0
3282,0.01641,0.3747252821922302,0
3283,0.016415,0.3908424973487854,0
3284,0.01642,0.38117215037345886,0
3285,0.016425,0.3876190483570099,0
3286,0.01643,0.3803662955760956,0
3287,0.016435,0.3940659165382385,0
3288,0.01644,0.3795604407787323,0
3289,0.016445,0.3843955993652344,0
3290,0.01645,0.3876190483570099,0
3291,0.016455,0.40051281452178955,0
3292,0.01646,0.38842490315437317,0
3293,0.016465,0.3827838897705078,0
3294,0.01647,0.3948718011379242,0
3295,0.016475,0.38842490315437317,0
3296,0.01648,0.39245420694351196,0
3297,0.016485,0.3948718011379242,0
3298,0.01649,0.3980952203273773,0
3299,0.016495,0.3876190483570099,0
3300,0.0165,0.3908424973487854,0
3301,0.016505,0.3876190483570099,0
3302,0.01651,0.3916483521461487,0
3303,0.016515,0.3956776559352875,0
3304,0.01652,0.39245420694351196,0
3305,0.016525,0.378754585981369,0
3306,0.01653,0.38842490315437317,0
3307,0.016535,0.3916483521461487,0
3308,0.01654,0.3908424973487854,0
3309,0.016545,0.39970695972442627,0
3310,0.01655,0.3908424973487854,0
3311,0.016555,0.3908424973487854,0
3312,0.01656,0.38923075795173645,0
3313,0.016565,0.40051281452178955,0
3314,0.01657,0.3908424973487854,0
3315,0.016575,0.38600730895996094,0
3316,0.01658,0.3835897445678711,0
3317,0.016585,0.40454211831092834,0
3318,0.01659,0.3755311369895935,0
3319,0.016595,0.3916483521461487,0
3320,0.0166,0.3747252821922302,0
3321,0.016605,0.39970695972442627,0
3322,0.01661,0.3980952203273773,0
3323,0.016615,0.40051281452178955,0
3324,0.01662,0.39245420694351196,0
3325,0.016625,0.38600730895996094,0
3326,0.01663,0.37391939759254456,0
3327,0.016635,0.3835897445678711,0
3328,0.01664,0.3868131935596466,0
3329,0.016645,0.3956776559352875,0
3330,0.01665,0.38600730895996094,0
3331,0.016655,0.3980952203273773,0
3332,0.01666,0.3763369917869568,0
3333,0.016665,0.37391939759254456,0
3334,0.01667,0.37391939759254456,0
3335,0.016675,0.39003661274909973,0
3336,0.01668,0.40131866931915283,0
3337,0.016685,0.3795604407787323,0
3338,0.01669,0.3674725294113159,0
3339,0.016695,0.3843955993652344,0
3340,0.0167,0.39003661274909973,0
3341,0.016705,0.3908424973487854,0
3342,0.01671,0.3868131935596466,0
3343,0.016715,0.3916483521461487,0
3344,0.01672,0.40454211831092834,0
3345,0.016725,0.38117215037345886,0
3346,0.01673,0.38520145416259766,0
3347,0.016735,0.38197800517082214,0
3348,0.01674,0.38923075795173645,0
3349,0.016745,0.3827838897705078,0
3350,0.01675,0.3747252821922302,0
3351,0.016755,0.36989009380340576,0
3352,0.01676,0.38600730895996094,0
3353,0.016765,0.3868131935596466,0
3354,0.01677,0.398901104927063,0
3355,0.016775,0.3876190483570099,0
3356,0.01678,0.3747252821922302,0
3357,0.016785,0.39970695972442627,0
3358,0.01679,0.3940659165382385,0
3359,0.016795,0.3948718011379242,0
3360,0.0168,0.3948718011379242,0
3361,0.016805,0.38117215037345886,0
3362,0.01681,0.39970695972442627,0
3363,0.016815,0.378754585981369,0
3364,0.01682,0.3956776559352875,0
3365,0.016825,0.38923075795173645,0
3366,0.01683,0.38923075795173645,0
3367,0.016835,0.398901104927063,0
3368,0.01684,0.38117215037345886,0
3369,0.016845,0.398901104927063,0
3370,0.01685,0.37391939759254456,0
3371,0.016855,0.3843955993652344,0
3372,0.01686,0.39245420694351196,0
3373,0.016865,0.3747252821922302,0
3374,0.01687,0.39970695972442627,0
3375,0.016875,0.39648351073265076,0
3376,0.01688,0.3956776559352875,0
3377,0.016885,0.3795604407787323,0
3378,0.01689,0.4029304087162018,0
3379,0.016895,0.41179487109184265,0
3380,0.0169,0.3835897445678711,0
3381,0.016905,0.3795604407787323,0
3382,0.01691,0.3843955993652344,0
3383,0.016915,0.3747252821922302,0
3384,0.01692,0.398901104927063,0
3385,0.016925,0.3956776559352875,0
3386,0.01693,0.3956776559352875,0
3387,0.016935,0.39326006174087524,0
3388,0.01694,0.3948718011379242,0
3389,0.016945,0.3690842390060425,0
3390,0.01695,0.3956776559352875,0
3391,0.016955,0.40051281452178955,0
3392,0.01696,0.3795604407787323,0
3393,0.016965,0.378754585981369,0
3394,0.01697,0.37391939759254456,0
3395,0.016975,0.3876190483570099,0
3396,0.01698,0.39970695972442627,0
3397,0.016985,0.39245420694351196,0
3398,0.01699,0.38197800517082214,0
3399,0.016995,0.38842490315437317,0
3400,0.017,0.3876190483570099,0
3401,0.017005,0.39970695972442627,0
3402,0.01701,0.3980952203273773,0
3403,0.017015,0.3747252821922302,0
3404,0.01702,0.398901104927063,0
3405,0.017025,0.3908424973487854,0
3406,0.01703,0.37391939759254456,0
3407,0.017035,0.3948718011379242,0
3408,0.01704,0.3835897445678711,0
3409,0.017045,0.3868131935596466,0
3410,0.01705,0.38117215037345886,0
3411,0.017055,0.40373626351356506,0
3412,0.01706,0.3843955993652344,0
3413,0.017065,0.38520145416259766,0
3414,0.01707,0.39648351073265076,0
3415,0.017075,0.38520145416259766,0
3416,0.01708,0.3948718011379242,0
3417,0.017085,0.378754585981369,0
3418,0.01709,0.3747252821922302,0
3419,0.017095,0.3868131935596466,0
3420,0.0171,0.3956776559352875,0
3421,0.017105,0.38842490315437317,0
3422,0.01711,0.37391939759254456,0
3423,0.017115,0.378754585981369,0
3424,0.01712,0.37714284658432007,0
3425,0.017125,0.3916483521461487,0
3426,0.01713,0.4053479731082916,0
3427,0.017135,0.38520145416259766,0
3428,0.01714,0.37714284658432007,0
3429,0.017145,0.41179487109184265,0
3430,0.01715,0.37714284658432007,0
3431,0.017155,0.3731135427951813,0
3432,0.01716,0.3980952203273773,0
3433,0.017165,0.3940659165382385,0
3434,0.01717,0.38923075795173645,0
3435,0.017175,0.37391939759254456,0
3436,0.01718,0.3876190483570099,0
3437,0.017185,0.38923075795173645,0
3438,0.01719,0.39245420694351196,0
3439,0.017195,0.3747252821922302,0
3440,0.0172,0.378754585981369,0
3441,0.017205,0.3956776559352875,0
3442,0.01721,0.3956776559352875,0
3443,0.017215,0.398901104927063,0
3444,0.01722,0.3908424973487854,0
3445,0.017225,0.3795604407787323,0
3446,0.01723,0.3795604407787323,0
3447,0.017235,0.39970695972442627,0
3448,0.01724,0.3747252821922302,0
3449,0.017245,0.39648351073265076,0
3450,0.01725,0.3835897445678711,0
3451,0.017255,0.3715018332004547,0
3452,0.01726,0.39970695972442627,0
3453,0.017265,0.38117215037345886,0
3454,0.01727,0.3916483521461487,0
3455,0.017275,0.3827838897705078,0
3456,0.01728,0.4254944920539856,0
3457,0.017285,0.3747252821922302,0
3458,0.01729,0.39003661274909973,0
3459,0.017295,0.38600730895996094,0
3460,0.0173,0.3908424973487854,0
3461,0.017305,0.40373626351356506,0
3462,0.01731,0.3876190483570099,0
3463,0.017315,0.39970695972442627,0
3464,0.01732,0.37391939759254456,0
3465,0.017325,0.39245420694351196,0
3466,0.01733,0.38117215037345886,0
3467,0.017335,0.38520145416259766,0
3468,0.01734,0.3868131935596466,0
3469,0.017345,0.39245420694351196,0
3470,0.01735,0.3908424973487854,0
3471,0.017355,0.40857142210006714,0
3472,0.01736,0.3876190483570099,0
3473,0.017365,0.38600730895996094,0
3474,0.01737,0.39728936553001404,0
3475,0.017375,0.38923075795173645,0
3476,0.01738,0.3827838897705078,0
3477,0.017385,0.39970695972442627,0
3478,0.01739,0.37794870138168335,0
3479,0.017395,0.3763369917869568,0
3480,0.0174,0.4029304087162018,0
3481,0.017405,0.3956776559352875,0
3482,0.01741,0.3956776559352875,0
3483,0.017415,0.3908424973487854,0
3484,0.01742,0.39245420694351196,0
3485,0.017425,0.38600730895996094,0
3486,0.01743,0.3827838897705078,0
3487,0.017435,0.3876190483570099,0
3488,0.01744,0.3940659165382385,0
3489,0.017445,0.3916483521461487,0
3490,0.01745,0.38923075795173645,0
3491,0.017455,0.38117215037345886,0
3492,0.01746,0.38923075795173645,0
3493,0.017465,0.38600730895996094,0
3494,0.01747,0.38520145416259766,0
3495,0.017475,0.3868131935596466,0
3496,0.01748,0.39003661274909973,0
3497,0.017485,0.3747252821922302,0
3498,0.01749,0.3868131935596466,0
3499,0.017495,0.3908424973487854,0
3500,0.0175,0.38600730895996094,0
3501,0.017505,0.3956776559352875,0
3502,0.01751,0.39245420694351196,0
3503,0.017515,0.38600730895996094,0
3504,0.01752,0.34813186526298523,0
3505,0.017525,0.3755311369895935,0
3506,0.01753,0.3876190483570099,0
3507,0.017535,0.37391939759254456,0
3508,0.01754,0.398901104927063,0
3509,0.017545,0.3876190483570099,0
3510,0.01755,0.38600730895996094,0
3511,0.017555,0.3908424973487854,0
3512,0.01756,0.3980952203273773,0
3513,0.017565,0.40051281452178955,0
3514,0.01757,0.3956776559352875,0
3515,0.017575,0.41098901629447937,0
3516,0.01758,0.39970695972442627,1
3517,0.017585,0.40857142210006714,1
3518,0.01759,0.4222710430622101,1
3519,0.017595,0.4246886372566223,1
3520,0.0176,0.4101831316947937,1
3521,0.017605,0.378754585981369,0
3522,0.01761,0.39245420694351196,0
3523,0.017615,0.39728936553001404,0
3524,0.01762,0.3868131935596466,0
3525,0.017625,0.39245420694351196,0
3526,0.01763,0.39728936553001404,0
3527,0.017635,0.38197800517082214,0
3528,0.01764,0.40857142210006714,0
3529,0.017645,0.3747252821922302,0
3530,0.01765,0.3835897445678711,0
3531,0.017655,0.36989009380340576,0
3532,0.01766,0.38197800517082214,0
3533,0.017665,0.38842490315437317,0
3534,0.01767,0.3731135427951813,0
3535,0.017675,0.3956776559352875,0
3536,0.01768,0.39970695972442627,0
3537,0.017685,0.398901104927063,0
3538,0.01769,0.39326006174087524,0
3539,0.017695,0.3948718011379242,0
3540,0.0177,0.39245420694351196,0
3541,0.017705,0.38923075795173645,0
3542,0.01771,0.378754585981369,0
3543,0.017715,0.3948718011379242,0
3544,0.01772,0.3682783842086792,0
3545,0.017725,0.3795604407787323,0
3546,0.01773,0.37391939759254456,0
3547,0.017735,0.4029304087162018,0
3548,0.01774,0.37391939759254456,0
3549,0.017745,0.39245420694351196,0
3550,0.01775,0.38600730895996094,0
3551,0.017755,0.38117215037345886,0
3552,0.01776,0.39970695972442627,0
3553,0.017765,0.40051281452178955,0
3554,0.01777,0.39245420694351196,0
3555,0.017775,0.3876190483570099,0
3556,0.01778,0.39728936553001404,0
3557,0.017785,0.39970695972442627,0
3558,0.01779,0.38923075795173645,0
3559,0.017795,0.40454211831092834,0
3560,0.0178,0.3980952203273773,0
3561,0.017805,0.3755311369895935,0
3562,0.01781,0.40051281452178955,0
3563,0.017815,0.39648351073265076,0
3564,0.01782,0.398901104927063,0
3565,0.017825,0.36989009380340576,0
3566,0.01783,0.3682783842086792,0
3567,0.017835,0.3835897445678711,0
3568,0.01784,0.39970695972442627,0
3569,0.017845,0.37714284658432007,0
3570,0.01785,0.3835897445678711,0
3571,0.017855,0.3948718011379242,0
3572,0.01786,0.39970695972442627,0
3573,0.017865,0.3908424973487854,0
3574,0.01787,0.3940659165382385,0
3575,0.017875,0.3868131935596466,0
3576,0.01788,0.38197800517082214,0
3577,0.017885,0.3956776559352875,0
3578,0.01789,0.3763369917869568,0
3579,0.017895,0.3835897445678711,0
3580,0.0179,0.3795604407787323,0
3581,0.017905,0.37391939759254456,0
3582,0.01791,0.3916483521461487,0
3583,0.017915,0.3763369917869568,0
3584,0.01792,0.3795604407787323,0
3585,0.017925,0.3755311369895935,0
3586,0.01793,0.39970695972442627,0
3587,0.017935,0.39970695972442627,0
3588,0.01794,0.3634432256221771,0
3589,0.017945,0.38842490315437317,0
3590,0.01795,0.378754585981369,0
3591,0.017955,0.38842490315437317,0
3592,0.01796,0.39970695972442627,0
3593,0.017965,0.40373626351356506,0
3594,0.01797,0.3940659165382385,0
3595,0.017975,0.38600730895996094,0
3596,0.01798,0.3916483521461487,0
3597,0.017985,0.37391939759254456,0
3598,0.01799,0.3835897445678711,0
3599,0.017995,0.3731135427951813,0
3600,0.018,0.3795604407787323,0
3601,0.018005,0.38923075795173645,0
3602,0.01801,0.38600730895996094,0
3603,0.018015,0.39970695972442627,0
3604,0.01802,0.37794870138168335,0
3605,0.018025,0.3747252821922302,0
3606,0.01803,0.41179487109184265,0
3607,0.018035,0.40051281452178955,0
3608,0.01804,0.4061538279056549,0
3609,0.018045,0.398901104927063,0
3610,0.01805,0.3868131935596466,0
3611,0.018055,0.39003661274909973,0
3612,0.01806,0.37794870138168335,0
3613,0.018065,0.39728936553001404,0
3614,0.01807,0.40776556730270386,0
3615,0.018075,0.378754585981369,0
3616,0.01808,0.39970695972442627,0
3617,0.018085,0.3916483521461487,0
3618,0.01809,0.3956776559352875,0
3619,0.018095,0.37391939759254456,0
3620,0.0181,0.39970695972442627,0
3621,0.018105,0.3795604407787323,0
3622,0.01811,0.3827838897705078,0
3623,0.018115,0.38600730895996094,0
3624,0.01812,0.3916483521461487,0
3625,0.018125,0.39245420694351196,0
3626,0.01813,0.40454211831092834,0
3627,0.018135,0.36263737082481384,0
3628,0.01814,0.3940659165382385,0
3629,0.018145,0.3835897445678711,0
3630,0.01815,0.40051281452178955,0
3631,0.018155,0.40051281452178955,0
3632,0.01816,0.3529670238494873,0
3633,0.018165,0.41179487109184265,0
3634,0.01817,0.39728936553001404,0
3635,0.018175,0.38923075795173645,0
3636,0.01818,0.378754585981369,0
3637,0.018185,0.38520145416259766,0
3638,0.01819,0.3868131935596466,0
3639,0.018195,0.39003661274909973,0
3640,0.0182,0.40051281452178955,0
3641,0.018205,0.3835897445678711,0
3642,0.01821,0.39728936553001404,0
3643,0.018215,0.37714284658432007,0
3644,0.01822,0.378754585981369,0
3645,0.018225,0.39728936553001404,0
3646,0.01823,0.38600730895996094,0
3647,0.018235,0.4021245241165161,0
3648,0.01824,0.39970695972442627,0
3649,0.018245,0.3876190483570099,0
3650,0.01825,0.39970695972442627,0
3651,0.018255,0.39970695972442627,0
3652,0.01826,0.39970695972442627,0
3653,0.018265,0.3763369917869568,0
3654,0.01827,0.3755311369895935,0
3655,0.018275,0.3916483521461487,0
3656,0.01828,0.39648351073265076,0
3657,0.018285,0.35538461804389954,0
3658,0.01829,0.398901104927063,0
3659,0.018295,0.3916483521461487,0
3660,0.0183,0.38600730895996094,0
3661,0.018305,0.38600730895996094,0
3662,0.01831,0.4053479731082916,0
3663,0.018315,0.37794870138168335,0
3664,0.01832,0.37794870138168335,0
3665,0.018325,0.378754585981369,0
3666,0.01833,0.3956776559352875,0
3667,0.018335,0.38923075795173645,0
3668,0.01834,0.39970695972442627,0
3669,0.018345,0.39970695972442627,0
3670,0.01835,0.3868131935596466,0
3671,0.018355,0.39728936553001404,0
3672,0.01836,0.3795604407787323,0
3673,0.018365,0.378754585981369,0
3674,0.01837,0.3634432256221771,0
3675,0.018375,0.37391939759254456,0
3676,0.01838,0.3948718011379242,0
3677,0.018385,0.3755311369895935,0
3678,0.01839,0.3682783842086792,0
3679,0.018395,0.3876190483570099,0
3680,0.0184,0.39970695972442627,0
3681,0.018405,0.3908424973487854,0
3682,0.01841,0.38520145416259766,0
3683,0.018415,0.3908424973487854,0
3684,0.01842,0.3876190483570099,0
3685,0.018425,0.40131866931915283,0
3686,0.01843,0.38600730895996094,0
3687,0.018435,0.3908424973487854,0
3688,0.01844,0.38600730895996094,0
3689,0.018445,0.38600730895996094,0
3690,0.01845,0.3763369917869568,0
3691,0.018455,0.40857142210006714,0
3692,0.01846,0.3795604407787323,0
3693,0.018465,0.3868131935596466,0
3694,0.01847,0.38520145416259766,0
3695,0.018475,0.38600730895996094,0
3696,0.01848,0.3956776559352875,0
3697,0.018485,0.39003661274909973,0
3698,0.01849,0.38197800517082214,0
3699,0.018495,0.38520145416259766,0
3700,0.0185,0.39970695972442627,0
3701,0.018505,0.4029304087162018,0
3702,0.01851,0.3916483521461487,0
3703,0.018515,0.3908424973487854,0
3704,0.01852,0.39728936553001404,0
3705,0.018525,0.3843955993652344,0
3706,0.01853,0.3908424973487854,0
3707,0.018535,0.38520145416259766,0
3708,0.01854,0.38117215037345886,0
3709,0.018545,0.3908424973487854,0
3710,0.01855,0.3916483521461487,0
3711,0.018555,0.398901104927063,0
3712,0.01856,0.38842490315437317,0
3713,0.018565,0.40051281452178955,0
3714,0.01857,0.38600730895996094,0
3715,0.018575,0.3755311369895935,0
3716,0.01858,0.39003661274909973,0
3717,0.018585,0.3876190483570099,0
3718,0.01859,0.3980952203273773,0
3719,0.018595,0.3731135427951813,0
3720,0.0186,0.3827838897705078,0
3721,0.018605,0.38600730895996094,0
3722,0.01861,0.3940659165382385,0
3723,0.018615,0.38117215037345886,0
3724,0.01862,0.398901104927063,0
3725,0.018625,0.3843955993652344,0
3726,0.01863,0.40373626351356506,0
3727,0.018635,0.39648351073265076,0
3728,0.01864,0.372307687997818,0
3729,0.018645,0.36989009380340576,0
3730,0.01865,0.39245420694351196,0
3731,0.018655,0.39970695972442627,0
3732,0.01866,0.3948718011379242,0
3733,0.018665,0.39245420694351196,0
3734,0.01867,0.39728936553001404,0
3735,0.018675,0.3795604407787323,0
3736,0.01868,0.38923075795173645,0
3737,0.018685,0.3876190483570099,0
3738,0.01869,0.39648351073265076,0
3739,0.018695,0.3843955993652344,0
3740,0.0187,0.38117215037345886,0
3741,0.018705,0.40051281452178955,0
3742,0.01871,0.38197800517082214,0
3743,0.018715,0.38923075795173645,0
3744,0.01872,0.37391939759254456,0
3745,0.018725,0.38842490315437317,0
3746,0.01873,0.38197800517082214,0
3747,0.018735,0.3843955993652344,0
3748,0.01874,0.41179487109184265,0
3749,0.018745,0.3876190483570099,0
3750,0.01875,0.39326006174087524,0
3751,0.018755,0.3868131935596466,0
3752,0.01876,0.3827838897705078,0
3753,0.018765,0.38923075795173645,0
3754,0.01877,0.37391939759254456,0
3755,0.018775,0.3916483521461487,0
3756,0.01878,0.372307687997818,0
3757,0.018785,0.3650549352169037,0
3758,0.01879,0.41179487109184265,0
3759,0.018795,0.3876190483570099,0
3760,0.0188,0.3980952203273773,0
3761,0.018805,0.3956776559352875,0
3762,0.01881,0.39245420694351196,0
3763,0.018815,0.3747252821922302,0
3764,0.01882,0.36586079001426697,0
3765,0.018825,0.3755311369895935,0
3766,0.01883,0.3827838897705078,0
3767,0.018835,0.37391939759254456,0
3768,0.01884,0.38923075795173645,0
3769,0.018845,0.38600730895996094,0
3770,0.01885,0.39970695972442627,0
3771,0.018855,0.39245420694351196,0
3772,0.01886,0.4053479731082916,0
3773,0.018865,0.3908424973487854,0
3774,0.01887,0.3908424973487854,0
3775,0.018875,0.39003661274909973,0
3776,0.01888,0.372307687997818,0
3777,0.018885,0.38520145416259766,0
3778,0.01889,0.4069597125053406,0
3779,0.018895,0.39970695972442627,0
3780,0.0189,0.40051281452178955,0
3781,0.018905,0.40373626351356506,0
3782,0.01891,0.41098901629447937,0
3783,0.018915,0.3908424973487854,0
3784,0.01892,0.39648351073265076,0
3785,0.018925,0.3868131935596466,0
3786,0.01893,0.39728936553001404,0
3787,0.018935,0.40051281452178955,0
3788,0.01894,0.39648351073265076,0
3789,0.018945,0.38520145416259766,0
3790,0.01895,0.398901104927063,0
3791,0.018955,0.3795604407787323,0
3792,0.01896,0.39970695972442627,0
3793,0.018965,0.38923075795173645,0
3794,0.01897,0.3843955993652344,0
3795,0.018975,0.3827838897705078,0
3796,0.01898,0.38197800517082214,0
3797,0.018985,0.3876190483570099,0
3798,0.01899,0.3795604407787323,0
3799,0.018995,0.38842490315437317,0
3800,0.019,0.39970695972442627,0
3801,0.019005,0.3827838897705078,0
3802,0.01901,0.39245420694351196,0
3803,0.019015,0.3755311369895935,0
3804,0.01902,0.38197800517082214,0
3805,0.019025,0.38117215037345886,0
3806,0.01903,0.3980952203273773,0
3807,0.019035,0.345714271068573,0
3808,0.01904,0.3529670238494873,0
3809,0.019045,0.39326006174087524,0
3810,0.01905,0.39003661274909973,0
3811,0.019055,0.37391939759254456,0
3812,0.01906,0.3843955993652344,0
3813,0.019065,0.3650549352169037,0
3814,0.01907,0.38520145416259766,0
3815,0.019075,0.37391939759254456,0
3816,0.01908,0.3980952203273773,0
3817,0.019085,0.39245420694351196,0
3818,0.01909,0.3682783842086792,0
3819,0.019095,0.3868131935596466,0
3820,0.0191,0.39003661274909973,0
3821,0.019105,0.37391939759254456,0
3822,0.01911,0.38117215037345886,0
3823,0.019115,0.39970695972442627,0
3824,0.01912,0.37794870138168335,0
3825,0.019125,0.40454211831092834,0
3826,0.01913,0.39245420694351196,0
3827,0.019135,0.37794870138168335,0
3828,0.01914,0.39970695972442627,0
3829,0.019145,0.38520145416259766,0
3830,0.01915,0.38923075795173645,0
3831,0.019155,0.39970695972442627,0
3832,0.01916,0.36666667461395264,0
3833,0.019165,0.3827838897705078,0
3834,0.01917,0.37391939759254456,0
3835,0.019175,0.38923075795173645,0
3836,0.01918,0.39970695972442627,0
3837,0.019185,0.3690842390060425,0
3838,0.01919,0.3876190483570099,0
3839,0.019195,0.38520145416259766,0
3840,0.0192,0.3634432256221771,0
3841,0.019205,0.38520145416259766,0
3842,0.01921,0.3908424973487854,0
3843,0.019215,0.37391939759254456,0
3844,0.01922,0.37069597840309143,0
3845,0.019225,0.3908424973487854,0
3846,0.01923,0.3868131935596466,0
3847,0.019235,0.38520145416259766,0
3848,0.01924,0.37391939759254456,0
3849,0.019245,0.35054945945739746,0
3850,0.01925,0.4021245241165161,0
3851,0.019255,0.41179487109184265,0
3852,0.01926,0.37794870138168335,0
3853,0.019265,0.3835897445678711,0
3854,0.01927,0.39970695972442627,0
3855,0.019275,0.35054945945739746,0
3856,0.01928,0.3916483521461487,0
3857,0.019285,0.3731135427951813,0
3858,0.01929,0.38923075795173645,0
3859,0.019295,0.37391939759254456,0
3860,0.0193,0.37391939759254456,0
3861,0.019305,0.3795604407787323,0
3862,0.01931,0.36989009380340576,0
3863,0.019315,0.39245420694351196,0
3864,0.01932,0.3690842390060425,0
3865,0.019325,0.3755311369895935,0
3866,0.01933,0.37391939759254456,0
3867,0.019335,0.3715018332004547,0
3868,0.01934,0.38197800517082214,0
3869,0.019345,0.37794870138168335,0
3870,0.01935,0.38197800517082214,0
3871,0.019355,0.38520145416259766,0
3872,0.01936,0.3827838897705078,0
3873,0.019365,0.4053479731082916,0
3874,0.01937,0.38842490315437317,0
3875,0.019375,0.3876190483570099,0
3876,0.01938,0.3755311369895935,0
3877,0.019385,0.3948718011379242,0
3878,0.01939,0.3843955993652344,0
3879,0.019395,0.378754585981369,0
3880,0.0194,0.38600730895996094,0
3881,0.019405,0.38842490315437317,0
3882,0.01941,0.4263003468513489,1
3883,0.019415,0.41179487109184265,1
3884,0.01942,0.4069597125053406,1
3885,0.019425,0.4021245241165161,1
3886,0.01943,0.4335530996322632,1
3887,0.019435,0.37391939759254456,0
3888,0.01944,0.3843955993652344,0
3889,0.019445,0.37794870138168335,0
3890,0.01945,0.3868131935596466,0
3891,0.019455,0.37794870138168335,0
3892,0.01946,0.3731135427951813,0
3893,0.019465,0.38520145416259766,0
3894,0.01947,0.38197800517082214,0
3895,0.019475,0.36263737082481384,0
3896,0.01948,0.38600730895996094,0
3897,0.019485,0.3602197766304016,0
3898,0.01949,0.39728936553001404,0
3899,0.019495,0.37794870138168335,0
3900,0.0195,0.3980952203273773,0
3901,0.019505,0.378754585981369,0
3902,0.01951,0.3747252821922302,0
3903,0.019515,0.3827838897705078,0
3904,0.01952,0.38197800517082214,0
3905,0.019525,0.38197800517082214,0
3906,0.01953,0.39970695972442627,0
3907,0.019535,0.38600730895996094,0
3908,0.01954,0.3916483521461487,0
3909,0.019545,0.37391939759254456,0
3910,0.01955,0.3569963276386261,0
3911,0.019555,0.372307687997818,0
3912,0.01956,0.3650549352169037,0
3913,0.019565,0.38923075795173645,0
3914,0.01957,0.3876190483570099,0
3915,0.019575,0.37391939759254456,0
3916,0.01958,0.38520145416259766,0
3917,0.019585,0.38117215037345886,0
3918,0.01959,0.3843955993652344,0
3919,0.019595,0.38520145416259766,0
3920,0.0196,0.37391939759254456,0
3921,0.019605,0.3755311369895935,0
3922,0.01961,0.3682783842086792,0
3923,0.019615,0.37794870138168335,0
3924,0.01962,0.3868131935596466,0
3925,0.019625,0.3827838897705078,0
3926,0.01963,0.38520145416259766,0
3927,0.019635,0.3715018332004547,0
3928,0.01964,0.3948718011379242,0
3929,0.019645,0.38520145416259766,0
3930,0.01965,0.39728936553001404,0
3931,0.019655,0.3747252821922302,0
3932,0.01966,0.36989009380340576,0
3933,0.019665,0.3561904728412628,0
3934,0.01967,0.3843955993652344,0
3935,0.019675,0.37391939759254456,0
3936,0.01968,0.3876190483570099,0
3937,0.019685,0.3827838897705078,0
3938,0.01969,0.37391939759254456,0
3939,0.019695,0.37069597840309143,0
3940,0.0197,0.36263737082481384,0
3941,0.019705,0.38923075795173645,0
3942,0.01971,0.3747252821922302,0
3943,0.019715,0.3755311369895935,0
3944,0.01972,0.3948718011379242,0
3945,0.019725,0.38197800517082214,0
3946,0.01973,0.3948718011379242,0
3947,0.019735,0.39003661274909973,0
3948,0.01974,0.3610256314277649,0
3949,0.019745,0.35941392183303833,0
3950,0.01975,0.35860806703567505,0
3951,0.019755,0.398901104927063,0
3952,0.01976,0.39245420694351196,0
3953,0.019765,0.3795604407787323,0
3954,0.01977,0.37391939759254456,0
3955,0.019775,0.378754585981369,0
3956,0.01978,0.36989009380340576,0
3957,0.019785,0.38520145416259766,0
3958,0.01979,0.3948718011379242,0
3959,0.019795,0.39970695972442627,0
3960,0.0198,0.4053479731082916,0
3961,0.019805,0.40131866931915283,0
3962,0.01981,0.3843955993652344,0
3963,0.019815,0.3763369917869568,0
3964,0.01982,0.36666667461395264,0
3965,0.019825,0.3747252821922302,0
3966,0.01983,0.3876190483570099,0
3967,0.019835,0.3755311369895935,0
3968,0.01984,0.37714284658432007,0
3969,0.019845,0.37391939759254456,0
3970,0.01985,0.38923075795173645,0
3971,0.019855,0.39648351073265076,0
3972,0.01986,0.3618314862251282,0
3973,0.019865,0.3908424973487854,0
3974,0.01987,0.3529670238494873,0
3975,0.019875,0.37069597840309143,0
3976,0.01988,0.3876190483570099,0
3977,0.019885,0.36666667461395264,0
3978,0.01989,0.39970695972442627,0
3979,0.019895,0.38520145416259766,0
3980,0.0199,0.3795604407787323,0
3981,0.019905,0.3763369917869568,0
3982,0.01991,0.3682783842086792,0
3983,0.019915,0.36586079001426697,0
3984,0.01992,0.3916483521461487,0
3985,0.019925,0.40131866931915283,0
3986,0.01993,0.3827838897705078,0
3987,0.019935,0.3876190483570099,0
3988,0.01994,0.3908424973487854,0
3989,0.019945,0.38600730895996094,0
3990,0.01995,0.3642490804195404,0
3991,0.019955,0.3827838897705078,0
3992,0.01996,0.3908424973487854,0
3993,0.019965,0.36989009380340576,0
3994,0.01997,0.3747252821922302,0
3995,0.019975,0.3827838897705078,0
3996,0.01998,0.372307687997818,0
3997,0.019985,0.40131866931915283,0
3998,0.01999,0.39003661274909973,0
3999,0.019995,0.37391939759254456,0
4000,0.02,0.378754585981369,0
4001,0.020005,0.398901104927063,0
4002,0.02001,0.3747252821922302,0
4003,0.020015,0.38520145416259766,0
4004,0.02002,0.3795604407787323,0
4005,0.020025,0.39970695972442627,0
4006,0.02003,0.38197800517082214,0
4007,0.020035,0.38197800517082214,0
4008,0.02004,0.38520145416259766,0
4009,0.020045,0.3868131935596466,0
4010,0.02005,0.3763369917869568,0
4011,0.020055,0.37714284658432007,0
4012,0.02006,0.3763369917869568,0
4013,0.020065,0.3755311369895935,0
4014,0.02007,0.3835897445678711,0
4015,0.020075,0.3868131935596466,0
4016,0.02008,0.3843955993652344,0
4017,0.020085,0.3795604407787323,0
4018,0.02009,0.3843955993652344,0
4019,0.020095,0.3731135427951813,0
4020,0.0201,0.3868131935596466,0
4021,0.020105,0.38600730895996094,0
4022,0.02011,0.3674725294113159,0
4023,0.020115,0.3715018332004547,0
4024,0.02012,0.398901104927063,0
4025,0.020125,0.3908424973487854,0
4026,0.02013,0.3795604407787323,0
4027,0.020135,0.38842490315437317,0
4028,0.02014,0.3731135427951813,0
4029,0.020145,0.41098901629447937,0
4030,0.02015,0.3908424973487854,0
4031,0.020155,0.39970695972442627,0
4032,0.02016,0.3795604407787323,0
4033,0.020165,0.3795604407787323,0
4034,0.02017,0.38117215037345886,0
4035,0.020175,0.39970695972442627,0
4036,0.02018,0.3650549352169037,0
4037,0.020185,0.39648351073265076,0
4038,0.02019,0.38197800517082214,0
4039,0.020195,0.3755311369895935,0
4040,0.0202,0.3795604407787323,0
4041,0.020205,0.37069597840309143,0
4042,0.02021,0.36666667461395264,0
4043,0.020215,0.40776556730270386,0
4044,0.02022,0.3956776559352875,0
4045,0.020225,0.3940659165382385,0
4046,0.02023,0.3835897445678711,0
4047,0.020235,0.38923075795173645,0
4048,0.02024,0.3715018332004547,0
4049,0.020245,0.3908424973487854,0
4050,0.02025,0.3827838897705078,0
4051,0.020255,0.3940659165382385,0
4052,0.02026,0.3731135427951813,0
4053,0.020265,0.3908424973487854,0
4054,0.02027,0.3682783842086792,0
4055,0.020275,0.38923075795173645,0
4056,0.02028,0.38197800517082214,0
4057,0.020285,0.39245420694351196,0
4058,0.02029,0.38923075795173645,0
4059,0.020295,0.38842490315437317,0
4060,0.0203,0.3827838897705078,0
4061,0.020305,0.37714284658432007,0
4062,0.02031,0.38842490315437317,0
4063,0.020315,0.36586079001426697,0
4064,0.02032,0.37794870138168335,0
4065,0.020325,0.37391939759254456,0
4066,0.02033,0.3843955993652344,0
4067,0.020335,0.39648351073265076,0
4068,0.02034,0.3690842390060425,0
4069,0.020345,0.37391939759254456,0
4070,0.02035,0.37391939759254456,0
4071,0.020355,0.39326006174087524,0
4072,0.02036,0.3795604407787323,0
4073,0.020365,0.3755311369895935,0
4074,0.02037,0.3682783842086792,0
4075,0.020375,0.40131866931915283,0
4076,0.02038,0.3868131935596466,0
4077,0.020385,0.3835897445678711,0
4078,0.02039,0.3868131935596466,0
4079,0.020395,0.38923075795173645,0
4080,0.0204,0.378754585981369,0
4081,0.020405,0.3948718011379242,0
4082,0.02041,0.39970695972442627,0
4083,0.020415,0.39648351073265076,0
4084,0.02042,0.38923075795173645,0
4085,0.020425,0.40051281452178955,0
4086,0.02043,0.3868131935596466,0
4087,0.020435,0.4069597125053406,0
4088,0.02044,0.3908424973487854,0
4089,0.020445,0.39970695972442627,0
4090,0.02045,0.4101831316947937,0
4091,0.020455,0.38923075795173645,0
4092,0.02046,0.36989009380340576,0
4093,0.020465,0.3948718011379242,0
4094,0.02047,0.38600730895996094,0
4095,0.020475,0.3868131935596466,0
4096,0.02048,0.39970695972442627,0
4097,0.020485,0.3868131935596466,0
4098,0.02049,0.39245420694351196,0
4099,0.020495,0.3948718011379242,0
4100,0.0205,0.3731135427951813,0
4101,0.020505,0.37391939759254456,0
4102,0.02051,0.3956776559352875,0
4103,0.020515,0.3948718011379242,0
4104,0.02052,0.3980952203273773,0
4105,0.020525,0.40131866931915283,0
4106,0.02053,0.39245420694351196,0
4107,0.020535,0.4093772768974304,0
4108,0.02054,0.38842490315437317,0
4109,0.020545,0.3916483521461487,0
4110,0.02055,0.3876190483570099,0
4111,0.020555,0.40373626351356506,0
4112,0.02056,0.378754585981369,0
4113,0.020565,0.37714284658432007,0
4114,0.02057,0.38923075795173645,0
4115,0.020575,0.3610256314277649,0
4116,0.02058,0.4021245241165161,0
4117,0.020585,0.3868131935596466,0
4118,0.02059,0.37391939759254456,0
4119,0.020595,0.3916483521461487,0
4120,0.0206,0.3795604407787323,0
4121,0.020605,0.3827838897705078,0
4122,0.02061,0.39970695972442627,1
4123,0.020615,0.4488644599914551,1
4124,0.02062,0.41098901629447937,1
4125,0.020625,0.44564101099967957,1
4126,0.02063,0.4432234466075897,1
4127,0.020635,0.17970696091651917,0
4128,0.02064,0.40051281452178955,0
4129,0.020645,0.3755311369895935,0
4130,0.02065,0.39970695972442627,0
4131,0.020655,0.3763369917869568,0
4132,0.02066,0.37391939759254456,0
4133,0.020665,0.39245420694351196,0
4134,0.02067,0.37794870138168335,0
4135,0.020675,0.40454211831092834,0
4136,0.02068,0.3956776559352875,0
4137,0.020685,0.3948718011379242,0
4138,0.02069,0.4021245241165161,0
4139,0.020695,0.4093772768974304,0
4140,0.0207,0.38923075795173645,0
4141,0.020705,0.36586079001426697,0
4142,0.02071,0.378754585981369,0
4143,0.020715,0.39728936553001404,0
4144,0.02072,0.38923075795173645,0
4145,0.020725,0.3747252821922302,0
4146,0.02073,0.3843955993652344,0
4147,0.020735,0.38600730895996094,0
4148,0.02074,0.37391939759254456,0
4149,0.020745,0.39970695972442627,0
4150,0.02075,0.3956776559352875,0
4151,0.020755,0.39970695972442627,0
4152,0.02076,0.398901104927063,0
4153,0.020765,0.37391939759254456,0
4154,0.02077,0.3618314862251282,0
4155,0.020775,0.36989009380340576,0
4156,0.02078,0.38520145416259766,0
4157,0.020785,0.38117215037345886,0
4158,0.02079,0.3940659165382385,0
4159,0.020795,0.4021245241165161,0
4160,0.0208,0.37794870138168335,0
4161,0.020805,0.39728936553001404,0
4162,0.02081,0.38600730895996094,0
4163,0.020815,0.3763369917869568,0
4164,0.02082,0.3948718011379242,0
4165,0.020825,0.3980952203273773,0
4166,0.02083,0.3795604407787323,0
4167,0.020835,0.39970695972442627,0
4168,0.02084,0.37794870138168335,0
4169,0.020845,0.3835897445678711,0
4170,0.02085,0.39003661274909973,0
4171,0.020855,0.38520145416259766,0
4172,0.02086,0.3980952203273773,0
4173,0.020865,0.4093772768974304,0
4174,0.02087,0.3868131935596466,0
4175,0.020875,0.38842490315437317,0
4176,0.02088,0.36586079001426697,0
4177,0.020885,0.3876190483570099,0
4178,0.02089,0.39970695972442627,0
4179,0.020895,0.39728936553001404,0
4180,0.0209,0.3956776559352875,0
4181,0.020905,0.3755311369895935,0
4182,0.02091,0.4246886372566223,0
4183,0.020915,0.39003661274909973,0
4184,0.02092,0.3980952203273773,0
4185,0.020925,0.38600730895996094,0
4186,0.02093,0.37391939759254456,0
4187,0.020935,0.3835897445678711,0
4188,0.02094,0.38117215037345886,0
4189,0.020945,0.37794870138168335,0
4190,0.02095,0.37714284658432007,0
4191,0.020955,0.37391939759254456,0
4192,0.02096,0.39245420694351196,0
4193,0.020965,0.38600730895996094,0
4194,0.02097,0.3843955993652344,0
4195,0.020975,0.3868131935596466,0
4196,0.02098,0.3843955993652344,0
4197,0.020985,0.378754585981369,0
4198,0.02099,0.37714284658432007,0
4199,0.020995,0.37391939759254456,0
4200,0.021,0.3731135427951813,0
4201,0.021005,0.3835897445678711,0
4202,0.02101,0.39970695972442627,0
4203,0.021015,0.39245420694351196,0
4204,0.02102,0.38923075795173645,0
4205,0.021025,0.38520145416259766,0
4206,0.02103,0.3731135427951813,0
4207,0.021035,0.36586079001426697,0
4208,0.02104,0.38842490315437317,0
4209,0.021045,0.3682783842086792,0
4210,0.02105,0.38520145416259766,0
4211,0.021055,0.3948718011379242,0
4212,0.02106,0.3956776559352875,0
4213,0.021065,0.3755311369895935,0
4214,0.02107,0.3827838897705078,0
4215,0.021075,0.38520145416259766,0
4216,0.02108,0.3980952203273773,0
4217,0.021085,0.37794870138168335,0
4218,0.02109,0.3940659165382385,0
4219,0.021095,0.38842490315437317,0
4220,0.0211,0.3868131935596466,0
4221,0.021105,0.3908424973487854,0
4222,0.02111,0.3843955993652344,0
4223,0.021115,0.38520145416259766,0
4224,0.02112,0.37391939759254456,0
4225,0.021125,0.3795604407787323,0
4226,0.02113,0.3916483521461487,0
4227,0.021135,0.38520145416259766,0
4228,0.02114,0.36666667461395264,0
4229,0.021145,0.38197800517082214,0
4230,0.02115,0.38600730895996094,0
4231,0.021155,0.3876190483570099,0
4232,0.02116,0.3876190483570099,0
4233,0.021165,0.3763369917869568,0
4234,0.02117,0.3827838897705078,0
4235,0.021175,0.38600730895996094,0
4236,0.02118,0.3843955993652344,0
4237,0.021185,0.3948718011379242,0
4238,0.02119,0.3827838897705078,0
4239,0.021195,0.37794870138168335,0
4240,0.0212,0.398901104927063,0
4241,0.021205,0.38117215037345886,0
4242,0.02121,0.3827838897705078,0
4243,0.021215,0.3980952203273773,0
4244,0.02122,0.3763369917869568,0
4245,0.021225,0.39326006174087524,0
4246,0.02123,0.3650549352169037,0
4247,0.021235,0.39245420694351196,0
4248,0.02124,0.3763369917869568,0
4249,0.021245,0.37391939759254456,0
4250,0.02125,0.3876190483570099,0
4251,0.021255,0.40454211831092834,0
4252,0.02126,0.38197800517082214,0
4253,0.021265,0.3763369917869568,0
4254,0.02127,0.40776556730270386,0
4255,0.021275,0.38600730895996094,0
4256,0.02128,0.378754585981369,0
4257,0.021285,0.36666667461395264,0
4258,0.02129,0.3755311369895935,0
4259,0.021295,0.4069597125053406,0
4260,0.0213,0.3795604407787323,0
4261,0.021305,0.3715018332004547,0
4262,0.02131,0.3755311369895935,0
4263,0.021315,0.37391939759254456,0
4264,0.02132,0.38520145416259766,0
4265,0.021325,0.378754585981369,0
4266,0.02133,0.38117215037345886,0
4267,0.021335,0.38197800517082214,0
4268,0.02134,0.40051281452178955,0
4269,0.021345,0.37391939759254456,0
4270,0.02135,0.3868131935596466,0
4271,0.021355,0.39003661274909973,0
4272,0.02136,0.3876190483570099,0
4273,0.021365,0.39648351073265076,0
4274,0.02137,0.4359706938266754,1
4275,0.021375,0.4214651882648468,1
4276,0.02138,0.44564101099967957,1
4277,0.021385,0.4327472448348999,1
4278,0.02139,0.437582403421402,1
4279,0.021395,0.3980952203273773,0
4280,0.0214,0.3763369917869568,0
4281,0.021405,0.40051281452178955,0
4282,0.02141,0.38600730895996094,0
4283,0.021415,0.38520145416259766,0
4284,0.02142,0.42388278245925903,0
4285,0.021425,0.3876190483570099,0
4286,0.02143,0.3843955993652344,0
4287,0.021435,0.4029304087162018,0
4288,0.02144,0.38842490315437317,0
4289,0.021445,0.398901104927063,0
4290,0.02145,0.38923075795173645,0
4291,0.021455,0.39970695972442627,0
4292,0.02146,0.3755311369895935,0
4293,0.021465,0.40857142210006714,0
4294,0.02147,0.3868131935596466,0
4295,0.021475,0.4053479731082916,0
4296,0.02148,0.3795604407787323,0
4297,0.021485,0.37069597840309143,0
4298,0.02149,0.39970695972442627,0
4299,0.021495,0.3868131935596466,0
4300,0.0215,0.40454211831092834,0
4301,0.021505,0.3980952203273773,0
4302,0.02151,0.4069597125053406,0
4303,0.021515,0.39970695972442627,0
4304,0.02152,0.398901104927063,0
4305,0.021525,0.3795604407787323,0
4306,0.02153,0.3916483521461487,0
4307,0.021535,0.3868131935596466,0
4308,0.02154,0.38197800517082214,0
4309,0.021545,0.3843955993652344,0
4310,0.02155,0.38117215037345886,0
4311,0.021555,0.3980952203273773,0
4312,0.02156,0.3827838897705078,0
4313,0.021565,0.37391939759254456,0
4314,0.02157,0.37794870138168335,0
4315,0.021575,0.3916483521461487,0
4316,0.02158,0.36586079001426697,0
4317,0.021585,0.41179487109184265,0
4318,0.02159,0.38117215037345886,0
4319,0.021595,0.3908424973487854,0
4320,0.0216,0.3868131935596466,0
4321,0.021605,0.3908424973487854,0
4322,0.02161,0.37794870138168335,0
4323,0.021615,0.3827838897705078,0
4324,0.02162,0.3843955993652344,0
4325,0.021625,0.3827838897705078,0
4326,0.02163,0.372307687997818,0
4327,0.021635,0.39245420694351196,0
4328,0.02164,0.37391939759254456,0
4329,0.021645,0.3876190483570099,0
4330,0.02165,0.3827838897705078,0
4331,0.021655,0.40776556730270386,0
4332,0.02166,0.40454211831092834,0
4333,0.021665,0.3916483521461487,0
4334,0.02167,0.39003661274909973,0
4335,0.021675,0.378754585981369,0
4336,0.02168,0.3948718011379242,0
4337,0.021685,0.3747252821922302,0
4338,0.02169,0.3948718011379242,0
4339,0.021695,0.38923075795173645,0
4340,0.0217,0.378754585981369,0
4341,0.021705,0.3843955993652344,0
4342,0.02171,0.40051281452178955,0
4343,0.021715,0.39970695972442627,0
4344,0.02172,0.38600730895996094,0
4345,0.021725,0.3795604407787323,0
4346,0.02173,0.38923075795173645,0
4347,0.021735,0.38842490315437317,0
4348,0.02174,0.37714284658432007,0
4349,0.021745,0.378754585981369,0
4350,0.02175,0.3747252821922302,0
4351,0.021755,0.37391939759254456,0
4352,0.02176,0.3843955993652344,0
4353,0.021765,0.378754585981369,0
4354,0.02177,0.38600730895996094,0
4355,0.021775,0.39970695972442627,0
4356,0.02178,0.38520145416259766,0
4357,0.021785,0.4029304087162018,0
4358,0.02179,0.3715018332004547,0
4359,0.021795,0.37714284658432007,0
4360,0.0218,0.3755311369895935,0
4361,0.021805,0.3795604407787323,0
4362,0.02181,0.38520145416259766,0
4363,0.021815,0.39728936553001404,0
4364,0.02182,0.4061538279056549,0
4365,0.021825,0.3843955993652344,0
4366,0.02183,0.3980952203273773,0
4367,0.021835,0.3747252821922302,0
4368,0.02184,0.37794870138168335,0
4369,0.021845,0.37391939759254456,0
4370,0.02185,0.3763369917869568,0
4371,0.021855,0.38520145416259766,0
4372,0.02186,0.3908424973487854,0
4373,0.021865,0.3956776559352875,0
4374,0.02187,0.38842490315437317,0
4375,0.021875,0.3795604407787323,0
4376,0.02188,0.378754585981369,0
4377,0.021885,0.3747252821922302,0
4378,0.02189,0.39245420694351196,0
4379,0.021895,0.3956776559352875,0
4380,0.0219,0.3948718011379242,0
4381,0.021905,0.39326006174087524,0
4382,0.02191,0.3835897445678711,0
4383,0.021915,0.3868131935596466,0
4384,0.02192,0.3908424973487854,0
4385,0.021925,0.38600730895996094,0
4386,0.02193,0.39648351073265076,0
4387,0.021935,0.3795604407787323,0
4388,0.02194,0.38520145416259766,0
4389,0.021945,0.38923075795173645,0
4390,0.02195,0.39003661274909973,0
4391,0.021955,0.3529670238494873,0
4392,0.02196,0.38842490315437317,0
4393,0.021965,0.3843955993652344,0
4394,0.02197,0.38117215037345886,0
4395,0.021975,0.37391939759254456,0
4396,0.02198,0.3642490804195404,0
4397,0.021985,0.3747252821922302,0
4398,0.02199,0.3908424973487854,0
4399,0.021995,0.3755311369895935,0
4400,0.022,0.38117215037345886,0
4401,0.022005,0.4021245241165161,0
4402,0.02201,0.38923075795173645,0
4403,0.022015,0.3795604407787323,0
4404,0.02202,0.39728936553001404,0
4405,0.022025,0.38923075795173645,0
4406,0.02203,0.37391939759254456,0
4407,0.022035,0.39245420694351196,0
4408,0.02204,0.3827838897705078,0
4409,0.022045,0.38923075795173645,0
4410,0.02205,0.3908424973487854,0
4411,0.022055,0.3908424973487854,0
4412,0.02206,0.378754585981369,0
4413,0.022065,0.3795604407787323,0
4414,0.02207,0.37391939759254456,0
4415,0.022075,0.3956776559352875,0
4416,0.02208,0.38923075795173645,0
4417,0.022085,0.38842490315437317,0
4418,0.02209,0.39970695972442627,0
4419,0.022095,0.3843955993652344,0
4420,0.0221,0.378754585981369,0
4421,0.022105,0.3795604407787323,0
4422,0.02211,0.38520145416259766,0
4423,0.022115,0.37391939759254456,0
4424,0.02212,0.3940659165382385,0
4425,0.022125,0.39245420694351196,0
4426,0.02213,0.38600730895996094,0
4427,0.022135,0.39970695972442627,0
4428,0.02214,0.372307687997818,0
4429,0.022145,0.37794870138168335,0
4430,0.02215,0.38842490315437317,0
4431,0.022155,0.3868131935596466,0
4432,0.02216,0.39970695972442627,0
4433,0.022165,0.4021245241165161,0
4434,0.02217,0.3868131935596466,0
4435,0.022175,0.3940659165382385,0
4436,0.02218,0.38520145416259766,0
4437,0.022185,0.3980952203273773,0
4438,0.02219,0.3827838897705078,0
4439,0.022195,0.3940659165382385,0
4440,0.0222,0.38600730895996094,0
4441,0.022205,0.3956776559352875,0
4442,0.02221,0.3763369917869568,0
4443,0.022215,0.39970695972442627,0
4444,0.02222,0.3980952203273773,0
4445,0.022225,0.3916483521461487,0
4446,0.02223,0.38197800517082214,0
4447,0.022235,0.3827838897705078,0
4448,0.02224,0.38520145416259766,0
4449,0.022245,0.3940659165382385,0
4450,0.02225,0.37391939759254456,0
4451,0.022255,0.37794870138168335,0
4452,0.02226,0.38600730895996094,0
4453,0.022265,0.39003661274909973,0
4454,0.02227,0.398901104927063,0
4455,0.022275,0.39648351073265076,0
4456,0.02228,0.38842490315437317,0
4457,0.022285,0.3731135427951813,0
4458,0.02229,0.3868131935596466,0
4459,0.022295,0.38842490315437317,0
4460,0.0223,0.39728936553001404,0
4461,0.022305,0.38842490315437317,0
4462,0.02231,0.3755311369895935,0
4463,0.022315,0.39245420694351196,0
4464,0.02232,0.3763369917869568,0
4465,0.022325,0.3868131935596466,0
4466,0.02233,0.3843955993652344,0
4467,0.022335,0.3908424973487854,0
4468,0.02234,0.38197800517082214,0
4469,0.022345,0.3618314862251282,0
4470,0.02235,0.39245420694351196,0
4471,0.022355,0.37714284658432007,0
4472,0.02236,0.3763369917869568,0
4473,0.022365,0.36586079001426697,0
4474,0.02237,0.3569963276386261,0
4475,0.022375,0.3956776559352875,0
4476,0.02238,0.38600730895996094,0
4477,0.022385,0.37794870138168335,0
4478,0.02239,0.39970695972442627,0
4479,0.022395,0.3755311369895935,0
4480,0.0224,0.3715018332004547,0
4481,0.022405,0.39245420694351196,0
4482,0.02241,0.36989009380340576,0
4483,0.022415,0.3634432256221771,0
4484,0.02242,0.3868131935596466,0
4485,0.022425,0.3731135427951813,0
4486,0.02243,0.40051281452178955,0
4487,0.022435,0.3763369917869568,0
4488,0.02244,0.3940659165382385,0
4489,0.022445,0.3763369917869568,0
4490,0.02245,0.3916483521461487,0
4491,0.022455,0.39648351073265076,0
4492,0.02246,0.37391939759254456,0
4493,0.022465,0.3682783842086792,0
4494,0.02247,0.3803662955760956,0
4495,0.022475,0.3650549352169037,0
4496,0.02248,0.378754585981369,0
4497,0.022485,0.38197800517082214,0
4498,0.02249,0.38520145416259766,0
4499,0.022495,0.398901104927063,0
4500,0.0225,0.38520145416259766,0
4501,0.022505,0.36586079001426697,0
4502,0.02251,0.3876190483570099,0
4503,0.022515,0.3795604407787323,0
4504,0.02252,0.3795604407787323,0
4505,0.022525,0.3763369917869568,0
4506,0.02253,0.38923075795173645,0
4507,0.022535,0.3795604407787323,0
4508,0.02254,0.39970695972442627,0
4509,0.022545,0.37794870138168335,0
4510,0.02255,0.37794870138168335,0
4511,0.022555,0.39648351073265076,0
4512,0.02256,0.37794870138168335,0
4513,0.022565,0.3876190483570099,0
4514,0.02257,0.3868131935596466,0
4515,0.022575,0.4327472448348999,1
4516,0.02258,0.40131866931915283,1
4517,0.022585,0.4214651882648468,1
4518,0.02259,0.437582403421402,1
4519,0.022595,0.4246886372566223,0
4520,0.0226,0.3956776559352875,0
4521,0.022605,0.3940659165382385,0
4522,0.02261,0.38923075795173645,0
4523,0.022615,0.39970695972442627,0
4524,0.02262,0.3956776559352875,0
4525,0.022625,0.378754585981369,0
4526,0.02263,0.3715018332004547,0
4527,0.022635,0.3868131935596466,0
4528,0.02264,0.39245420694351196,0
4529,0.022645,0.37391939759254456,0
4530,0.02265,0.40131866931915283,0
4531,0.022655,0.3940659165382385,0
4532,0.02266,0.3956776559352875,0
4533,0.022665,0.39245420694351196,0
4534,0.02267,0.3731135427951813,0
4535,0.022675,0.372307687997818,0
4536,0.02268,0.38600730895996094,0
4537,0.022685,0.372307687997818,0
4538,0.02269,0.37391939759254456,0
4539,0.022695,0.3956776559352875,0
4540,0.0227,0.3876190483570099,0
4541,0.022705,0.3827838897705078,0
4542,0.02271,0.4021245241165161,0
4543,0.022715,0.37391939759254456,0
4544,0.02272,0.3916483521461487,0
4545,0.022725,0.39326006174087524,0
4546,0.02273,0.3827838897705078,0
4547,0.022735,0.3795604407787323,0
4548,0.02274,0.4101831316947937,0
4549,0.022745,0.3763369917869568,0
4550,0.02275,0.39245420694351196,0
4551,0.022755,0.40373626351356506,0
4552,0.02276,0.3747252821922302,0
4553,0.022765,0.39728936553001404,0
4554,0.02277,0.37714284658432007,0
4555,0.022775,0.3876190483570099,0
4556,0.02278,0.3956776559352875,0
4557,0.022785,0.39728936553001404,0
4558,0.02279,0.3876190483570099,0
4559,0.022795,0.3747252821922302,0
4560,0.0228,0.39970695972442627,0
4561,0.022805,0.39970695972442627,0
4562,0.02281,0.3908424973487854,0
4563,0.022815,0.3747252821922302,0
4564,0.02282,0.37391939759254456,0
4565,0.022825,0.398901104927063,0
4566,0.02283,0.38923075795173645,0
4567,0.022835,0.3650549352169037,0
4568,0.02284,0.39728936553001404,0
4569,0.022845,0.38197800517082214,0
4570,0.02285,0.3876190483570099,0
4571,0.022855,0.3747252821922302,0
4572,0.02286,0.37794870138168335,0
4573,0.022865,0.40051281452178955,0
4574,0.02287,0.3980952203273773,0
4575,0.022875,0.39245420694351196,0
4576,0.02288,0.3843955993652344,0
4577,0.022885,0.38600730895996094,0
4578,0.02289,0.3956776559352875,0
4579,0.022895,0.3827838897705078,0
4580,0.0229,0.39003661274909973,0
4581,0.022905,0.3956776559352875,0
4582,0.02291,0.40131866931915283,0
4583,0.022915,0.41179487109184265,0
4584,0.02292,0.3916483521461487,0
4585,0.022925,0.37794870138168335,0
4586,0.02293,0.39970695972442627,0
4587,0.022935,0.40776556730270386,0
4588,0.02294,0.3956776559352875,0
4589,0.022945,0.37391939759254456,0
4590,0.02295,0.40857142210006714,0
4591,0.022955,0.38600730895996094,0
4592,0.02296,0.3835897445678711,0
4593,0.022965,0.3868131935596466,0
4594,0.02297,0.37391939759254456,0
4595,0.022975,0.3843955993652344,0
4596,0.02298,0.3908424973487854,0
4597,0.022985,0.38520145416259766,0
4598,0.02299,0.38600730895996094,0
4599,0.022995,0.398901104927063,0
4600,0.023,0.378754585981369,0
4601,0.023005,0.3868131935596466,0
4602,0.02301,0.40131866931915283,0
4603,0.023015,0.3956776559352875,0
4604,0.02302,0.3755311369895935,0
4605,0.023025,0.3827838897705078,0
4606,0.02303,0.3795604407787323,0
4607,0.023035,0.38600730895996094,0
4608,0.02304,0.37391939759254456,0
4609,0.023045,0.38600730895996094,0
4610,0.02305,0.3827838897705078,0
4611,0.023055,0.3876190483570099,0
4612,0.02306,0.3956776559352875,0
4613,0.023065,0.40373626351356506,0
4614,0.02307,0.3763369917869568,0
4615,0.023075,0.398901104927063,0
4616,0.02308,0.3747252821922302,0
4617,0.023085,0.372307687997818,0
4618,0.02309,0.38923075795173645,0
4619,0.023095,0.4021245241165161,0
4620,0.0231,0.39970695972442627,0
4621,0.023105,0.3940659165382385,0
4622,0.02311,0.3948718011379242,0
4623,0.023115,0.3916483521461487,0
4624,0.02312,0.37391939759254456,0
4625,0.023125,0.3916483521461487,0
4626,0.02313,0.38923075795173645,0
4627,0.023135,0.372307687997818,0
4628,0.02314,0.3948718011379242,0
4629,0.023145,0.3980952203273773,0
4630,0.02315,0.3980952203273773,0
4631,0.023155,0.38923075795173645,0
4632,0.02316,0.39648351073265076,0
4633,0.023165,0.3763369917869568,0
4634,0.02317,0.3747252821922302,0
4635,0.023175,0.37069597840309143,0
4636,0.02318,0.4246886372566223,0
4637,0.023185,0.38923075795173645,0
4638,0.02319,0.3747252821922302,0
4639,0.023195,0.3731135427951813,0
4640,0.0232,0.3763369917869568,0
4641,0.023205,0.3747252821922302,0
4642,0.02321,0.38197800517082214,0
4643,0.023215,0.3843955993652344,0
4644,0.02322,0.3868131935596466,0
4645,0.023225,0.4101831316947937,0
4646,0.02323,0.4029304087162018,0
4647,0.023235,0.3956776559352875,0
4648,0.02324,0.3868131935596466,0
4649,0.023245,0.38842490315437317,0
4650,0.02325,0.3843955993652344,0
4651,0.023255,0.37714284658432007,0
4652,0.02326,0.38600730895996094,0
4653,0.023265,0.3916483521461487,0
4654,0.02327,0.3747252821922302,0
4655,0.023275,0.39245420694351196,0
4656,0.02328,0.398901104927063,0
4657,0.023285,0.3868131935596466,0
4658,0.02329,0.38117215037345886,0
4659,0.023295,0.39245420694351196,0
4660,0.0233,0.39648351073265076,0
4661,0.023305,0.3795604407787323,0
4662,0.02331,0.40051281452178955,0
4663,0.023315,0.38842490315437317,0
4664,0.02332,0.38600730895996094,0
4665,0.023325,0.3940659165382385,0
4666,0.02333,0.38117215037345886,0
4667,0.023335,0.3940659165382385,0
4668,0.02334,0.39970695972442627,0
4669,0.023345,0.38520145416259766,0
4670,0.02335,0.38197800517082214,0
4671,0.023355,0.3843955993652344,0
4672,0.02336,0.4029304087162018,0
4673,0.023365,0.37794870138168335,0
4674,0.02337,0.3980952203273773,0
4675,0.023375,0.37391939759254456,0
4676,0.02338,0.37714284658432007,0
4677,0.023385,0.3876190483570099,0
4678,0.02339,0.3795604407787323,0
4679,0.023395,0.3731135427951813,0
4680,0.0234,0.3940659165382385,0
4681,0.023405,0.3916483521461487,0
4682,0.02341,0.38117215037345886,0
4683,0.023415,0.39003661274909973,0
4684,0.02342,0.39245420694351196,0
4685,0.023425,0.3827838897705078,0
4686,0.02343,0.39245420694351196,0
4687,0.023435,0.3948718011379242,0
4688,0.02344,0.3763369917869568,0
4689,0.023445,0.38842490315437317,0
4690,0.02345,0.39970695972442627,0
4691,0.023455,0.3916483521461487,0
4692,0.02346,0.3795604407787323,0
4693,0.023465,0.3980952203273773,0
4694,0.02347,0.3795604407787323,0
4695,0.023475,0.3795604407787323,0
4696,0.02348,0.3940659165382385,0
4697,0.023485,0.3940659165382385,0
4698,0.02349,0.398901104927063,0
4699,0.023495,0.3956776559352875,0
4700,0.0235,0.3803662955760956,0
4701,0.023505,0.38923075795173645,0
4702,0.02351,0.3795604407787323,0
4703,0.023515,0.3940659165382385,0
4704,0.02352,0.3827838897705078,0
4705,0.023525,0.3763369917869568,0
4706,0.02353,0.3731135427951813,0
4707,0.023535,0.39728936553001404,0
4708,0.02354,0.378754585981369,0
4709,0.023545,0.3908424973487854,0
4710,0.02355,0.39003661274909973,0
4711,0.023555,0.378754585981369,0
4712,0.02356,0.3980952203273773,0
4713,0.023565,0.3908424973487854,0
4714,0.02357,0.3948718011379242,0
4715,0.023575,0.4069597125053406,0
4716,0.02358,0.40131866931915283,0
4717,0.023585,0.38117215037345886,0
4718,0.02359,0.40373626351356506,0
4719,0.023595,0.3682783842086792,0
4720,0.0236,0.38600730895996094,0
4721,0.023605,0.3827838897705078,0
4722,0.02361,0.3795604407787323,0
4723,0.023615,0.39245420694351196,0
4724,0.02362,0.398901104927063,0
4725,0.023625,0.3610256314277649,0
4726,0.02363,0.3916483521461487,0
4727,0.023635,0.3876190483570099,0
4728,0.02364,0.3795604407787323,0
4729,0.023645,0.378754585981369,0
4730,0.02365,0.3835897445678711,0
4731,0.023655,0.3755311369895935,0
4732,0.02366,0.3916483521461487,0
4733,0.023665,0.378754585981369,0
4734,0.02367,0.3956776559352875,0
4735,0.023675,0.3868131935596466,0
4736,0.02368,0.38842490315437317,0
4737,0.023685,0.39970695972442627,0
4738,0.02369,0.3916483521461487,0
4739,0.023695,0.39970695972442627,0
4740,0.0237,0.398901104927063,0
4741,0.023705,0.38197800517082214,0
4742,0.02371,0.3843955993652344,0
4743,0.023715,0.3868131935596466,0
4744,0.02372,0.3876190483570099,0
4745,0.023725,0.378754585981369,0
4746,0.02373,0.3731135427951813,0
4747,0.023735,0.38923075795173645,0
4748,0.02374,0.3916483521461487,0
4749,0.023745,0.3763369917869568,0
4750,0.02375,0.3763369917869568,0
4751,0.023755,0.39970695972442627,0
4752,0.02376,0.3763369917869568,0
4753,0.023765,0.398901104927063,0
4754,0.02377,0.3916483521461487,0
4755,0.023775,0.36666667461395264,0
4756,0.02378,0.378754585981369,0
4757,0.023785,0.3868131935596466,0
4758,0.02379,0.4021245241165161,0
4759,0.023795,0.3795604407787323,0
4760,0.0238,0.3561904728412628,0
4761,0.023805,0.3763369917869568,0
4762,0.02381,0.39970695972442627,0
4763,0.023815,0.36263737082481384,0
4764,0.02382,0.3763369917869568,0
4765,0.023825,0.39245420694351196,0
4766,0.02383,0.39728936553001404,0
4767,0.023835,0.3835897445678711,0
4768,0.02384,0.3980952203273773,0
4769,0.023845,0.37794870138168335,0
4770,0.02385,0.38600730895996094,0
4771,0.023855,0.38600730895996094,0
4772,0.02386,0.38197800517082214,0
4773,0.023865,0.37069597840309143,0
4774,0.02387,0.3940659165382385,0
4775,0.023875,0.3731135427951813,0
4776,0.02388,0.3940659165382385,0
4777,0.023885,0.41179487109184265,0
4778,0.02389,0.38923075795173645,0
4779,0.023895,0.3876190483570099,0
4780,0.0239,0.38197800517082214,0
4781,0.023905,0.3747252821922302,0
4782,0.02391,0.38520145416259766,0
4783,0.023915,0.3948718011379242,0
4784,0.02392,0.4021245241165161,0
4785,0.023925,0.3876190483570099,0
4786,0.02393,0.3618314862251282,0
4787,0.023935,0.3956776559352875,0
4788,0.02394,0.41179487109184265,0
4789,0.023945,0.39003661274909973,0
4790,0.02395,0.3795604407787323,0
4791,0.023955,0.38923075795173645,0
4792,0.02396,0.39970695972442627,0
4793,0.023965,0.378754585981369,0
4794,0.02397,0.38520145416259766,0
4795,0.023975,0.3755311369895935,0
4796,0.02398,0.3876190483570099,0
4797,0.023985,0.3948718011379242,0
4798,0.02399,0.37794870138168335,0
4799,0.023995,0.3747252821922302,0
4800,0.024,0.3868131935596466,0
4801,0.024005,0.3795604407787323,0
4802,0.02401,0.372307687997818,0
4803,0.024015,0.3948718011379242,0
4804,0.02402,0.378754585981369,0
4805,0.024025,0.3868131935596466,0
4806,0.02403,0.3876190483570099,0
4807,0.024035,0.39728936553001404,0
4808,0.02404,0.40373626351356506,0
4809,0.024045,0.38923075795173645,0
4810,0.02405,0.3916483521461487,0
4811,0.024055,0.38117215037345886,0
4812,0.02406,0.38520145416259766,0
4813,0.024065,0.38197800517082214,0
4814,0.02407,0.3827838897705078,0
4815,0.024075,0.3827838897705078,0
4816,0.02408,0.37391939759254456,0
4817,0.024085,0.40051281452178955,0
4818,0.02409,0.38520145416259766,0
4819,0.024095,0.38600730895996094,0
4820,0.0241,0.3956776559352875,0
4821,0.024105,0.38923075795173645,0
4822,0.02411,0.3763369917869568,0
4823,0.024115,0.3908424973487854,0
4824,0.02412,0.3755311369895935,0
4825,0.024125,0.41098901629447937,0
4826,0.02413,0.3795604407787323,0
4827,0.024135,0.38117215037345886,0
4828,0.02414,0.38197800517082214,0
4829,0.024145,0.38117215037345886,0
4830,0.02415,0.378754585981369,0
4831,0.024155,0.3610256314277649,0
4832,0.02416,0.3843955993652344,0
4833,0.024165,0.378754585981369,0
4834,0.02417,0.4214651882648468,1
4835,0.024175,0.4246886372566223,1
4836,0.02418,0.42307692766189575,1
4837,0.024185,0.42388278245925903,1
4838,0.02419,0.41179487109184265,1
4839,0.024195,0.36263737082481384,0
4840,0.0242,0.40776556730270386,0
4841,0.024205,0.3843955993652344,0
4842,0.02421,0.38923075795173645,0
4843,0.024215,0.3956776559352875,0
4844,0.02422,0.38117215037345886,0
4845,0.024225,0.39970695972442627,0
4846,0.02423,0.3682783842086792,0
4847,0.024235,0.3940659165382385,0
4848,0.02424,0.37391939759254456,0
4849,0.024245,0.37391939759254456,0
4850,0.02425,0.39326006174087524,0
4851,0.024255,0.39728936553001404,0
4852,0.02426,0.39648351073265076,0
4853,0.024265,0.39245420694351196,0
4854,0.02427,0.38600730895996094,0
4855,0.024275,0.38197800517082214,0
4856,0.02428,0.3868131935596466,0
4857,0.024285,0.36586079001426697,0
4858,0.02429,0.3843955993652344,0
4859,0.024295,0.39245420694351196,0
4860,0.0243,0.3940659165382385,0
4861,0.024305,0.3763369917869568,0
4862,0.02431,0.37391939759254456,0
4863,0.024315,0.3876190483570099,0
4864,0.02432,0.39970695972442627,0
4865,0.024325,0.38923075795173645,0
4866,0.02433,0.378754585981369,0
4867,0.024335,0.3827838897705078,0
4868,0.02434,0.37794870138168335,0
4869,0.024345,0.38520145416259766,0
4870,0.02435,0.3795604407787323,0
4871,0.024355,0.3868131935596466,0
4872,0.02436,0.3755311369895935,0
4873,0.024365,0.39003661274909973,0
4874,0.02437,0.38842490315437317,0
4875,0.024375,0.39245420694351196,0
4876,0.02438,0.3827838897705078,0
4877,0.024385,0.39245420694351196,0
4878,0.02439,0.37391939759254456,0
4879,0.024395,0.3731135427951813,0
4880,0.0244,0.3948718011379242,0
4881,0.024405,0.3916483521461487,0
4882,0.02441,0.4053479731082916,0
4883,0.024415,0.40131866931915283,0
4884,0.02442,0.38842490315437317,0
4885,0.024425,0.3948718011379242,0
4886,0.02443,0.38520145416259766,0
4887,0.024435,0.38842490315437317,0
4888,0.02444,0.4029304087162018,0
4889,0.024445,0.4069597125053406,0
4890,0.02445,0.3755311369895935,0
4891,0.024455,0.3835897445678711,0
4892,0.02446,0.38520145416259766,0
4893,0.024465,0.39728936553001404,0
4894,0.02447,0.39728936553001404,0
4895,0.024475,0.3916483521461487,0
4896,0.02448,0.3795604407787323,0
4897,0.024485,0.3876190483570099,0
4898,0.02449,0.3843955993652344,0
4899,0.024495,0.3755311369895935,0
4900,0.0245,0.38842490315437317,0
4901,0.024505,0.38842490315437317,0
4902,0.02451,0.3835897445678711,0
4903,0.024515,0.3763369917869568,0
4904,0.02452,0.3980952203273773,0
4905,0.024525,0.3956776559352875,0
4906,0.02453,0.3980952203273773,0
4907,0.024535,0.3940659165382385,0
4908,0.02454,0.37391939759254456,0
4909,0.024545,0.3908424973487854,0
4910,0.02455,0.40051281452178955,0
4911,0.024555,0.3980952203273773,0
4912,0.02456,0.38842490315437317,0
4913,0.024565,0.3876190483570099,0
4914,0.02457,0.4021245241165161,0
4915,0.024575,0.3948718011379242,0
4916,0.02458,0.3956776559352875,0
4917,0.024585,0.3835897445678711,0
4918,0.02459,0.39728936553001404,0
4919,0.024595,0.38923075795173645,0
4920,0.0246,0.40051281452178955,0
4921,0.024605,0.40051281452178955,0
4922,0.02461,0.3916483521461487,0
4923,0.024615,0.3747252821922302,0
4924,0.02462,0.39245420694351196,0
4925,0.024625,0.3876190483570099,0
4926,0.02463,0.4053479731082916,0
4927,0.024635,0.39245420694351196,0
4928,0.02464,0.378754585981369,0
4929,0.024645,0.3868131935596466,0
4930,0.02465,0.39326006174087524,0
4931,0.024655,0.38842490315437317,0
4932,0.02466,0.3956776559352875,0
4933,0.024665,0.3755311369895935,0
4934,0.02467,0.3868131935596466,0
4935,0.024675,0.3843955993652344,0
4936,0.02468,0.38923075795173645,0
4937,0.024685,0.3948718011379242,0
4938,0.02469,0.3876190483570099,0
4939,0.024695,0.40454211831092834,0
4940,0.0247,0.39970695972442627,0
4941,0.024705,0.39970695972442627,0
4942,0.02471,0.3948718011379242,0
4943,0.024715,0.3868131935596466,0
4944,0.02472,0.3908424973487854,0
4945,0.024725,0.3843955993652344,0
4946,0.02473,0.37391939759254456,0
4947,0.024735,0.3868131935596466,0
4948,0.02474,0.39245420694351196,0
4949,0.024745,0.38923075795173645,0
4950,0.02475,0.38842490315437317,0
4951,0.024755,0.3835897445678711,0
4952,0.02476,0.38842490315437317,0
4953,0.024765,0.3843955993652344,0
4954,0.02477,0.38600730895996094,0
4955,0.024775,0.38842490315437317,0
4956,0.02478,0.3835897445678711,0
4957,0.024785,0.37391939759254456,0
4958,0.02479,0.3795604407787323,0
4959,0.024795,0.3908424973487854,0
4960,0.0248,0.3843955993652344,0
4961,0.024805,0.3908424973487854,0
4962,0.02481,0.37391939759254456,0
4963,0.024815,0.3980952203273773,0
4964,0.02482,0.38520145416259766,0
4965,0.024825,0.398901104927063,0
4966,0.02483,0.39970695972442627,0
4967,0.024835,0.3795604407787323,0
4968,0.02484,0.39970695972442627,0
4969,0.024845,0.37391939759254456,0
4970,0.02485,0.39326006174087524,0
4971,0.024855,0.38842490315437317,0
4972,0.02486,0.37391939759254456,0
4973,0.024865,0.37069597840309143,0
4974,0.02487,0.39728936553001404,0
4975,0.024875,0.39970695972442627,0
4976,0.02488,0.3755311369895935,0
4977,0.024885,0.3980952203273773,0
4978,0.02489,0.38197800517082214,0
4979,0.024895,0.3948718011379242,0
4980,0.0249,0.3731135427951813,0
4981,0.024905,0.37391939759254456,0
4982,0.02491,0.39648351073265076,0
4983,0.024915,0.37391939759254456,0
4984,0.02492,0.3948718011379242,0
4985,0.024925,0.39003661274909973,0
4986,0.02493,0.3827838897705078,0
4987,0.024935,0.4069597125053406,0
4988,0.02494,0.39648351073265076,0
4989,0.024945,0.38117215037345886,0
4990,0.02495,0.3642490804195404,0
4991,0.024955,0.372307687997818,0
4992,0.02496,0.3868131935596466,0
4993,0.024965,0.3795604407787323,0
4994,0.02497,0.40131866931915283,0
4995,0.024975,0.3835897445678711,0
4996,0.02498,0.3795604407787323,0
4997,0.024985,0.3763369917869568,0
4998,0.02499,0.38923075795173645,0
4999,0.024995,0.3731135427951813,0
5000,0.025,0.38520145416259766,0
5001,0.025005,0.3940659165382385,0
5002,0.02501,0.37794870138168335,0
5003,0.025015,0.3835897445678711,0
5004,0.02502,0.3827838897705078,0
5005,0.025025,0.3868131935596466,0
5006,0.02503,0.3868131935596466,0
5007,0.025035,0.3908424973487854,0
5008,0.02504,0.3634432256221771,0
5009,0.025045,0.38117215037345886,0
5010,0.02505,0.3956776559352875,0
5011,0.025055,0.3956776559352875,0
5012,0.02506,0.3948718011379242,0
5013,0.025065,0.38117215037345886,0
5014,0.02507,0.39970695972442627,0
5015,0.025075,0.3948718011379242,0
5016,0.02508,0.3755311369895935,0
5017,0.025085,0.37391939759254456,0
5018,0.02509,0.3948718011379242,0
5019,0.025095,0.398901104927063,0
5020,0.0251,0.4093772768974304,0
5021,0.025105,0.39970695972442627,0
5022,0.02511,0.37714284658432007,0
5023,0.025115,0.3827838897705078,0
5024,0.02512,0.4053479731082916,0
5025,0.025125,0.3827838897705078,0
5026,0.02513,0.39326006174087524,0
5027,0.025135,0.39970695972442627,0
5028,0.02514,0.38842490315437317,0
5029,0.025145,0.4053479731082916,0
5030,0.02515,0.3795604407787323,0
5031,0.025155,0.3795604407787323,0
5032,0.02516,0.3827838897705078,0
5033,0.025165,0.37794870138168335,0
5034,0.02517,0.39728936553001404,0
5035,0.025175,0.3868131935596466,0
5036,0.02518,0.3908424973487854,0
5037,0.025185,0.3827838897705078,0
5038,0.02519,0.38197800517082214,0
5039,0.025195,0.3940659165382385,0
5040,0.0252,0.37391939759254456,0
5041,0.025205,0.38842490315437317,0
5042,0.02521,0.36666667461395264,0
5043,0.025215,0.40373626351356506,0
5044,0.02522,0.39970695972442627,0
5045,0.025225,0.41179487109184265,0
5046,0.02523,0.372307687997818,0
5047,0.025235,0.38117215037345886,0
5048,0.02524,0.38842490315437317,0
5049,0.025245,0.39970695972442627,0
5050,0.02525,0.3876190483570099,0
5051,0.025255,0.3876190483570099,0
5052,0.02526,0.3747252821922302,0
5053,0.025265,0.40373626351356506,0
5054,0.02527,0.3908424973487854,0
5055,0.025275,0.3827838897705078,0
5056,0.02528,0.3916483521461487,0
5057,0.025285,0.3948718011379242,0
5058,0.02529,0.4021245241165161,0
5059,0.025295,0.39970695972442627,0
5060,0.0253,0.39648351073265076,0
5061,0.025305,0.38197800517082214,0
5062,0.02531,0.38197800517082214,0
5063,0.025315,0.3835897445678711,0
5064,0.02532,0.3795604407787323,0
5065,0.025325,0.3980952203273773,0
5066,0.02533,0.3795604407787323,0
5067,0.025335,0.40373626351356506,0
5068,0.02534,0.4029304087162018,0
5069,0.025345,0.3868131935596466,0
5070,0.02535,0.38923075795173645,0
5071,0.025355,0.39728936553001404,0
5072,0.02536,0.3940659165382385,0
5073,0.025365,0.3876190483570099,0
5074,0.02537,0.39245420694351196,0
5075,0.025375,0.444029301404953,1
5076,0.02538,0.42307692766189575,1
5077,0.025385,0.42388278245925903,1
5078,0.02539,0.40776556730270386,1
5079,0.025395,0.437582403421402,1
5080,0.0254,0.398901104927063,0
5081,0.025405,0.39970695972442627,0
5082,0.02541,0.3763369917869568,0
5083,0.025415,0.3827838897705078,0
5084,0.02542,0.38842490315437317,0
5085,0.025425,0.41098901629447937,0
5086,0.02543,0.3690842390060425,0
5087,0.025435,0.38923075795173645,0
5088,0.02544,0.3948718011379242,0
5089,0.025445,0.37391939759254456,0
5090,0.02545,0.38197800517082214,0
5091,0.025455,0.3755311369895935,0
5092,0.02546,0.378754585981369,0
5093,0.025465,0.38600730895996094,0
5094,0.02547,0.39648351073265076,0
5095,0.025475,0.3803662955760956,0
5096,0.02548,0.3876190483570099,0
5097,0.025485,0.39970695972442627,0
5098,0.02549,0.38600730895996094,0
5099,0.025495,0.3908424973487854,0
5100,0.0255,0.38923075795173645,0
5101,0.025505,0.3868131935596466,0
5102,0.02551,0.3908424973487854,0
5103,0.025515,0.3908424973487854,0
5104,0.02552,0.37794870138168335,0
5105,0.025525,0.3876190483570099,0
5106,0.02553,0.3682783842086792,0
5107,0.025535,0.37391939759254456,0
5108,0.02554,0.39728936553001404,0
5109,0.025545,0.37391939759254456,0
5110,0.02555,0.3908424973487854,0
5111,0.025555,0.39245420694351196,0
5112,0.02556,0.38520145416259766,0
5113,0.025565,0.3980952203273773,0
5114,0.02557,0.40131866931915283,0
5115,0.025575,0.37391939759254456,0
5116,0.02558,0.3956776559352875,0
5117,0.025585,0.378754585981369,0
5118,0.02559,0.3715018332004547,0
5119,0.025595,0.3980952203273773,0
5120,0.0256,0.38600730895996094,0
5121,0.025605,0.37714284658432007,0
5122,0.02561,0.3827838897705078,0
5123,0.025615,0.37391939759254456,0
5124,0.02562,0.398901104927063,0
5125,0.025625,0.37794870138168335,0
5126,0.02563,0.3843955993652344,0
5127,0.025635,0.37794870138168335,0
5128,0.02564,0.38923075795173645,0
5129,0.025645,0.4069597125053406,0
5130,0.02565,0.38600730895996094,0
5131,0.025655,0.38520145416259766,0
5132,0.02566,0.3795604407787323,0
5133,0.025665,0.3747252821922302,0
5134,0.02567,0.38117215037345886,0
5135,0.025675,0.39970695972442627,0
5136,0.02568,0.3827838897705078,0
5137,0.025685,0.38197800517082214,0
5138,0.02569,0.38117215037345886,0
5139,0.025695,0.3908424973487854,0
5140,0.0257,0.37391939759254456,0
5141,0.025705,0.3682783842086792,0
5142,0.02571,0.38600730895996094,0
5143,0.025715,0.3916483521461487,0
5144,0.02572,0.3795604407787323,0
5145,0.025725,0.38117215037345886,0
5146,0.02573,0.3980952203273773,0
5147,0.025735,0.38197800517082214,0
5148,0.02574,0.3827838897705078,0
5149,0.025745,0.39970695972442627,0
5150,0.02575,0.3980952203273773,0
5151,0.025755,0.39326006174087524,0
5152,0.02576,0.37391939759254456,0
5153,0.025765,0.3876190483570099,0
5154,0.02577,0.3940659165382385,0
5155,0.025775,0.4254944920539856,0
5156,0.02578,0.39970695972442627,0
5157,0.025785,0.39003661274909973,0
5158,0.02579,0.38842490315437317,0
5159,0.025795,0.3876190483570099,0
5160,0.0258,0.39648351073265076,0
5161,0.025805,0.40776556730270386,0
5162,0.02581,0.3956776559352875,0
5163,0.025815,0.38600730895996094,0
5164,0.02582,0.37714284658432007,0
5165,0.025825,0.37391939759254456,0
5166,0.02583,0.3795604407787323,0
5167,0.025835,0.35860806703567505,0
5168,0.02584,0.37391939759254456,0
5169,0.025845,0.372307687997818,0
5170,0.02585,0.3827838897705078,0
5171,0.025855,0.3795604407787323,0
5172,0.02586,0.38520145416259766,0
5173,0.025865,0.39648351073265076,0
5174,0.02587,0.38842490315437317,0
5175,0.025875,0.38197800517082214,0
5176,0.02588,0.3763369917869568,0
5177,0.025885,0.39648351073265076,0
5178,0.02589,0.3948718011379242,0
5179,0.025895,0.4093772768974304,0
5180,0.0259,0.3948718011379242,0
5181,0.025905,0.3876190483570099,0
5182,0.02591,0.38197800517082214,0
5183,0.025915,0.38117215037345886,0
5184,0.02592,0.39970695972442627,0
5185,0.025925,0.38197800517082214,0
5186,0.02593,0.39648351073265076,0
5187,0.025935,0.39970695972442627,0
5188,0.02594,0.3908424973487854,0
5189,0.025945,0.38520145416259766,0
5190,0.02595,0.38842490315437317,0
5191,0.025955,0.3948718011379242,0
5192,0.02596,0.39970695972442627,0
5193,0.025965,0.3843955993652344,0
5194,0.02597,0.3908424973487854,0
5195,0.025975,0.40051281452178955,0
5196,0.02598,0.378754585981369,0
5197,0.025985,0.3908424973487854,0
5198,0.02599,0.38923075795173645,0
5199,0.025995,0.37391939759254456,0
5200,0.026,0.39648351073265076,0
5201,0.026005,0.39245420694351196,0
5202,0.02601,0.39245420694351196,0
5203,0.026015,0.38600730895996094,0
5204,0.02602,0.37391939759254456,0
5205,0.026025,0.38842490315437317,0
5206,0.02603,0.38520145416259766,0
5207,0.026035,0.37714284658432007,0
5208,0.02604,0.3843955993652344,0
5209,0.026045,0.3940659165382385,0
5210,0.02605,0.4053479731082916,0
5211,0.026055,0.41179487109184265,0
5212,0.02606,0.38197800517082214,0
5213,0.026065,0.39245420694351196,0
5214,0.02607,0.3956776559352875,0
5215,0.026075,0.3948718011379242,0
5216,0.02608,0.38600730895996094,0
5217,0.026085,0.37794870138168335,0
5218,0.02609,0.3876190483570099,0
5219,0.026095,0.3948718011379242,0
5220,0.0261,0.37391939759254456,0
5221,0.026105,0.3602197766304016,0
5222,0.02611,0.3956776559352875,0
5223,0.026115,0.39648351073265076,0
5224,0.02612,0.37391939759254456,0
5225,0.026125,0.378754585981369,0
5226,0.02613,0.398901104927063,0
5227,0.026135,0.3795604407787323,0
